create user taller with password 'taller';
--ALTER ROLE taller WITH SUPERUSER;

CREATE DATABASE "gp3.1" with owner taller;

GRANT ALL PRIVILEGES ON DATABASE "gp3.1" to taller;
\c "gp3.1"
CREATE SCHEMA "residuospeligrosos" AUTHORIZATION taller;
--set search_path to "residuospeligrosos";
ALTER USER taller SET search_path TO residuospeligrosos, public;
CREATE TABLE "residuospeligrosos"."BancoPreguntas" (
    "idBancoPregunta" integer NOT NULL,
    "Pregunta" character(400) NOT NULL
);

ALTER TABLE "residuospeligrosos"."BancoPreguntas" OWNER TO taller;


CREATE TABLE "residuospeligrosos"."Cantones" (
    "idCantones" integer NOT NULL,
    "Canton" character(45) NOT NULL,
    "Codigo" character(10) NOT NULL,
    "idProvincia" integer NOT NULL
);

ALTER TABLE "residuospeligrosos"."Cantones" OWNER TO taller;


CREATE TABLE "residuospeligrosos"."ClasesEstablecimiento" (
    "idClases" integer NOT NULL,
    "Clase" character(60) NOT NULL
);

ALTER TABLE "residuospeligrosos"."ClasesEstablecimiento" OWNER TO taller;


CREATE TABLE "residuospeligrosos"."ClasesTiposEs" (
    "idClaseTipo" integer NOT NULL,
    "idClase" integer NOT NULL,
    "idTipo" integer NOT NULL
);

ALTER TABLE "residuospeligrosos"."ClasesTiposEs" OWNER TO taller;


CREATE TABLE "residuospeligrosos"."Cuestionario" (
    "idEncuesta" integer NOT NULL,
    "Encuesta" character(10) NOT NULL,
    "Anio" integer NOT NULL
);

ALTER TABLE "residuospeligrosos"."Cuestionario" OWNER TO taller;


CREATE TABLE "residuospeligrosos"."EntidadEstablecimiento" (
    "idEntidad" integer NOT NULL,
    "Entidad" character(50) NOT NULL
);

ALTER TABLE "residuospeligrosos"."EntidadEstablecimiento" OWNER TO taller;


CREATE TABLE "residuospeligrosos"."EntidadSectorEs" (
    "idEntidadSector" integer NOT NULL,
    "idEntidad" integer NOT NULL,
    "idSector" integer NOT NULL
);

ALTER TABLE "residuospeligrosos"."EntidadSectorEs" OWNER TO taller;


CREATE TABLE "residuospeligrosos"."ParroquiaSalud" (
    "idParroquiaSalud" integer NOT NULL,
    "idParroquia" integer NOT NULL,
    "idSalud" integer NOT NULL
);

ALTER TABLE "residuospeligrosos"."ParroquiaSalud" OWNER TO taller;


CREATE TABLE "residuospeligrosos"."Parroquias" (
    "idParroquias" integer NOT NULL,
    "Parroquia" character(70) NOT NULL,
    "idCanton" integer NOT NULL
);

ALTER TABLE "residuospeligrosos"."Parroquias" OWNER TO taller;


CREATE TABLE "residuospeligrosos"."PreguntaCuestionario" (
    "idPreguntaCuestionario" integer NOT NULL,
    "idBancoPregunta" integer NOT NULL,
    "idCuestionario" integer NOT NULL
);

ALTER TABLE "residuospeligrosos"."PreguntaCuestionario" OWNER TO taller;


CREATE TABLE "residuospeligrosos"."Provincias" (
    "idProvincias" integer NOT NULL,
    "Provincia" character(45),
    "CodigoProvincia" character(9),
    "LongitudProvincia" character(15) NOT NULL,
    "LatitudProvincia" character(15) NOT NULL,
    "idRegion" integer
);

ALTER TABLE "residuospeligrosos"."Provincias" OWNER TO taller;


CREATE TABLE "residuospeligrosos"."Regiones" (
    "idRegiones" integer NOT NULL,
    "Region" character(30)
);

ALTER TABLE "residuospeligrosos"."Regiones" OWNER TO taller;


CREATE TABLE "residuospeligrosos"."RespuestaPregunta" (
    "idRespuesta" integer NOT NULL,
    "idPreguntaEncuesta" integer,
    "idSalud" integer NOT NULL,
    "Respuesta" integer NOT NULL
);

ALTER TABLE "residuospeligrosos"."RespuestaPregunta" OWNER TO taller;


CREATE TABLE "residuospeligrosos"."Salud" (
    "idSalud" integer NOT NULL,
    "idClasesTipos" integer NOT NULL,
    "idEntidadSector" integer NOT NULL
);

ALTER TABLE "residuospeligrosos"."Salud" OWNER TO taller;


CREATE TABLE "residuospeligrosos"."SectorEstablecimiento" (
    "idSector" integer NOT NULL,
    "Sector" character(40) NOT NULL
);

ALTER TABLE "residuospeligrosos"."SectorEstablecimiento" OWNER TO taller;


CREATE TABLE "residuospeligrosos"."TipoEstablecimiento" (
    "idTipo" integer NOT NULL,
    "Tipo" character(40) NOT NULL
);

ALTER TABLE "residuospeligrosos"."TipoEstablecimiento" OWNER TO taller;

ALTER TABLE "residuospeligrosos"."BancoPreguntas"
    ADD CONSTRAINT "BancoPreguntas_pkey" PRIMARY KEY ("idBancoPregunta");

ALTER TABLE "residuospeligrosos"."Cantones"
    ADD CONSTRAINT "Cantones_pkey" PRIMARY KEY ("idCantones");

ALTER TABLE "residuospeligrosos"."ClasesEstablecimiento"
    ADD CONSTRAINT "ClasesEstablecimiento_pkey" PRIMARY KEY ("idClases");

ALTER TABLE "residuospeligrosos"."ClasesTiposEs"
    ADD CONSTRAINT "ClasesTiposEs_pkey" PRIMARY KEY ("idClaseTipo");

ALTER TABLE "residuospeligrosos"."Cuestionario"
    ADD CONSTRAINT "Cuestionario_pkey" PRIMARY KEY ("idEncuesta");

ALTER TABLE "residuospeligrosos"."EntidadEstablecimiento"
    ADD CONSTRAINT "EntidadEstablecimiento_pkey" PRIMARY KEY ("idEntidad");

ALTER TABLE "residuospeligrosos"."EntidadSectorEs"
    ADD CONSTRAINT "EntodadSectorEs_pkey" PRIMARY KEY ("idEntidadSector");

ALTER TABLE "residuospeligrosos"."ParroquiaSalud"
    ADD CONSTRAINT "ParroquiaSalud_pkey" PRIMARY KEY ("idParroquiaSalud");

ALTER TABLE "residuospeligrosos"."Parroquias"
    ADD CONSTRAINT "Parroquias_pkey" PRIMARY KEY ("idParroquias");

ALTER TABLE "residuospeligrosos"."PreguntaCuestionario"
    ADD CONSTRAINT "PreguntaCuestionario_pkey" PRIMARY KEY ("idPreguntaCuestionario");

ALTER TABLE "residuospeligrosos"."Provincias"
    ADD CONSTRAINT "Provincias_pkey" PRIMARY KEY ("idProvincias");

ALTER TABLE "residuospeligrosos"."Regiones"
    ADD CONSTRAINT "Regiones_pkey" PRIMARY KEY ("idRegiones");

ALTER TABLE "residuospeligrosos"."RespuestaPregunta"
    ADD CONSTRAINT "Respuesta_pkey" PRIMARY KEY ("idRespuesta");

ALTER TABLE "residuospeligrosos"."Salud"
    ADD CONSTRAINT "Salud_pkey" PRIMARY KEY ("idSalud");

ALTER TABLE "residuospeligrosos"."SectorEstablecimiento"
    ADD CONSTRAINT "SectorEstablecimiento_pkey" PRIMARY KEY ("idSector");

ALTER TABLE "residuospeligrosos"."TipoEstablecimiento"
    ADD CONSTRAINT "TipoEstablecimiento_pkey" PRIMARY KEY ("idTipo");

ALTER TABLE "residuospeligrosos"."Cantones"
    ADD CONSTRAINT "Cantones_idProvincia_fkey" FOREIGN KEY ("idProvincia") REFERENCES "residuospeligrosos"."Provincias"("idProvincias");

ALTER TABLE "residuospeligrosos"."ClasesTiposEs"
    ADD CONSTRAINT "ClasesTiposEs_idClase_fkey" FOREIGN KEY ("idClase") REFERENCES "residuospeligrosos"."ClasesEstablecimiento"("idClases");

ALTER TABLE "residuospeligrosos"."ClasesTiposEs"
    ADD CONSTRAINT "ClasesTiposEs_idTipo_fkey" FOREIGN KEY ("idTipo") REFERENCES "residuospeligrosos"."TipoEstablecimiento"("idTipo");

ALTER TABLE "residuospeligrosos"."EntidadSectorEs"
    ADD CONSTRAINT "EntidadSectorEs_idEntidad_fkey" FOREIGN KEY ("idEntidad") REFERENCES "residuospeligrosos"."EntidadEstablecimiento"("idEntidad");

ALTER TABLE "residuospeligrosos"."EntidadSectorEs"
    ADD CONSTRAINT "EntidadSectorEs_idSector_fkey" FOREIGN KEY ("idSector") REFERENCES "residuospeligrosos"."SectorEstablecimiento"("idSector");

ALTER TABLE "residuospeligrosos"."ParroquiaSalud"
    ADD CONSTRAINT "ParroquiaSalud_idParroquia_fkey" FOREIGN KEY ("idParroquia") REFERENCES "residuospeligrosos"."Parroquias"("idParroquias");

ALTER TABLE "residuospeligrosos"."ParroquiaSalud"
    ADD CONSTRAINT "ParroquiaSalud_idSalud_fkey" FOREIGN KEY ("idSalud") REFERENCES "residuospeligrosos"."Salud"("idSalud");

ALTER TABLE "residuospeligrosos"."Parroquias"
    ADD CONSTRAINT "Parroquias_idCanton_fkey" FOREIGN KEY ("idCanton") REFERENCES "residuospeligrosos"."Cantones"("idCantones");

ALTER TABLE "residuospeligrosos"."PreguntaCuestionario"
    ADD CONSTRAINT "PreguntaCuestionario_idBancoPregunta_fkey" FOREIGN KEY ("idBancoPregunta") REFERENCES "residuospeligrosos"."BancoPreguntas"("idBancoPregunta");

ALTER TABLE "residuospeligrosos"."PreguntaCuestionario"
    ADD CONSTRAINT "PreguntaCuestionario_idCuestionario_fkey" FOREIGN KEY ("idCuestionario") REFERENCES "residuospeligrosos"."Cuestionario"("idEncuesta");

ALTER TABLE "residuospeligrosos"."Provincias"
    ADD CONSTRAINT "Provincias_idRegion_fkey" FOREIGN KEY ("idRegion") REFERENCES "residuospeligrosos"."Regiones"("idRegiones");

ALTER TABLE "residuospeligrosos"."RespuestaPregunta"
    ADD CONSTRAINT "Respuesta_idPreguntaEncuesta_fkey" FOREIGN KEY ("idPreguntaEncuesta") REFERENCES "residuospeligrosos"."PreguntaCuestionario"("idPreguntaCuestionario");

ALTER TABLE "residuospeligrosos"."RespuestaPregunta"
    ADD CONSTRAINT "Respuesta_idSalud_fkey" FOREIGN KEY ("idSalud") REFERENCES "residuospeligrosos"."EntidadEstablecimiento"("idEntidad");

ALTER TABLE "residuospeligrosos"."Salud"
    ADD CONSTRAINT "Salud_idClasesTipos_fkey" FOREIGN KEY ("idClasesTipos") REFERENCES "residuospeligrosos"."ClasesTiposEs"("idClaseTipo");

ALTER TABLE "residuospeligrosos"."Salud"
    ADD CONSTRAINT "Salud_idEntidadSector_fkey" FOREIGN KEY ("idEntidadSector") REFERENCES "residuospeligrosos"."EntidadSectorEs"("idEntidadSector");
 
INSERT INTO "residuospeligrosos"."Regiones" ("idRegiones", "Region") VALUES (1, 'Costa                         ');
INSERT INTO "residuospeligrosos"."Regiones" ("idRegiones", "Region") VALUES (2, 'Sierra                        ');
INSERT INTO "residuospeligrosos"."Regiones" ("idRegiones", "Region") VALUES (3, 'Amazonia                      ');
INSERT INTO "residuospeligrosos"."Regiones" ("idRegiones", "Region") VALUES (4, 'Insular                       ');


INSERT INTO "residuospeligrosos"."Provincias" ("idProvincias", "Provincia", "CodigoProvincia", "LongitudProvincia", "LatitudProvincia", "idRegion") VALUES (1, 'Azuay                                        ', '1        ', '-2.883333      ', '-79            ', 2);
INSERT INTO "residuospeligrosos"."Provincias" ("idProvincias", "Provincia", "CodigoProvincia", "LongitudProvincia", "LatitudProvincia", "idRegion") VALUES (2, 'Bolivar                                      ', '2        ', '-1.6           ', '-79            ', 2);
INSERT INTO "residuospeligrosos"."Provincias" ("idProvincias", "Provincia", "CodigoProvincia", "LongitudProvincia", "LatitudProvincia", "idRegion") VALUES (3, 'Cañar                                        ', '3        ', '-2.733333       ', '-78.833333      ', 2);
INSERT INTO "residuospeligrosos"."Provincias" ("idProvincias", "Provincia", "CodigoProvincia", "LongitudProvincia", "LatitudProvincia", "idRegion") VALUES (4, 'Carchi                                       ', '4        ', '0.75           ', '-78.083333      ', 2);
INSERT INTO "residuospeligrosos"."Provincias" ("idProvincias", "Provincia", "CodigoProvincia", "LongitudProvincia", "LatitudProvincia", "idRegion") VALUES (5, 'Cotopaxi                                     ', '5        ', '-0.680556      ', '-78.437778      ', 2);
INSERT INTO "residuospeligrosos"."Provincias" ("idProvincias", "Provincia", "CodigoProvincia", "LongitudProvincia", "LatitudProvincia", "idRegion") VALUES (6, 'Chimborazo                                   ', '6        ', '-1.469167       ', '-78.8175        ', 2);
INSERT INTO "residuospeligrosos"."Provincias" ("idProvincias", "Provincia", "CodigoProvincia", "LongitudProvincia", "LatitudProvincia", "idRegion") VALUES (7, 'El Oro                                       ', '7        ', '-3.266669       ', '-79.9667        ', 1);
INSERT INTO "residuospeligrosos"."Provincias" ("idProvincias", "Provincia", "CodigoProvincia", "LongitudProvincia", "LatitudProvincia", "idRegion") VALUES (8, 'Esmeraldas                                   ', '8        ', '0.95           ', '-79.666667      ', 1);
INSERT INTO "residuospeligrosos"."Provincias" ("idProvincias", "Provincia", "CodigoProvincia", "LongitudProvincia", "LatitudProvincia", "idRegion") VALUES (9, 'Guayas                                       ', '9        ', '-2.2           ', '-79.9667        ', 1);
INSERT INTO "residuospeligrosos"."Provincias" ("idProvincias", "Provincia", "CodigoProvincia", "LongitudProvincia", "LatitudProvincia", "idRegion") VALUES (10, 'Imbabura                                     ', '10       ', '0.35           ', '-78.133333      ', 2);
INSERT INTO "residuospeligrosos"."Provincias" ("idProvincias", "Provincia", "CodigoProvincia", "LongitudProvincia", "LatitudProvincia", "idRegion") VALUES (11, 'Loja                                         ', '11       ', '-3.990556       ', '-79.205         ', 2);
INSERT INTO "residuospeligrosos"."Provincias" ("idProvincias", "Provincia", "CodigoProvincia", "LongitudProvincia", "LatitudProvincia", "idRegion") VALUES (12, 'Los Rios                                     ', '12       ', '-1.766669       ', '-79.45         ', 1);
INSERT INTO "residuospeligrosos"."Provincias" ("idProvincias", "Provincia", "CodigoProvincia", "LongitudProvincia", "LatitudProvincia", "idRegion") VALUES (13, 'Manabi                                       ', '13       ', '-1.052219       ', '-80.4506        ', 1);
INSERT INTO "residuospeligrosos"."Provincias" ("idProvincias", "Provincia", "CodigoProvincia", "LongitudProvincia", "LatitudProvincia", "idRegion") VALUES (14, 'Morona Santiago                              ', '14       ', '-2.366667       ', '-78.133333      ', 3);
INSERT INTO "residuospeligrosos"."Provincias" ("idProvincias", "Provincia", "CodigoProvincia", "LongitudProvincia", "LatitudProvincia", "idRegion") VALUES (15, 'Napo                                         ', '15       ', '0.989          ', '-77.8159        ', 3);
INSERT INTO "residuospeligrosos"."Provincias" ("idProvincias", "Provincia", "CodigoProvincia", "LongitudProvincia", "LatitudProvincia", "idRegion") VALUES (16, 'Pastaza                                      ', '16       ', '-1.066667       ', '-78.001111      ', 3);
INSERT INTO "residuospeligrosos"."Provincias" ("idProvincias", "Provincia", "CodigoProvincia", "LongitudProvincia", "LatitudProvincia", "idRegion") VALUES (17, 'Pichincha                                    ', '17       ', '-0.25          ', '-78.583333      ', 2);
INSERT INTO "residuospeligrosos"."Provincias" ("idProvincias", "Provincia", "CodigoProvincia", "LongitudProvincia", "LatitudProvincia", "idRegion") VALUES (18, 'Tungurahua                                   ', '18       ', '-1.233333       ', '-78.616667      ', 2);
INSERT INTO "residuospeligrosos"."Provincias" ("idProvincias", "Provincia", "CodigoProvincia", "LongitudProvincia", "LatitudProvincia", "idRegion") VALUES (19, 'Zamora Chinchipe                             ', '19       ', '-2.883333       ', '-79            ', 3);
INSERT INTO "residuospeligrosos"."Provincias" ("idProvincias", "Provincia", "CodigoProvincia", "LongitudProvincia", "LatitudProvincia", "idRegion") VALUES (20, 'Galapagos                                    ', '20       ', '1.39           ', '-92            ', 4);
INSERT INTO "residuospeligrosos"."Provincias" ("idProvincias", "Provincia", "CodigoProvincia", "LongitudProvincia", "LatitudProvincia", "idRegion") VALUES (21, 'Sucumbios                                    ', '21       ', '-0.083333      ', '-76.883333      ', 3);
INSERT INTO "residuospeligrosos"."Provincias" ("idProvincias", "Provincia", "CodigoProvincia", "LongitudProvincia", "LatitudProvincia", "idRegion") VALUES (22, 'Orellana                                     ', '22       ', '-0.933333      ', '-75.666667      ', 3);
INSERT INTO "residuospeligrosos"."Provincias" ("idProvincias", "Provincia", "CodigoProvincia", "LongitudProvincia", "LatitudProvincia", "idRegion") VALUES (23, 'Santo Domingo De Los Tsachilas               ', '23       ', '-0.333333      ', '-79.25         ', 2);
INSERT INTO "residuospeligrosos"."Provincias" ("idProvincias", "Provincia", "CodigoProvincia", "LongitudProvincia", "LatitudProvincia", "idRegion") VALUES (24, 'Santa Elena                                  ', '24       ', '-2.2267         ', '-80.8583        ', 1);

INSERT INTO "residuospeligrosos"."Cantones" ("idCantones", "Canton", "Codigo", "idProvincia") VALUES (1, 'Cuenca                                       ', '101       ', 1);
INSERT INTO "residuospeligrosos"."Cantones" ("idCantones", "Canton", "Codigo", "idProvincia") VALUES (2, 'Girón                                        ', '102       ', 1);
INSERT INTO "residuospeligrosos"."Cantones" ("idCantones", "Canton", "Codigo", "idProvincia") VALUES (3, 'Gualaceo                                     ', '103       ', 1);
INSERT INTO "residuospeligrosos"."Cantones" ("idCantones", "Canton", "Codigo", "idProvincia") VALUES (4, 'Santa Isabel                                 ', '108       ', 1);
INSERT INTO "residuospeligrosos"."Cantones" ("idCantones", "Canton", "Codigo", "idProvincia") VALUES (5, 'Sigsig                                       ', '109       ', 1);
INSERT INTO "residuospeligrosos"."Cantones" ("idCantones", "Canton", "Codigo", "idProvincia") VALUES (6, 'Paute                                        ', '105       ', 1);
INSERT INTO "residuospeligrosos"."Cantones" ("idCantones", "Canton", "Codigo", "idProvincia") VALUES (7, 'Nabón                                        ', '104       ', 1);
INSERT INTO "residuospeligrosos"."Cantones" ("idCantones", "Canton", "Codigo", "idProvincia") VALUES (8, 'Oña                                          ', '110       ', 1);
INSERT INTO "residuospeligrosos"."Cantones" ("idCantones", "Canton", "Codigo", "idProvincia") VALUES (9, 'San Fernando                                 ', '107       ', 1);
INSERT INTO "residuospeligrosos"."Cantones" ("idCantones", "Canton", "Codigo", "idProvincia") VALUES (10, 'Chordeleg                                    ', '111       ', 1);
INSERT INTO "residuospeligrosos"."Cantones" ("idCantones", "Canton", "Codigo", "idProvincia") VALUES (11, 'Guachapala                                   ', '114       ', 1);
INSERT INTO "residuospeligrosos"."Cantones" ("idCantones", "Canton", "Codigo", "idProvincia") VALUES (12, 'El Pan                                       ', '112       ', 1);
INSERT INTO "residuospeligrosos"."Cantones" ("idCantones", "Canton", "Codigo", "idProvincia") VALUES (13, 'Sevilla De Oro                               ', '113       ', 1);
INSERT INTO "residuospeligrosos"."Cantones" ("idCantones", "Canton", "Codigo", "idProvincia") VALUES (14, 'Camilo Ponce Enríquez                        ', '115       ', 1);
INSERT INTO "residuospeligrosos"."Cantones" ("idCantones", "Canton", "Codigo", "idProvincia") VALUES (15, 'Pucará                                       ', '106       ', 1);
INSERT INTO "residuospeligrosos"."Cantones" ("idCantones", "Canton", "Codigo", "idProvincia") VALUES (16, 'Guaranda                                     ', '201       ', 2);
INSERT INTO "residuospeligrosos"."Cantones" ("idCantones", "Canton", "Codigo", "idProvincia") VALUES (17, 'San Miguel                                   ', '205       ', 2);
INSERT INTO "residuospeligrosos"."Cantones" ("idCantones", "Canton", "Codigo", "idProvincia") VALUES (18, 'Chillanes                                    ', '202       ', 2);
INSERT INTO "residuospeligrosos"."Cantones" ("idCantones", "Canton", "Codigo", "idProvincia") VALUES (19, 'Echeandía                                    ', '204       ', 2);
INSERT INTO "residuospeligrosos"."Cantones" ("idCantones", "Canton", "Codigo", "idProvincia") VALUES (20, 'Las Naves                                    ', '207       ', 2);
INSERT INTO "residuospeligrosos"."Cantones" ("idCantones", "Canton", "Codigo", "idProvincia") VALUES (21, 'Chimbo                                       ', '203       ', 2);
INSERT INTO "residuospeligrosos"."Cantones" ("idCantones", "Canton", "Codigo", "idProvincia") VALUES (22, 'Caluma                                       ', '206       ', 2);
INSERT INTO "residuospeligrosos"."Cantones" ("idCantones", "Canton", "Codigo", "idProvincia") VALUES (23, 'Azogues                                      ', '301       ', 3);
INSERT INTO "residuospeligrosos"."Cantones" ("idCantones", "Canton", "Codigo", "idProvincia") VALUES (24, 'Cañar                                        ', '303       ', 3);
INSERT INTO "residuospeligrosos"."Cantones" ("idCantones", "Canton", "Codigo", "idProvincia") VALUES (25, 'Déleg                                        ', '306       ', 3);
INSERT INTO "residuospeligrosos"."Cantones" ("idCantones", "Canton", "Codigo", "idProvincia") VALUES (26, 'Biblián                                      ', '302       ', 3);
INSERT INTO "residuospeligrosos"."Cantones" ("idCantones", "Canton", "Codigo", "idProvincia") VALUES (27, 'El Tambo                                     ', '305       ', 3);
INSERT INTO "residuospeligrosos"."Cantones" ("idCantones", "Canton", "Codigo", "idProvincia") VALUES (28, 'La Troncal                                   ', '304       ', 3);
INSERT INTO "residuospeligrosos"."Cantones" ("idCantones", "Canton", "Codigo", "idProvincia") VALUES (29, 'Suscal                                       ', '307       ', 3);
INSERT INTO "residuospeligrosos"."Cantones" ("idCantones", "Canton", "Codigo", "idProvincia") VALUES (30, 'Tulcán                                       ', '401       ', 4);
INSERT INTO "residuospeligrosos"."Cantones" ("idCantones", "Canton", "Codigo", "idProvincia") VALUES (31, 'Espejo                                       ', '403       ', 4);
INSERT INTO "residuospeligrosos"."Cantones" ("idCantones", "Canton", "Codigo", "idProvincia") VALUES (32, 'Montúfar                                     ', '405       ', 4);
INSERT INTO "residuospeligrosos"."Cantones" ("idCantones", "Canton", "Codigo", "idProvincia") VALUES (33, 'San Pedro De Huaca                           ', '406       ', 4);
INSERT INTO "residuospeligrosos"."Cantones" ("idCantones", "Canton", "Codigo", "idProvincia") VALUES (34, 'Mira                                         ', '404       ', 4);
INSERT INTO "residuospeligrosos"."Cantones" ("idCantones", "Canton", "Codigo", "idProvincia") VALUES (35, 'Bolívar                                      ', '402       ', 4);
INSERT INTO "residuospeligrosos"."Cantones" ("idCantones", "Canton", "Codigo", "idProvincia") VALUES (36, 'Latacunga                                    ', '501       ', 5);
INSERT INTO "residuospeligrosos"."Cantones" ("idCantones", "Canton", "Codigo", "idProvincia") VALUES (37, 'Pangua                                       ', '503       ', 5);
INSERT INTO "residuospeligrosos"."Cantones" ("idCantones", "Canton", "Codigo", "idProvincia") VALUES (38, 'Pujilí                                       ', '504       ', 5);
INSERT INTO "residuospeligrosos"."Cantones" ("idCantones", "Canton", "Codigo", "idProvincia") VALUES (39, 'Salcedo                                      ', '505       ', 5);
INSERT INTO "residuospeligrosos"."Cantones" ("idCantones", "Canton", "Codigo", "idProvincia") VALUES (40, 'Sigchos                                      ', '507       ', 5);
INSERT INTO "residuospeligrosos"."Cantones" ("idCantones", "Canton", "Codigo", "idProvincia") VALUES (41, 'La Maná                                      ', '502       ', 5);
INSERT INTO "residuospeligrosos"."Cantones" ("idCantones", "Canton", "Codigo", "idProvincia") VALUES (42, 'Saquisilí                                    ', '506       ', 5);
INSERT INTO "residuospeligrosos"."Cantones" ("idCantones", "Canton", "Codigo", "idProvincia") VALUES (43, 'Riobamba                                     ', '601       ', 6);
INSERT INTO "residuospeligrosos"."Cantones" ("idCantones", "Canton", "Codigo", "idProvincia") VALUES (44, 'Alausi                                       ', '602       ', 6);
INSERT INTO "residuospeligrosos"."Cantones" ("idCantones", "Canton", "Codigo", "idProvincia") VALUES (45, 'Colta                                        ', '603       ', 6);
INSERT INTO "residuospeligrosos"."Cantones" ("idCantones", "Canton", "Codigo", "idProvincia") VALUES (46, 'Chunchi                                      ', '605       ', 6);
INSERT INTO "residuospeligrosos"."Cantones" ("idCantones", "Canton", "Codigo", "idProvincia") VALUES (47, 'Guamote                                      ', '606       ', 6);
INSERT INTO "residuospeligrosos"."Cantones" ("idCantones", "Canton", "Codigo", "idProvincia") VALUES (48, 'Chambo                                       ', '604       ', 6);
INSERT INTO "residuospeligrosos"."Cantones" ("idCantones", "Canton", "Codigo", "idProvincia") VALUES (49, 'Cumandá                                      ', '610       ', 6);
INSERT INTO "residuospeligrosos"."Cantones" ("idCantones", "Canton", "Codigo", "idProvincia") VALUES (50, 'Guano                                        ', '607       ', 6);
INSERT INTO "residuospeligrosos"."Cantones" ("idCantones", "Canton", "Codigo", "idProvincia") VALUES (51, 'Penipe                                       ', '609       ', 6);
INSERT INTO "residuospeligrosos"."Cantones" ("idCantones", "Canton", "Codigo", "idProvincia") VALUES (52, 'Pallatanga                                   ', '608       ', 6);
INSERT INTO "residuospeligrosos"."Cantones" ("idCantones", "Canton", "Codigo", "idProvincia") VALUES (53, 'Machala                                      ', '701       ', 7);
INSERT INTO "residuospeligrosos"."Cantones" ("idCantones", "Canton", "Codigo", "idProvincia") VALUES (54, 'Pasaje                                       ', '709       ', 7);
INSERT INTO "residuospeligrosos"."Cantones" ("idCantones", "Canton", "Codigo", "idProvincia") VALUES (55, 'Arenillas                                    ', '702       ', 7);
INSERT INTO "residuospeligrosos"."Cantones" ("idCantones", "Canton", "Codigo", "idProvincia") VALUES (56, 'Piñas                                        ', '710       ', 7);
INSERT INTO "residuospeligrosos"."Cantones" ("idCantones", "Canton", "Codigo", "idProvincia") VALUES (57, 'Santa Rosa                                   ', '712       ', 7);
INSERT INTO "residuospeligrosos"."Cantones" ("idCantones", "Canton", "Codigo", "idProvincia") VALUES (58, 'Zaruma                                       ', '713       ', 7);
INSERT INTO "residuospeligrosos"."Cantones" ("idCantones", "Canton", "Codigo", "idProvincia") VALUES (59, 'El Guabo                                     ', '706       ', 7);
INSERT INTO "residuospeligrosos"."Cantones" ("idCantones", "Canton", "Codigo", "idProvincia") VALUES (60, 'Chilla                                       ', '705       ', 7);
INSERT INTO "residuospeligrosos"."Cantones" ("idCantones", "Canton", "Codigo", "idProvincia") VALUES (61, 'Marcabelí                                    ', '708       ', 7);
INSERT INTO "residuospeligrosos"."Cantones" ("idCantones", "Canton", "Codigo", "idProvincia") VALUES (62, 'Balsas                                       ', '704       ', 7);
INSERT INTO "residuospeligrosos"."Cantones" ("idCantones", "Canton", "Codigo", "idProvincia") VALUES (63, 'Atahualpa                                    ', '703       ', 7);
INSERT INTO "residuospeligrosos"."Cantones" ("idCantones", "Canton", "Codigo", "idProvincia") VALUES (64, 'Portovelo                                    ', '711       ', 7);
INSERT INTO "residuospeligrosos"."Cantones" ("idCantones", "Canton", "Codigo", "idProvincia") VALUES (65, 'Las Lajas                                    ', '714       ', 7);
INSERT INTO "residuospeligrosos"."Cantones" ("idCantones", "Canton", "Codigo", "idProvincia") VALUES (66, 'Huaquillas                                   ', '707       ', 7);
INSERT INTO "residuospeligrosos"."Cantones" ("idCantones", "Canton", "Codigo", "idProvincia") VALUES (67, 'Esmeraldas                                   ', '801       ', 8);
INSERT INTO "residuospeligrosos"."Cantones" ("idCantones", "Canton", "Codigo", "idProvincia") VALUES (68, 'Eloy Alfaro                                  ', '802       ', 8);
INSERT INTO "residuospeligrosos"."Cantones" ("idCantones", "Canton", "Codigo", "idProvincia") VALUES (69, 'San Lorenzo                                  ', '805       ', 8);
INSERT INTO "residuospeligrosos"."Cantones" ("idCantones", "Canton", "Codigo", "idProvincia") VALUES (70, 'Muisne                                       ', '803       ', 8);
INSERT INTO "residuospeligrosos"."Cantones" ("idCantones", "Canton", "Codigo", "idProvincia") VALUES (71, 'Quinindé                                     ', '804       ', 8);
INSERT INTO "residuospeligrosos"."Cantones" ("idCantones", "Canton", "Codigo", "idProvincia") VALUES (72, 'Atacames                                     ', '806       ', 8);
INSERT INTO "residuospeligrosos"."Cantones" ("idCantones", "Canton", "Codigo", "idProvincia") VALUES (73, 'Rioverde                                     ', '807       ', 8);
INSERT INTO "residuospeligrosos"."Cantones" ("idCantones", "Canton", "Codigo", "idProvincia") VALUES (74, 'Guayaquil                                    ', '901       ', 9);
INSERT INTO "residuospeligrosos"."Cantones" ("idCantones", "Canton", "Codigo", "idProvincia") VALUES (75, 'Milagro                                      ', '902       ', 9);
INSERT INTO "residuospeligrosos"."Cantones" ("idCantones", "Canton", "Codigo", "idProvincia") VALUES (76, 'El Empalme                                   ', '903       ', 9);
INSERT INTO "residuospeligrosos"."Cantones" ("idCantones", "Canton", "Codigo", "idProvincia") VALUES (77, 'San Jacinto De Yaguachi                      ', '904       ', 9);
INSERT INTO "residuospeligrosos"."Cantones" ("idCantones", "Canton", "Codigo", "idProvincia") VALUES (78, 'Durán                                        ', '905       ', 9);
INSERT INTO "residuospeligrosos"."Cantones" ("idCantones", "Canton", "Codigo", "idProvincia") VALUES (79, 'Playas                                       ', '906       ', 9);
INSERT INTO "residuospeligrosos"."Cantones" ("idCantones", "Canton", "Codigo", "idProvincia") VALUES (80, 'Balzar                                       ', '907       ', 9);
INSERT INTO "residuospeligrosos"."Cantones" ("idCantones", "Canton", "Codigo", "idProvincia") VALUES (81, 'Daule                                        ', '908       ', 9);
INSERT INTO "residuospeligrosos"."Cantones" ("idCantones", "Canton", "Codigo", "idProvincia") VALUES (82, 'Naranjal                                     ', '909       ', 9);
INSERT INTO "residuospeligrosos"."Cantones" ("idCantones", "Canton", "Codigo", "idProvincia") VALUES (83, 'Coronel Marcelino Maridueña                  ', '910       ', 9);
INSERT INTO "residuospeligrosos"."Cantones" ("idCantones", "Canton", "Codigo", "idProvincia") VALUES (84, 'El Triunfo                                   ', '911       ', 9);
INSERT INTO "residuospeligrosos"."Cantones" ("idCantones", "Canton", "Codigo", "idProvincia") VALUES (85, 'Salitre (urbina Jado)                        ', '912       ', 9);
INSERT INTO "residuospeligrosos"."Cantones" ("idCantones", "Canton", "Codigo", "idProvincia") VALUES (86, 'Naranjito                                    ', '913       ', 9);
INSERT INTO "residuospeligrosos"."Cantones" ("idCantones", "Canton", "Codigo", "idProvincia") VALUES (87, 'Balao                                        ', '914       ', 9);
INSERT INTO "residuospeligrosos"."Cantones" ("idCantones", "Canton", "Codigo", "idProvincia") VALUES (88, 'Colimes                                      ', '915       ', 9);
INSERT INTO "residuospeligrosos"."Cantones" ("idCantones", "Canton", "Codigo", "idProvincia") VALUES (89, 'Isidro Ayora                                 ', '916       ', 9);
INSERT INTO "residuospeligrosos"."Cantones" ("idCantones", "Canton", "Codigo", "idProvincia") VALUES (90, 'Nobol                                        ', '917       ', 9);
INSERT INTO "residuospeligrosos"."Cantones" ("idCantones", "Canton", "Codigo", "idProvincia") VALUES (91, 'Lomas De Sargentillo                         ', '918       ', 9);
INSERT INTO "residuospeligrosos"."Cantones" ("idCantones", "Canton", "Codigo", "idProvincia") VALUES (92, 'Palestina                                    ', '919       ', 9);
INSERT INTO "residuospeligrosos"."Cantones" ("idCantones", "Canton", "Codigo", "idProvincia") VALUES (93, 'Pedro Carbo                                  ', '920       ', 9);
INSERT INTO "residuospeligrosos"."Cantones" ("idCantones", "Canton", "Codigo", "idProvincia") VALUES (94, 'Santa Lucía                                  ', '921       ', 9);
INSERT INTO "residuospeligrosos"."Cantones" ("idCantones", "Canton", "Codigo", "idProvincia") VALUES (95, 'General Antonio Elizalde (bucay)             ', '922       ', 9);
INSERT INTO "residuospeligrosos"."Cantones" ("idCantones", "Canton", "Codigo", "idProvincia") VALUES (96, 'Samborondón                                  ', '923       ', 9);
INSERT INTO "residuospeligrosos"."Cantones" ("idCantones", "Canton", "Codigo", "idProvincia") VALUES (97, 'Alfredo Baquerizo Moreno (jujin)             ', '924       ', 9);
INSERT INTO "residuospeligrosos"."Cantones" ("idCantones", "Canton", "Codigo", "idProvincia") VALUES (98, 'Simón Bolívar                                ', '925       ', 9);
INSERT INTO "residuospeligrosos"."Cantones" ("idCantones", "Canton", "Codigo", "idProvincia") VALUES (99, 'Ibarra                                       ', '1001      ', 10);
INSERT INTO "residuospeligrosos"."Cantones" ("idCantones", "Canton", "Codigo", "idProvincia") VALUES (100, 'Antonio Ante                                 ', '1002      ', 10);
INSERT INTO "residuospeligrosos"."Cantones" ("idCantones", "Canton", "Codigo", "idProvincia") VALUES (101, 'Cotacachi                                    ', '1003      ', 10);
INSERT INTO "residuospeligrosos"."Cantones" ("idCantones", "Canton", "Codigo", "idProvincia") VALUES (102, 'Otavalo                                      ', '1004      ', 10);
INSERT INTO "residuospeligrosos"."Cantones" ("idCantones", "Canton", "Codigo", "idProvincia") VALUES (103, 'San Miguel De Urcuquí                        ', '1005      ', 10);
INSERT INTO "residuospeligrosos"."Cantones" ("idCantones", "Canton", "Codigo", "idProvincia") VALUES (104, 'Pimampiro                                    ', '1006      ', 10);
INSERT INTO "residuospeligrosos"."Cantones" ("idCantones", "Canton", "Codigo", "idProvincia") VALUES (105, 'Loja                                         ', '1101      ', 11);
INSERT INTO "residuospeligrosos"."Cantones" ("idCantones", "Canton", "Codigo", "idProvincia") VALUES (106, 'Calvas                                       ', '1102      ', 11);
INSERT INTO "residuospeligrosos"."Cantones" ("idCantones", "Canton", "Codigo", "idProvincia") VALUES (107, 'Macará                                       ', '1103      ', 11);
INSERT INTO "residuospeligrosos"."Cantones" ("idCantones", "Canton", "Codigo", "idProvincia") VALUES (108, 'Paltas                                       ', '1104      ', 11);
INSERT INTO "residuospeligrosos"."Cantones" ("idCantones", "Canton", "Codigo", "idProvincia") VALUES (109, 'Puyango                                      ', '1105      ', 11);
INSERT INTO "residuospeligrosos"."Cantones" ("idCantones", "Canton", "Codigo", "idProvincia") VALUES (110, 'Saraguro                                     ', '1106      ', 11);
INSERT INTO "residuospeligrosos"."Cantones" ("idCantones", "Canton", "Codigo", "idProvincia") VALUES (111, 'Espíndola                                    ', '1107      ', 11);
INSERT INTO "residuospeligrosos"."Cantones" ("idCantones", "Canton", "Codigo", "idProvincia") VALUES (112, 'Catamayo                                     ', '1108      ', 11);
INSERT INTO "residuospeligrosos"."Cantones" ("idCantones", "Canton", "Codigo", "idProvincia") VALUES (113, 'Celica                                       ', '1109      ', 11);
INSERT INTO "residuospeligrosos"."Cantones" ("idCantones", "Canton", "Codigo", "idProvincia") VALUES (114, 'Zapotillo                                    ', '1110      ', 11);
INSERT INTO "residuospeligrosos"."Cantones" ("idCantones", "Canton", "Codigo", "idProvincia") VALUES (115, 'Pindal                                       ', '1111      ', 11);
INSERT INTO "residuospeligrosos"."Cantones" ("idCantones", "Canton", "Codigo", "idProvincia") VALUES (116, 'Quilanga                                     ', '1112      ', 11);
INSERT INTO "residuospeligrosos"."Cantones" ("idCantones", "Canton", "Codigo", "idProvincia") VALUES (117, 'Gonzanamá                                    ', '1113      ', 11);
INSERT INTO "residuospeligrosos"."Cantones" ("idCantones", "Canton", "Codigo", "idProvincia") VALUES (118, 'Chaguarpamba                                 ', '1114      ', 11);
INSERT INTO "residuospeligrosos"."Cantones" ("idCantones", "Canton", "Codigo", "idProvincia") VALUES (119, 'Olmedo                                       ', '1115      ', 11);
INSERT INTO "residuospeligrosos"."Cantones" ("idCantones", "Canton", "Codigo", "idProvincia") VALUES (120, 'Sozoranga                                    ', '1116      ', 11);
INSERT INTO "residuospeligrosos"."Cantones" ("idCantones", "Canton", "Codigo", "idProvincia") VALUES (121, 'Babahoyo                                     ', '1201      ', 12);
INSERT INTO "residuospeligrosos"."Cantones" ("idCantones", "Canton", "Codigo", "idProvincia") VALUES (122, 'Quevedo                                      ', '1202      ', 12);
INSERT INTO "residuospeligrosos"."Cantones" ("idCantones", "Canton", "Codigo", "idProvincia") VALUES (123, 'Urdaneta                                     ', '1203      ', 12);
INSERT INTO "residuospeligrosos"."Cantones" ("idCantones", "Canton", "Codigo", "idProvincia") VALUES (124, 'Vinces                                       ', '1204      ', 12);
INSERT INTO "residuospeligrosos"."Cantones" ("idCantones", "Canton", "Codigo", "idProvincia") VALUES (125, 'Ventanas                                     ', '1205      ', 12);
INSERT INTO "residuospeligrosos"."Cantones" ("idCantones", "Canton", "Codigo", "idProvincia") VALUES (126, 'Baba                                         ', '1206      ', 12);
INSERT INTO "residuospeligrosos"."Cantones" ("idCantones", "Canton", "Codigo", "idProvincia") VALUES (127, 'Montalvo                                     ', '1207      ', 12);
INSERT INTO "residuospeligrosos"."Cantones" ("idCantones", "Canton", "Codigo", "idProvincia") VALUES (128, 'Puebloviejo                                  ', '1208      ', 12);
INSERT INTO "residuospeligrosos"."Cantones" ("idCantones", "Canton", "Codigo", "idProvincia") VALUES (129, 'Mocache                                      ', '1209      ', 12);
INSERT INTO "residuospeligrosos"."Cantones" ("idCantones", "Canton", "Codigo", "idProvincia") VALUES (130, 'Buena Fé                                     ', '1210      ', 12);
INSERT INTO "residuospeligrosos"."Cantones" ("idCantones", "Canton", "Codigo", "idProvincia") VALUES (131, 'Valencia                                     ', '1211      ', 12);
INSERT INTO "residuospeligrosos"."Cantones" ("idCantones", "Canton", "Codigo", "idProvincia") VALUES (132, 'Quinsaloma                                   ', '1212      ', 12);
INSERT INTO "residuospeligrosos"."Cantones" ("idCantones", "Canton", "Codigo", "idProvincia") VALUES (133, 'Palenque                                     ', '1213      ', 12);
INSERT INTO "residuospeligrosos"."Cantones" ("idCantones", "Canton", "Codigo", "idProvincia") VALUES (134, 'Portoviejo                                   ', '1301      ', 13);
INSERT INTO "residuospeligrosos"."Cantones" ("idCantones", "Canton", "Codigo", "idProvincia") VALUES (135, 'Bolívar                                      ', '1302      ', 13);
INSERT INTO "residuospeligrosos"."Cantones" ("idCantones", "Canton", "Codigo", "idProvincia") VALUES (136, 'Chone                                        ', '1303      ', 13);
INSERT INTO "residuospeligrosos"."Cantones" ("idCantones", "Canton", "Codigo", "idProvincia") VALUES (137, 'Jipijapa                                     ', '1304      ', 13);
INSERT INTO "residuospeligrosos"."Cantones" ("idCantones", "Canton", "Codigo", "idProvincia") VALUES (138, 'Manta                                        ', '1305      ', 13);
INSERT INTO "residuospeligrosos"."Cantones" ("idCantones", "Canton", "Codigo", "idProvincia") VALUES (139, 'Sucre                                        ', '1306      ', 13);
INSERT INTO "residuospeligrosos"."Cantones" ("idCantones", "Canton", "Codigo", "idProvincia") VALUES (140, 'El Carmen                                    ', '1307      ', 13);
INSERT INTO "residuospeligrosos"."Cantones" ("idCantones", "Canton", "Codigo", "idProvincia") VALUES (141, 'Paján                                        ', '1308      ', 13);
INSERT INTO "residuospeligrosos"."Cantones" ("idCantones", "Canton", "Codigo", "idProvincia") VALUES (142, 'Rocafuerte                                   ', '1309      ', 13);
INSERT INTO "residuospeligrosos"."Cantones" ("idCantones", "Canton", "Codigo", "idProvincia") VALUES (143, 'Pichincha                                    ', '1310      ', 13);
INSERT INTO "residuospeligrosos"."Cantones" ("idCantones", "Canton", "Codigo", "idProvincia") VALUES (144, 'Flavio Alfaro                                ', '1311      ', 13);
INSERT INTO "residuospeligrosos"."Cantones" ("idCantones", "Canton", "Codigo", "idProvincia") VALUES (145, 'Puerto López                                 ', '1312      ', 13);
INSERT INTO "residuospeligrosos"."Cantones" ("idCantones", "Canton", "Codigo", "idProvincia") VALUES (146, 'Junín                                        ', '1313      ', 13);
INSERT INTO "residuospeligrosos"."Cantones" ("idCantones", "Canton", "Codigo", "idProvincia") VALUES (147, 'Montecristi                                  ', '1314      ', 13);
INSERT INTO "residuospeligrosos"."Cantones" ("idCantones", "Canton", "Codigo", "idProvincia") VALUES (148, 'Jaramijó                                     ', '1315      ', 13);
INSERT INTO "residuospeligrosos"."Cantones" ("idCantones", "Canton", "Codigo", "idProvincia") VALUES (149, 'Tosagua                                      ', '1316      ', 13);
INSERT INTO "residuospeligrosos"."Cantones" ("idCantones", "Canton", "Codigo", "idProvincia") VALUES (150, 'Santa Ana                                    ', '1317      ', 13);
INSERT INTO "residuospeligrosos"."Cantones" ("idCantones", "Canton", "Codigo", "idProvincia") VALUES (151, 'Olmedo                                       ', '1318      ', 13);
INSERT INTO "residuospeligrosos"."Cantones" ("idCantones", "Canton", "Codigo", "idProvincia") VALUES (152, 'San Vicente                                  ', '1319      ', 13);
INSERT INTO "residuospeligrosos"."Cantones" ("idCantones", "Canton", "Codigo", "idProvincia") VALUES (153, 'Pedernales                                   ', '1320      ', 13);
INSERT INTO "residuospeligrosos"."Cantones" ("idCantones", "Canton", "Codigo", "idProvincia") VALUES (154, 'Jama                                         ', '1321      ', 13);
INSERT INTO "residuospeligrosos"."Cantones" ("idCantones", "Canton", "Codigo", "idProvincia") VALUES (155, '24 De Mayo                                   ', '1322      ', 13);
INSERT INTO "residuospeligrosos"."Cantones" ("idCantones", "Canton", "Codigo", "idProvincia") VALUES (156, 'Morona                                       ', '1401      ', 14);
INSERT INTO "residuospeligrosos"."Cantones" ("idCantones", "Canton", "Codigo", "idProvincia") VALUES (157, 'Gualaquiza                                   ', '1402      ', 14);
INSERT INTO "residuospeligrosos"."Cantones" ("idCantones", "Canton", "Codigo", "idProvincia") VALUES (158, 'Limón Indanza                                ', '1403      ', 14);
INSERT INTO "residuospeligrosos"."Cantones" ("idCantones", "Canton", "Codigo", "idProvincia") VALUES (159, 'Santiago                                     ', '1404      ', 14);
INSERT INTO "residuospeligrosos"."Cantones" ("idCantones", "Canton", "Codigo", "idProvincia") VALUES (160, 'Sucúa                                        ', '1405      ', 14);
INSERT INTO "residuospeligrosos"."Cantones" ("idCantones", "Canton", "Codigo", "idProvincia") VALUES (161, 'Taisha                                       ', '1406      ', 14);
INSERT INTO "residuospeligrosos"."Cantones" ("idCantones", "Canton", "Codigo", "idProvincia") VALUES (162, 'Huamboya                                     ', '1407      ', 14);
INSERT INTO "residuospeligrosos"."Cantones" ("idCantones", "Canton", "Codigo", "idProvincia") VALUES (163, 'Pablo Sexto                                  ', '1408      ', 14);
INSERT INTO "residuospeligrosos"."Cantones" ("idCantones", "Canton", "Codigo", "idProvincia") VALUES (164, 'Palora                                       ', '1409      ', 14);
INSERT INTO "residuospeligrosos"."Cantones" ("idCantones", "Canton", "Codigo", "idProvincia") VALUES (165, 'Tiwintza                                     ', '1410      ', 14);
INSERT INTO "residuospeligrosos"."Cantones" ("idCantones", "Canton", "Codigo", "idProvincia") VALUES (166, 'Logroño                                      ', '1411      ', 14);
INSERT INTO "residuospeligrosos"."Cantones" ("idCantones", "Canton", "Codigo", "idProvincia") VALUES (167, 'San Juan Bosco                               ', '1412      ', 14);
INSERT INTO "residuospeligrosos"."Cantones" ("idCantones", "Canton", "Codigo", "idProvincia") VALUES (168, 'Tena                                         ', '1501      ', 15);
INSERT INTO "residuospeligrosos"."Cantones" ("idCantones", "Canton", "Codigo", "idProvincia") VALUES (169, 'Archidona                                    ', '1502      ', 15);
INSERT INTO "residuospeligrosos"."Cantones" ("idCantones", "Canton", "Codigo", "idProvincia") VALUES (170, 'El Chaco                                     ', '1503      ', 15);
INSERT INTO "residuospeligrosos"."Cantones" ("idCantones", "Canton", "Codigo", "idProvincia") VALUES (171, 'Quijos                                       ', '1504      ', 15);
INSERT INTO "residuospeligrosos"."Cantones" ("idCantones", "Canton", "Codigo", "idProvincia") VALUES (172, 'Carlos Julio Arosemena Tola                  ', '1505      ', 15);
INSERT INTO "residuospeligrosos"."Cantones" ("idCantones", "Canton", "Codigo", "idProvincia") VALUES (173, 'Pastaza                                      ', '1601      ', 16);
INSERT INTO "residuospeligrosos"."Cantones" ("idCantones", "Canton", "Codigo", "idProvincia") VALUES (174, 'Mera                                         ', '1602      ', 16);
INSERT INTO "residuospeligrosos"."Cantones" ("idCantones", "Canton", "Codigo", "idProvincia") VALUES (175, 'Arajuno                                      ', '1603      ', 16);
INSERT INTO "residuospeligrosos"."Cantones" ("idCantones", "Canton", "Codigo", "idProvincia") VALUES (176, 'Santa Clara                                  ', '1604      ', 16);
INSERT INTO "residuospeligrosos"."Cantones" ("idCantones", "Canton", "Codigo", "idProvincia") VALUES (177, 'Quito                                        ', '1701      ', 17);
INSERT INTO "residuospeligrosos"."Cantones" ("idCantones", "Canton", "Codigo", "idProvincia") VALUES (178, 'Cayambe                                      ', '1702      ', 17);
INSERT INTO "residuospeligrosos"."Cantones" ("idCantones", "Canton", "Codigo", "idProvincia") VALUES (179, 'Mejía                                        ', '1703      ', 17);
INSERT INTO "residuospeligrosos"."Cantones" ("idCantones", "Canton", "Codigo", "idProvincia") VALUES (180, 'Rumiñahui                                    ', '1704      ', 17);
INSERT INTO "residuospeligrosos"."Cantones" ("idCantones", "Canton", "Codigo", "idProvincia") VALUES (181, 'San Miguel De Los Bancos                     ', '1705      ', 17);
INSERT INTO "residuospeligrosos"."Cantones" ("idCantones", "Canton", "Codigo", "idProvincia") VALUES (182, 'Pedro Vicente Maldonado                      ', '1706      ', 17);
INSERT INTO "residuospeligrosos"."Cantones" ("idCantones", "Canton", "Codigo", "idProvincia") VALUES (183, 'Puerto Quito                                 ', '1707      ', 17);
INSERT INTO "residuospeligrosos"."Cantones" ("idCantones", "Canton", "Codigo", "idProvincia") VALUES (184, 'Pedro Moncayo                                ', '1708      ', 17);
INSERT INTO "residuospeligrosos"."Cantones" ("idCantones", "Canton", "Codigo", "idProvincia") VALUES (185, 'Ambato                                       ', '1801      ', 18);
INSERT INTO "residuospeligrosos"."Cantones" ("idCantones", "Canton", "Codigo", "idProvincia") VALUES (186, 'San Pedro De Pelileo                         ', '1802      ', 18);
INSERT INTO "residuospeligrosos"."Cantones" ("idCantones", "Canton", "Codigo", "idProvincia") VALUES (187, 'Santiago De Píllaro                          ', '1803      ', 18);
INSERT INTO "residuospeligrosos"."Cantones" ("idCantones", "Canton", "Codigo", "idProvincia") VALUES (188, 'Cevallos                                     ', '1804      ', 18);
INSERT INTO "residuospeligrosos"."Cantones" ("idCantones", "Canton", "Codigo", "idProvincia") VALUES (189, 'Mocha                                        ', '1805      ', 18);
INSERT INTO "residuospeligrosos"."Cantones" ("idCantones", "Canton", "Codigo", "idProvincia") VALUES (190, 'Tisaleo                                      ', '1806      ', 18);
INSERT INTO "residuospeligrosos"."Cantones" ("idCantones", "Canton", "Codigo", "idProvincia") VALUES (191, 'Baños De Agua Santa                          ', '1807      ', 18);
INSERT INTO "residuospeligrosos"."Cantones" ("idCantones", "Canton", "Codigo", "idProvincia") VALUES (192, 'Patate                                       ', '1808      ', 18);
INSERT INTO "residuospeligrosos"."Cantones" ("idCantones", "Canton", "Codigo", "idProvincia") VALUES (193, 'Quero                                        ', '1809      ', 18);
INSERT INTO "residuospeligrosos"."Cantones" ("idCantones", "Canton", "Codigo", "idProvincia") VALUES (194, 'Zamora                                       ', '1901      ', 19);
INSERT INTO "residuospeligrosos"."Cantones" ("idCantones", "Canton", "Codigo", "idProvincia") VALUES (195, 'Yantzaza (yanzatza)                          ', '1902      ', 19);
INSERT INTO "residuospeligrosos"."Cantones" ("idCantones", "Canton", "Codigo", "idProvincia") VALUES (196, 'Chinchipe                                    ', '1903      ', 19);
INSERT INTO "residuospeligrosos"."Cantones" ("idCantones", "Canton", "Codigo", "idProvincia") VALUES (197, 'Centinela Del Cóndor                         ', '1904      ', 19);
INSERT INTO "residuospeligrosos"."Cantones" ("idCantones", "Canton", "Codigo", "idProvincia") VALUES (198, 'Nangaritza                                   ', '1905      ', 19);
INSERT INTO "residuospeligrosos"."Cantones" ("idCantones", "Canton", "Codigo", "idProvincia") VALUES (199, 'El Pangui                                    ', '1906      ', 19);
INSERT INTO "residuospeligrosos"."Cantones" ("idCantones", "Canton", "Codigo", "idProvincia") VALUES (200, 'Paquisha                                     ', '1907      ', 19);
INSERT INTO "residuospeligrosos"."Cantones" ("idCantones", "Canton", "Codigo", "idProvincia") VALUES (201, 'Palanda                                      ', '1908      ', 19);
INSERT INTO "residuospeligrosos"."Cantones" ("idCantones", "Canton", "Codigo", "idProvincia") VALUES (202, 'Yacuambí                                     ', '1909      ', 19);
INSERT INTO "residuospeligrosos"."Cantones" ("idCantones", "Canton", "Codigo", "idProvincia") VALUES (203, 'San Cristóbal                                ', '2001      ', 20);
INSERT INTO "residuospeligrosos"."Cantones" ("idCantones", "Canton", "Codigo", "idProvincia") VALUES (204, 'Santa Cruz                                   ', '2002      ', 20);
INSERT INTO "residuospeligrosos"."Cantones" ("idCantones", "Canton", "Codigo", "idProvincia") VALUES (205, 'Isabela                                      ', '2003      ', 20);
INSERT INTO "residuospeligrosos"."Cantones" ("idCantones", "Canton", "Codigo", "idProvincia") VALUES (206, 'Lago Agrio                                   ', '2101      ', 21);
INSERT INTO "residuospeligrosos"."Cantones" ("idCantones", "Canton", "Codigo", "idProvincia") VALUES (207, 'Shushufindi                                  ', '2102      ', 21);
INSERT INTO "residuospeligrosos"."Cantones" ("idCantones", "Canton", "Codigo", "idProvincia") VALUES (208, 'Cascales                                     ', '2103      ', 21);
INSERT INTO "residuospeligrosos"."Cantones" ("idCantones", "Canton", "Codigo", "idProvincia") VALUES (209, 'Gonzalo Pizarro                              ', '2104      ', 21);
INSERT INTO "residuospeligrosos"."Cantones" ("idCantones", "Canton", "Codigo", "idProvincia") VALUES (210, 'Sucumbíos                                    ', '2105      ', 21);
INSERT INTO "residuospeligrosos"."Cantones" ("idCantones", "Canton", "Codigo", "idProvincia") VALUES (211, 'Cuyabeno                                     ', '2106      ', 21);
INSERT INTO "residuospeligrosos"."Cantones" ("idCantones", "Canton", "Codigo", "idProvincia") VALUES (212, 'Putumayo                                     ', '2107      ', 21);
INSERT INTO "residuospeligrosos"."Cantones" ("idCantones", "Canton", "Codigo", "idProvincia") VALUES (213, 'Aguarico                                     ', '2201      ', 22);
INSERT INTO "residuospeligrosos"."Cantones" ("idCantones", "Canton", "Codigo", "idProvincia") VALUES (214, 'Orellana                                     ', '2202      ', 22);
INSERT INTO "residuospeligrosos"."Cantones" ("idCantones", "Canton", "Codigo", "idProvincia") VALUES (215, 'La Joya De Los Sachas                        ', '2203      ', 22);
INSERT INTO "residuospeligrosos"."Cantones" ("idCantones", "Canton", "Codigo", "idProvincia") VALUES (216, 'Loreto                                       ', '2204      ', 22);
INSERT INTO "residuospeligrosos"."Cantones" ("idCantones", "Canton", "Codigo", "idProvincia") VALUES (217, 'La Concordia                                 ', '2301      ', 23);
INSERT INTO "residuospeligrosos"."Cantones" ("idCantones", "Canton", "Codigo", "idProvincia") VALUES (218, 'Santo Domingo                                ', '3202      ', 23);
INSERT INTO "residuospeligrosos"."Cantones" ("idCantones", "Canton", "Codigo", "idProvincia") VALUES (219, 'Salinas                                      ', '2401      ', 24);
INSERT INTO "residuospeligrosos"."Cantones" ("idCantones", "Canton", "Codigo", "idProvincia") VALUES (220, 'La Libertad                                  ', '2402      ', 24);
INSERT INTO "residuospeligrosos"."Cantones" ("idCantones", "Canton", "Codigo", "idProvincia") VALUES (221, 'Santa Elena                                  ', '2403      ', 24);

INSERT INTO "residuospeligrosos"."Parroquias" ("idParroquias", "Parroquia", "idCanton") VALUES (1, 'Cuenca                                                                ', 1);
INSERT INTO "residuospeligrosos"."Parroquias" ("idParroquias", "Parroquia", "idCanton") VALUES (2, 'Girón                                                                 ', 2);
INSERT INTO "residuospeligrosos"."Parroquias" ("idParroquias", "Parroquia", "idCanton") VALUES (3, 'Gualaceo                                                              ', 3);
INSERT INTO "residuospeligrosos"."Parroquias" ("idParroquias", "Parroquia", "idCanton") VALUES (4, 'Santa Isabel (Chaguarurco)                                            ', 4);
INSERT INTO "residuospeligrosos"."Parroquias" ("idParroquias", "Parroquia", "idCanton") VALUES (5, 'Sigsig                                                                ', 5);
INSERT INTO "residuospeligrosos"."Parroquias" ("idParroquias", "Parroquia", "idCanton") VALUES (6, 'Paute                                                                 ', 6);
INSERT INTO "residuospeligrosos"."Parroquias" ("idParroquias", "Parroquia", "idCanton") VALUES (7, 'Molleturo                                                             ', 1);
INSERT INTO "residuospeligrosos"."Parroquias" ("idParroquias", "Parroquia", "idCanton") VALUES (8, 'Checa (Jidcay)                                                        ', 1);
INSERT INTO "residuospeligrosos"."Parroquias" ("idParroquias", "Parroquia", "idCanton") VALUES (9, 'Quingeo                                                               ', 1);
INSERT INTO "residuospeligrosos"."Parroquias" ("idParroquias", "Parroquia", "idCanton") VALUES (10, 'Sidcay                                                                ', 1);
INSERT INTO "residuospeligrosos"."Parroquias" ("idParroquias", "Parroquia", "idCanton") VALUES (11, 'Nulti                                                                 ', 1);
INSERT INTO "residuospeligrosos"."Parroquias" ("idParroquias", "Parroquia", "idCanton") VALUES (12, 'Cumbe                                                                 ', 1);
INSERT INTO "residuospeligrosos"."Parroquias" ("idParroquias", "Parroquia", "idCanton") VALUES (13, 'Chaucha                                                               ', 1);
INSERT INTO "residuospeligrosos"."Parroquias" ("idParroquias", "Parroquia", "idCanton") VALUES (14, 'Ricaurte                                                              ', 1);
INSERT INTO "residuospeligrosos"."Parroquias" ("idParroquias", "Parroquia", "idCanton") VALUES (15, 'Sinincay                                                              ', 1);
INSERT INTO "residuospeligrosos"."Parroquias" ("idParroquias", "Parroquia", "idCanton") VALUES (16, 'Tarqui                                                                ', 1);
INSERT INTO "residuospeligrosos"."Parroquias" ("idParroquias", "Parroquia", "idCanton") VALUES (17, 'Nabón                                                                 ', 7);
INSERT INTO "residuospeligrosos"."Parroquias" ("idParroquias", "Parroquia", "idCanton") VALUES (18, 'San Felipe de Oña                                                     ', 8);
INSERT INTO "residuospeligrosos"."Parroquias" ("idParroquias", "Parroquia", "idCanton") VALUES (19, 'San Fernando                                                          ', 9);
INSERT INTO "residuospeligrosos"."Parroquias" ("idParroquias", "Parroquia", "idCanton") VALUES (20, 'Asunción                                                              ', 2);
INSERT INTO "residuospeligrosos"."Parroquias" ("idParroquias", "Parroquia", "idCanton") VALUES (21, 'Cochapata                                                             ', 7);
INSERT INTO "residuospeligrosos"."Parroquias" ("idParroquias", "Parroquia", "idCanton") VALUES (22, 'San Juan                                                              ', 3);
INSERT INTO "residuospeligrosos"."Parroquias" ("idParroquias", "Parroquia", "idCanton") VALUES (23, 'Jadán                                                                 ', 3);
INSERT INTO "residuospeligrosos"."Parroquias" ("idParroquias", "Parroquia", "idCanton") VALUES (24, 'Mariano Moreno                                                        ', 3);
INSERT INTO "residuospeligrosos"."Parroquias" ("idParroquias", "Parroquia", "idCanton") VALUES (25, 'Chordeleg                                                             ', 10);
INSERT INTO "residuospeligrosos"."Parroquias" ("idParroquias", "Parroquia", "idCanton") VALUES (26, 'Principal                                                             ', 10);
INSERT INTO "residuospeligrosos"."Parroquias" ("idParroquias", "Parroquia", "idCanton") VALUES (27, 'Guachapala                                                            ', 11);
INSERT INTO "residuospeligrosos"."Parroquias" ("idParroquias", "Parroquia", "idCanton") VALUES (28, 'Guarainag                                                             ', 6);
INSERT INTO "residuospeligrosos"."Parroquias" ("idParroquias", "Parroquia", "idCanton") VALUES (29, 'El Pan                                                                ', 12);
INSERT INTO "residuospeligrosos"."Parroquias" ("idParroquias", "Parroquia", "idCanton") VALUES (30, 'Palmas                                                                ', 13);
INSERT INTO "residuospeligrosos"."Parroquias" ("idParroquias", "Parroquia", "idCanton") VALUES (31, 'San Vicente                                                           ', 12);
INSERT INTO "residuospeligrosos"."Parroquias" ("idParroquias", "Parroquia", "idCanton") VALUES (32, 'Camilo Ponce Enríquez                                                 ', 14);
INSERT INTO "residuospeligrosos"."Parroquias" ("idParroquias", "Parroquia", "idCanton") VALUES (33, 'Pucará                                                                ', 15);
INSERT INTO "residuospeligrosos"."Parroquias" ("idParroquias", "Parroquia", "idCanton") VALUES (34, 'Zhaglli (Shaglli)                                                     ', 4);
INSERT INTO "residuospeligrosos"."Parroquias" ("idParroquias", "Parroquia", "idCanton") VALUES (35, 'Gima                                                                  ', 5);
INSERT INTO "residuospeligrosos"."Parroquias" ("idParroquias", "Parroquia", "idCanton") VALUES (36, 'San Bartolomé                                                         ', 5);
INSERT INTO "residuospeligrosos"."Parroquias" ("idParroquias", "Parroquia", "idCanton") VALUES (37, 'Ludo                                                                  ', 5);
INSERT INTO "residuospeligrosos"."Parroquias" ("idParroquias", "Parroquia", "idCanton") VALUES (38, 'Sayausi                                                               ', 1);
INSERT INTO "residuospeligrosos"."Parroquias" ("idParroquias", "Parroquia", "idCanton") VALUES (39, 'Valle                                                                 ', 1);
INSERT INTO "residuospeligrosos"."Parroquias" ("idParroquias", "Parroquia", "idCanton") VALUES (40, 'San Joaquín                                                           ', 1);
INSERT INTO "residuospeligrosos"."Parroquias" ("idParroquias", "Parroquia", "idCanton") VALUES (41, 'Chiquintad                                                            ', 1);
INSERT INTO "residuospeligrosos"."Parroquias" ("idParroquias", "Parroquia", "idCanton") VALUES (42, 'Octavio Cordero Palacios (Santa Rosa)                                 ', 1);
INSERT INTO "residuospeligrosos"."Parroquias" ("idParroquias", "Parroquia", "idCanton") VALUES (43, 'Santa Ana                                                             ', 1);
INSERT INTO "residuospeligrosos"."Parroquias" ("idParroquias", "Parroquia", "idCanton") VALUES (44, 'Paccha                                                                ', 1);
INSERT INTO "residuospeligrosos"."Parroquias" ("idParroquias", "Parroquia", "idCanton") VALUES (45, 'El Carmen de Pijilí                                                   ', 14);
INSERT INTO "residuospeligrosos"."Parroquias" ("idParroquias", "Parroquia", "idCanton") VALUES (46, 'El Progreso (Cab. en Zhota)                                           ', 7);
INSERT INTO "residuospeligrosos"."Parroquias" ("idParroquias", "Parroquia", "idCanton") VALUES (47, 'Las Nieves (Chaya)                                                    ', 7);
INSERT INTO "residuospeligrosos"."Parroquias" ("idParroquias", "Parroquia", "idCanton") VALUES (48, 'Abdón Calderón  (La Unión)                                            ', 4);
INSERT INTO "residuospeligrosos"."Parroquias" ("idParroquias", "Parroquia", "idCanton") VALUES (49, 'Susudel                                                               ', 8);
INSERT INTO "residuospeligrosos"."Parroquias" ("idParroquias", "Parroquia", "idCanton") VALUES (50, 'San Rafael de Shurug                                                  ', 15);
INSERT INTO "residuospeligrosos"."Parroquias" ("idParroquias", "Parroquia", "idCanton") VALUES (51, 'Sevilla de Oro                                                        ', 13);
INSERT INTO "residuospeligrosos"."Parroquias" ("idParroquias", "Parroquia", "idCanton") VALUES (52, 'San Cristóbal (Carlos Ordóñez Lazo)                                   ', 6);
INSERT INTO "residuospeligrosos"."Parroquias" ("idParroquias", "Parroquia", "idCanton") VALUES (53, 'Amaluza                                                               ', 13);
INSERT INTO "residuospeligrosos"."Parroquias" ("idParroquias", "Parroquia", "idCanton") VALUES (54, 'Victoria del Portete (Irquis)                                         ', 1);
INSERT INTO "residuospeligrosos"."Parroquias" ("idParroquias", "Parroquia", "idCanton") VALUES (55, 'Guel                                                                  ', 5);
INSERT INTO "residuospeligrosos"."Parroquias" ("idParroquias", "Parroquia", "idCanton") VALUES (56, 'Cuchil (Cutchil)                                                      ', 5);
INSERT INTO "residuospeligrosos"."Parroquias" ("idParroquias", "Parroquia", "idCanton") VALUES (57, 'Chumblín                                                              ', 9);
INSERT INTO "residuospeligrosos"."Parroquias" ("idParroquias", "Parroquia", "idCanton") VALUES (58, 'Guaranda                                                              ', 16);
INSERT INTO "residuospeligrosos"."Parroquias" ("idParroquias", "Parroquia", "idCanton") VALUES (59, 'San Miguel                                                            ', 17);
INSERT INTO "residuospeligrosos"."Parroquias" ("idParroquias", "Parroquia", "idCanton") VALUES (60, 'Chillanes                                                             ', 18);
INSERT INTO "residuospeligrosos"."Parroquias" ("idParroquias", "Parroquia", "idCanton") VALUES (61, 'Echeandía                                                             ', 19);
INSERT INTO "residuospeligrosos"."Parroquias" ("idParroquias", "Parroquia", "idCanton") VALUES (62, 'Facundo Vela                                                          ', 16);
INSERT INTO "residuospeligrosos"."Parroquias" ("idParroquias", "Parroquia", "idCanton") VALUES (63, 'Las Naves                                                             ', 20);
INSERT INTO "residuospeligrosos"."Parroquias" ("idParroquias", "Parroquia", "idCanton") VALUES (64, 'San Lorenzo                                                           ', 16);
INSERT INTO "residuospeligrosos"."Parroquias" ("idParroquias", "Parroquia", "idCanton") VALUES (65, 'Simiátug                                                              ', 16);
INSERT INTO "residuospeligrosos"."Parroquias" ("idParroquias", "Parroquia", "idCanton") VALUES (66, 'Salinas                                                               ', 16);
INSERT INTO "residuospeligrosos"."Parroquias" ("idParroquias", "Parroquia", "idCanton") VALUES (67, 'San Simón (Yacoto)                                                    ', 16);
INSERT INTO "residuospeligrosos"."Parroquias" ("idParroquias", "Parroquia", "idCanton") VALUES (68, 'San José del Tambo (Tambopamba)                                       ', 18);
INSERT INTO "residuospeligrosos"."Parroquias" ("idParroquias", "Parroquia", "idCanton") VALUES (69, 'San José de Chimbo                                                    ', 21);
INSERT INTO "residuospeligrosos"."Parroquias" ("idParroquias", "Parroquia", "idCanton") VALUES (70, 'Caluma                                                                ', 22);
INSERT INTO "residuospeligrosos"."Parroquias" ("idParroquias", "Parroquia", "idCanton") VALUES (71, 'Magdalena (Chapacoto)                                                 ', 21);
INSERT INTO "residuospeligrosos"."Parroquias" ("idParroquias", "Parroquia", "idCanton") VALUES (72, 'Asunción (Asancoto)                                                   ', 21);
INSERT INTO "residuospeligrosos"."Parroquias" ("idParroquias", "Parroquia", "idCanton") VALUES (73, 'Telimbela                                                             ', 21);
INSERT INTO "residuospeligrosos"."Parroquias" ("idParroquias", "Parroquia", "idCanton") VALUES (74, 'Balsapamba                                                            ', 17);
INSERT INTO "residuospeligrosos"."Parroquias" ("idParroquias", "Parroquia", "idCanton") VALUES (75, 'Santiago                                                              ', 17);
INSERT INTO "residuospeligrosos"."Parroquias" ("idParroquias", "Parroquia", "idCanton") VALUES (76, 'San Pablo  (San Pablo de Atenas)                                      ', 17);
INSERT INTO "residuospeligrosos"."Parroquias" ("idParroquias", "Parroquia", "idCanton") VALUES (77, 'San Vicente                                                           ', 17);
INSERT INTO "residuospeligrosos"."Parroquias" ("idParroquias", "Parroquia", "idCanton") VALUES (78, 'Bilován                                                               ', 17);
INSERT INTO "residuospeligrosos"."Parroquias" ("idParroquias", "Parroquia", "idCanton") VALUES (79, 'Santa Fé (Santa Fé)                                                   ', 16);
INSERT INTO "residuospeligrosos"."Parroquias" ("idParroquias", "Parroquia", "idCanton") VALUES (80, 'San Luis de Pambil                                                    ', 16);
INSERT INTO "residuospeligrosos"."Parroquias" ("idParroquias", "Parroquia", "idCanton") VALUES (81, 'Julio E. Moreno (Catanahuán Grande)                                   ', 16);
INSERT INTO "residuospeligrosos"."Parroquias" ("idParroquias", "Parroquia", "idCanton") VALUES (82, 'Azogues                                                               ', 23);
INSERT INTO "residuospeligrosos"."Parroquias" ("idParroquias", "Parroquia", "idCanton") VALUES (83, 'Cañar                                                                 ', 24);
INSERT INTO "residuospeligrosos"."Parroquias" ("idParroquias", "Parroquia", "idCanton") VALUES (84, 'Déleg                                                                 ', 25);
INSERT INTO "residuospeligrosos"."Parroquias" ("idParroquias", "Parroquia", "idCanton") VALUES (85, 'Pindilig                                                              ', 23);
INSERT INTO "residuospeligrosos"."Parroquias" ("idParroquias", "Parroquia", "idCanton") VALUES (86, 'Solano                                                                ', 25);
INSERT INTO "residuospeligrosos"."Parroquias" ("idParroquias", "Parroquia", "idCanton") VALUES (87, 'Rivera                                                                ', 23);
INSERT INTO "residuospeligrosos"."Parroquias" ("idParroquias", "Parroquia", "idCanton") VALUES (88, 'Javier Loyola (Chuquipata)                                            ', 23);
INSERT INTO "residuospeligrosos"."Parroquias" ("idParroquias", "Parroquia", "idCanton") VALUES (89, 'Guapán                                                                ', 23);
INSERT INTO "residuospeligrosos"."Parroquias" ("idParroquias", "Parroquia", "idCanton") VALUES (90, 'Cojitambo                                                             ', 23);
INSERT INTO "residuospeligrosos"."Parroquias" ("idParroquias", "Parroquia", "idCanton") VALUES (91, 'Luis Cordero                                                          ', 23);
INSERT INTO "residuospeligrosos"."Parroquias" ("idParroquias", "Parroquia", "idCanton") VALUES (92, 'San Miguel                                                            ', 23);
INSERT INTO "residuospeligrosos"."Parroquias" ("idParroquias", "Parroquia", "idCanton") VALUES (93, 'Biblián                                                               ', 26);
INSERT INTO "residuospeligrosos"."Parroquias" ("idParroquias", "Parroquia", "idCanton") VALUES (94, 'Nazón (Cab. en Pampa de Domínguez)                                    ', 26);
INSERT INTO "residuospeligrosos"."Parroquias" ("idParroquias", "Parroquia", "idCanton") VALUES (95, 'El Tambo                                                              ', 27);
INSERT INTO "residuospeligrosos"."Parroquias" ("idParroquias", "Parroquia", "idCanton") VALUES (96, 'General Morales (Socarte)                                             ', 24);
INSERT INTO "residuospeligrosos"."Parroquias" ("idParroquias", "Parroquia", "idCanton") VALUES (97, 'Gualleturo                                                            ', 24);
INSERT INTO "residuospeligrosos"."Parroquias" ("idParroquias", "Parroquia", "idCanton") VALUES (98, 'Manuel J. Calle                                                       ', 28);
INSERT INTO "residuospeligrosos"."Parroquias" ("idParroquias", "Parroquia", "idCanton") VALUES (99, 'Suscal                                                                ', 29);
INSERT INTO "residuospeligrosos"."Parroquias" ("idParroquias", "Parroquia", "idCanton") VALUES (100, 'Ingapirca                                                             ', 24);
INSERT INTO "residuospeligrosos"."Parroquias" ("idParroquias", "Parroquia", "idCanton") VALUES (101, 'Chontamarca                                                           ', 24);
INSERT INTO "residuospeligrosos"."Parroquias" ("idParroquias", "Parroquia", "idCanton") VALUES (102, 'Pancho Negro                                                          ', 28);
INSERT INTO "residuospeligrosos"."Parroquias" ("idParroquias", "Parroquia", "idCanton") VALUES (103, 'Honorato Vásquez (Tambo Viejo)                                        ', 24);
INSERT INTO "residuospeligrosos"."Parroquias" ("idParroquias", "Parroquia", "idCanton") VALUES (104, 'Ducur                                                                 ', 24);
INSERT INTO "residuospeligrosos"."Parroquias" ("idParroquias", "Parroquia", "idCanton") VALUES (105, 'San Antonio                                                           ', 24);
INSERT INTO "residuospeligrosos"."Parroquias" ("idParroquias", "Parroquia", "idCanton") VALUES (106, 'Ventura                                                               ', 24);
INSERT INTO "residuospeligrosos"."Parroquias" ("idParroquias", "Parroquia", "idCanton") VALUES (107, 'Chorocopte                                                            ', 24);
INSERT INTO "residuospeligrosos"."Parroquias" ("idParroquias", "Parroquia", "idCanton") VALUES (108, 'Juncal                                                                ', 24);
INSERT INTO "residuospeligrosos"."Parroquias" ("idParroquias", "Parroquia", "idCanton") VALUES (109, 'La Troncal                                                            ', 28);
INSERT INTO "residuospeligrosos"."Parroquias" ("idParroquias", "Parroquia", "idCanton") VALUES (110, 'Taday                                                                 ', 23);
INSERT INTO "residuospeligrosos"."Parroquias" ("idParroquias", "Parroquia", "idCanton") VALUES (111, 'Zhud                                                                  ', 24);
INSERT INTO "residuospeligrosos"."Parroquias" ("idParroquias", "Parroquia", "idCanton") VALUES (112, 'San Francisco de Sageo                                                ', 26);
INSERT INTO "residuospeligrosos"."Parroquias" ("idParroquias", "Parroquia", "idCanton") VALUES (113, 'Tulcán                                                                ', 30);
INSERT INTO "residuospeligrosos"."Parroquias" ("idParroquias", "Parroquia", "idCanton") VALUES (114, 'El Ángel                                                              ', 31);
INSERT INTO "residuospeligrosos"."Parroquias" ("idParroquias", "Parroquia", "idCanton") VALUES (115, 'San Gabriel                                                           ', 32);
INSERT INTO "residuospeligrosos"."Parroquias" ("idParroquias", "Parroquia", "idCanton") VALUES (116, 'El Carmelo (El Pun)                                                   ', 30);
INSERT INTO "residuospeligrosos"."Parroquias" ("idParroquias", "Parroquia", "idCanton") VALUES (117, 'Julio Andrade (Orejuela)                                              ', 30);
INSERT INTO "residuospeligrosos"."Parroquias" ("idParroquias", "Parroquia", "idCanton") VALUES (118, 'Maldonado                                                             ', 30);
INSERT INTO "residuospeligrosos"."Parroquias" ("idParroquias", "Parroquia", "idCanton") VALUES (119, 'Tufiño                                                                ', 30);
INSERT INTO "residuospeligrosos"."Parroquias" ("idParroquias", "Parroquia", "idCanton") VALUES (120, 'Urbina (Taya)                                                         ', 30);
INSERT INTO "residuospeligrosos"."Parroquias" ("idParroquias", "Parroquia", "idCanton") VALUES (121, 'Huaca                                                                 ', 33);
INSERT INTO "residuospeligrosos"."Parroquias" ("idParroquias", "Parroquia", "idCanton") VALUES (122, 'El Goaltal                                                            ', 31);
INSERT INTO "residuospeligrosos"."Parroquias" ("idParroquias", "Parroquia", "idCanton") VALUES (123, 'Jijón y Caamaño (Cab. en Río Blanco)                                  ', 34);
INSERT INTO "residuospeligrosos"."Parroquias" ("idParroquias", "Parroquia", "idCanton") VALUES (124, 'Juan Montalvo (San Ignacio de Quil)                                   ', 34);
INSERT INTO "residuospeligrosos"."Parroquias" ("idParroquias", "Parroquia", "idCanton") VALUES (125, 'Concepción                                                            ', 34);
INSERT INTO "residuospeligrosos"."Parroquias" ("idParroquias", "Parroquia", "idCanton") VALUES (126, 'La Libertad (Alizo)                                                   ', 31);
INSERT INTO "residuospeligrosos"."Parroquias" ("idParroquias", "Parroquia", "idCanton") VALUES (127, 'Mira (Chontahuasi)                                                    ', 34);
INSERT INTO "residuospeligrosos"."Parroquias" ("idParroquias", "Parroquia", "idCanton") VALUES (128, 'San Isidro                                                            ', 31);
INSERT INTO "residuospeligrosos"."Parroquias" ("idParroquias", "Parroquia", "idCanton") VALUES (129, 'San Vicente de Pusir                                                  ', 35);
INSERT INTO "residuospeligrosos"."Parroquias" ("idParroquias", "Parroquia", "idCanton") VALUES (130, 'Cristóbal Colón                                                       ', 32);
INSERT INTO "residuospeligrosos"."Parroquias" ("idParroquias", "Parroquia", "idCanton") VALUES (131, 'Monte Olivo                                                           ', 35);
INSERT INTO "residuospeligrosos"."Parroquias" ("idParroquias", "Parroquia", "idCanton") VALUES (132, 'Bolívar                                                               ', 35);
INSERT INTO "residuospeligrosos"."Parroquias" ("idParroquias", "Parroquia", "idCanton") VALUES (133, 'La Paz                                                                ', 32);
INSERT INTO "residuospeligrosos"."Parroquias" ("idParroquias", "Parroquia", "idCanton") VALUES (134, 'García Moreno                                                         ', 35);
INSERT INTO "residuospeligrosos"."Parroquias" ("idParroquias", "Parroquia", "idCanton") VALUES (135, 'San Rafael                                                            ', 35);
INSERT INTO "residuospeligrosos"."Parroquias" ("idParroquias", "Parroquia", "idCanton") VALUES (136, 'El Chical                                                             ', 30);
INSERT INTO "residuospeligrosos"."Parroquias" ("idParroquias", "Parroquia", "idCanton") VALUES (137, 'Santa Martha de Cuba                                                  ', 30);
INSERT INTO "residuospeligrosos"."Parroquias" ("idParroquias", "Parroquia", "idCanton") VALUES (138, 'Pioter                                                                ', 30);
INSERT INTO "residuospeligrosos"."Parroquias" ("idParroquias", "Parroquia", "idCanton") VALUES (139, 'Los Andes                                                             ', 35);
INSERT INTO "residuospeligrosos"."Parroquias" ("idParroquias", "Parroquia", "idCanton") VALUES (140, 'Chitán de Navarrete                                                   ', 32);
INSERT INTO "residuospeligrosos"."Parroquias" ("idParroquias", "Parroquia", "idCanton") VALUES (141, 'Fernández Salvador                                                    ', 32);
INSERT INTO "residuospeligrosos"."Parroquias" ("idParroquias", "Parroquia", "idCanton") VALUES (142, 'Piartal                                                               ', 32);
INSERT INTO "residuospeligrosos"."Parroquias" ("idParroquias", "Parroquia", "idCanton") VALUES (143, 'La Matriz                                                             ', 36);
INSERT INTO "residuospeligrosos"."Parroquias" ("idParroquias", "Parroquia", "idCanton") VALUES (144, 'El Corazón                                                            ', 37);
INSERT INTO "residuospeligrosos"."Parroquias" ("idParroquias", "Parroquia", "idCanton") VALUES (145, 'Pujilí                                                                ', 38);
INSERT INTO "residuospeligrosos"."Parroquias" ("idParroquias", "Parroquia", "idCanton") VALUES (146, 'San Miguel                                                            ', 39);
INSERT INTO "residuospeligrosos"."Parroquias" ("idParroquias", "Parroquia", "idCanton") VALUES (147, 'Latacunga                                                             ', 36);
INSERT INTO "residuospeligrosos"."Parroquias" ("idParroquias", "Parroquia", "idCanton") VALUES (148, 'Guaitacama (Guaytacama)                                               ', 36);
INSERT INTO "residuospeligrosos"."Parroquias" ("idParroquias", "Parroquia", "idCanton") VALUES (149, 'Mulaló                                                                ', 36);
INSERT INTO "residuospeligrosos"."Parroquias" ("idParroquias", "Parroquia", "idCanton") VALUES (150, 'Las Pampas                                                            ', 40);
INSERT INTO "residuospeligrosos"."Parroquias" ("idParroquias", "Parroquia", "idCanton") VALUES (151, 'Joseguango Bajo                                                       ', 36);
INSERT INTO "residuospeligrosos"."Parroquias" ("idParroquias", "Parroquia", "idCanton") VALUES (152, 'Pucayacu                                                              ', 41);
INSERT INTO "residuospeligrosos"."Parroquias" ("idParroquias", "Parroquia", "idCanton") VALUES (153, 'San Juan de Pastocalle                                                ', 36);
INSERT INTO "residuospeligrosos"."Parroquias" ("idParroquias", "Parroquia", "idCanton") VALUES (154, 'Sigchos                                                               ', 40);
INSERT INTO "residuospeligrosos"."Parroquias" ("idParroquias", "Parroquia", "idCanton") VALUES (155, 'Toacaso                                                               ', 36);
INSERT INTO "residuospeligrosos"."Parroquias" ("idParroquias", "Parroquia", "idCanton") VALUES (156, 'Belisario Quevedo (Guanailín)                                         ', 36);
INSERT INTO "residuospeligrosos"."Parroquias" ("idParroquias", "Parroquia", "idCanton") VALUES (157, 'Tanicuchí                                                             ', 36);
INSERT INTO "residuospeligrosos"."Parroquias" ("idParroquias", "Parroquia", "idCanton") VALUES (158, 'Poaló                                                                 ', 36);
INSERT INTO "residuospeligrosos"."Parroquias" ("idParroquias", "Parroquia", "idCanton") VALUES (159, 'Alaques (Alaquez)                                                     ', 36);
INSERT INTO "residuospeligrosos"."Parroquias" ("idParroquias", "Parroquia", "idCanton") VALUES (160, '11 de Noviembre (Ilinchisi)                                           ', 36);
INSERT INTO "residuospeligrosos"."Parroquias" ("idParroquias", "Parroquia", "idCanton") VALUES (161, 'Moraspungo                                                            ', 37);
INSERT INTO "residuospeligrosos"."Parroquias" ("idParroquias", "Parroquia", "idCanton") VALUES (162, 'Angamarca                                                             ', 38);
INSERT INTO "residuospeligrosos"."Parroquias" ("idParroquias", "Parroquia", "idCanton") VALUES (163, 'La Maná                                                               ', 41);
INSERT INTO "residuospeligrosos"."Parroquias" ("idParroquias", "Parroquia", "idCanton") VALUES (164, 'Pilaló                                                                ', 38);
INSERT INTO "residuospeligrosos"."Parroquias" ("idParroquias", "Parroquia", "idCanton") VALUES (165, 'Tingo                                                                 ', 38);
INSERT INTO "residuospeligrosos"."Parroquias" ("idParroquias", "Parroquia", "idCanton") VALUES (166, 'Zumbahua                                                              ', 38);
INSERT INTO "residuospeligrosos"."Parroquias" ("idParroquias", "Parroquia", "idCanton") VALUES (167, 'La Victoria                                                           ', 38);
INSERT INTO "residuospeligrosos"."Parroquias" ("idParroquias", "Parroquia", "idCanton") VALUES (168, 'Guasaganda (Cab. en Guasaganda)                                       ', 41);
INSERT INTO "residuospeligrosos"."Parroquias" ("idParroquias", "Parroquia", "idCanton") VALUES (169, 'Mulalillo                                                             ', 39);
INSERT INTO "residuospeligrosos"."Parroquias" ("idParroquias", "Parroquia", "idCanton") VALUES (170, 'Antonio José Holguén  (Santa Lucía)                                   ', 39);
INSERT INTO "residuospeligrosos"."Parroquias" ("idParroquias", "Parroquia", "idCanton") VALUES (171, 'Cusubamba                                                             ', 39);
INSERT INTO "residuospeligrosos"."Parroquias" ("idParroquias", "Parroquia", "idCanton") VALUES (172, 'Mulliquindil (Santa Ana)                                              ', 39);
INSERT INTO "residuospeligrosos"."Parroquias" ("idParroquias", "Parroquia", "idCanton") VALUES (173, 'Pansaleo                                                              ', 39);
INSERT INTO "residuospeligrosos"."Parroquias" ("idParroquias", "Parroquia", "idCanton") VALUES (174, 'Saquisilí                                                             ', 42);
INSERT INTO "residuospeligrosos"."Parroquias" ("idParroquias", "Parroquia", "idCanton") VALUES (175, 'Chugchillán                                                           ', 40);
INSERT INTO "residuospeligrosos"."Parroquias" ("idParroquias", "Parroquia", "idCanton") VALUES (176, 'Isinliví (Isinliví)                                                   ', 40);
INSERT INTO "residuospeligrosos"."Parroquias" ("idParroquias", "Parroquia", "idCanton") VALUES (177, 'Ramón Campaña                                                         ', 37);
INSERT INTO "residuospeligrosos"."Parroquias" ("idParroquias", "Parroquia", "idCanton") VALUES (178, 'Pinllopata                                                            ', 37);
INSERT INTO "residuospeligrosos"."Parroquias" ("idParroquias", "Parroquia", "idCanton") VALUES (179, 'Guangaje                                                              ', 38);
INSERT INTO "residuospeligrosos"."Parroquias" ("idParroquias", "Parroquia", "idCanton") VALUES (180, 'Canchagua                                                             ', 42);
INSERT INTO "residuospeligrosos"."Parroquias" ("idParroquias", "Parroquia", "idCanton") VALUES (181, 'Lizarzaburu                                                           ', 43);
INSERT INTO "residuospeligrosos"."Parroquias" ("idParroquias", "Parroquia", "idCanton") VALUES (182, 'Veloz                                                                 ', 43);
INSERT INTO "residuospeligrosos"."Parroquias" ("idParroquias", "Parroquia", "idCanton") VALUES (183, 'Velasco                                                               ', 43);
INSERT INTO "residuospeligrosos"."Parroquias" ("idParroquias", "Parroquia", "idCanton") VALUES (184, 'Alausí                                                                ', 44);
INSERT INTO "residuospeligrosos"."Parroquias" ("idParroquias", "Parroquia", "idCanton") VALUES (185, 'Villa La Unión (Cajabamba)                                            ', 45);
INSERT INTO "residuospeligrosos"."Parroquias" ("idParroquias", "Parroquia", "idCanton") VALUES (186, 'Chunchi                                                               ', 46);
INSERT INTO "residuospeligrosos"."Parroquias" ("idParroquias", "Parroquia", "idCanton") VALUES (187, 'Guamote                                                               ', 47);
INSERT INTO "residuospeligrosos"."Parroquias" ("idParroquias", "Parroquia", "idCanton") VALUES (188, 'Riobamba                                                              ', 43);
INSERT INTO "residuospeligrosos"."Parroquias" ("idParroquias", "Parroquia", "idCanton") VALUES (189, 'Chambo                                                                ', 48);
INSERT INTO "residuospeligrosos"."Parroquias" ("idParroquias", "Parroquia", "idCanton") VALUES (190, 'Licto                                                                 ', 43);
INSERT INTO "residuospeligrosos"."Parroquias" ("idParroquias", "Parroquia", "idCanton") VALUES (191, 'Flores                                                                ', 43);
INSERT INTO "residuospeligrosos"."Parroquias" ("idParroquias", "Parroquia", "idCanton") VALUES (192, 'Punín                                                                 ', 43);
INSERT INTO "residuospeligrosos"."Parroquias" ("idParroquias", "Parroquia", "idCanton") VALUES (193, 'San Luis                                                              ', 43);
INSERT INTO "residuospeligrosos"."Parroquias" ("idParroquias", "Parroquia", "idCanton") VALUES (194, 'Quimiag                                                               ', 43);
INSERT INTO "residuospeligrosos"."Parroquias" ("idParroquias", "Parroquia", "idCanton") VALUES (195, 'San Juan                                                              ', 43);
INSERT INTO "residuospeligrosos"."Parroquias" ("idParroquias", "Parroquia", "idCanton") VALUES (196, 'Calpi                                                                 ', 43);
INSERT INTO "residuospeligrosos"."Parroquias" ("idParroquias", "Parroquia", "idCanton") VALUES (197, 'Pungalá                                                               ', 43);
INSERT INTO "residuospeligrosos"."Parroquias" ("idParroquias", "Parroquia", "idCanton") VALUES (198, 'Cubijíes                                                              ', 43);
INSERT INTO "residuospeligrosos"."Parroquias" ("idParroquias", "Parroquia", "idCanton") VALUES (199, 'Tixán                                                                 ', 44);
INSERT INTO "residuospeligrosos"."Parroquias" ("idParroquias", "Parroquia", "idCanton") VALUES (200, 'Sibambe                                                               ', 44);
INSERT INTO "residuospeligrosos"."Parroquias" ("idParroquias", "Parroquia", "idCanton") VALUES (201, 'Achupallas                                                            ', 44);
INSERT INTO "residuospeligrosos"."Parroquias" ("idParroquias", "Parroquia", "idCanton") VALUES (202, 'Huigra                                                                ', 44);
INSERT INTO "residuospeligrosos"."Parroquias" ("idParroquias", "Parroquia", "idCanton") VALUES (203, 'Cumandá                                                               ', 49);
INSERT INTO "residuospeligrosos"."Parroquias" ("idParroquias", "Parroquia", "idCanton") VALUES (204, 'Guasuntos                                                             ', 44);
INSERT INTO "residuospeligrosos"."Parroquias" ("idParroquias", "Parroquia", "idCanton") VALUES (205, 'Guano                                                                 ', 50);
INSERT INTO "residuospeligrosos"."Parroquias" ("idParroquias", "Parroquia", "idCanton") VALUES (206, 'Penipe                                                                ', 51);
INSERT INTO "residuospeligrosos"."Parroquias" ("idParroquias", "Parroquia", "idCanton") VALUES (207, 'San Andrés                                                            ', 50);
INSERT INTO "residuospeligrosos"."Parroquias" ("idParroquias", "Parroquia", "idCanton") VALUES (208, 'San Isidro de Patulú                                                  ', 50);
INSERT INTO "residuospeligrosos"."Parroquias" ("idParroquias", "Parroquia", "idCanton") VALUES (209, 'Matus                                                                 ', 51);
INSERT INTO "residuospeligrosos"."Parroquias" ("idParroquias", "Parroquia", "idCanton") VALUES (210, 'Columbe                                                               ', 45);
INSERT INTO "residuospeligrosos"."Parroquias" ("idParroquias", "Parroquia", "idCanton") VALUES (211, 'Juan de Velasco (Pangor)                                              ', 45);
INSERT INTO "residuospeligrosos"."Parroquias" ("idParroquias", "Parroquia", "idCanton") VALUES (212, 'Pallatanga                                                            ', 52);
INSERT INTO "residuospeligrosos"."Parroquias" ("idParroquias", "Parroquia", "idCanton") VALUES (213, 'Palmira                                                               ', 47);
INSERT INTO "residuospeligrosos"."Parroquias" ("idParroquias", "Parroquia", "idCanton") VALUES (214, 'Cebadas                                                               ', 47);
INSERT INTO "residuospeligrosos"."Parroquias" ("idParroquias", "Parroquia", "idCanton") VALUES (215, 'Capzol                                                                ', 46);
INSERT INTO "residuospeligrosos"."Parroquias" ("idParroquias", "Parroquia", "idCanton") VALUES (216, 'Gonzol                                                                ', 46);
INSERT INTO "residuospeligrosos"."Parroquias" ("idParroquias", "Parroquia", "idCanton") VALUES (217, 'Ilapo                                                                 ', 50);
INSERT INTO "residuospeligrosos"."Parroquias" ("idParroquias", "Parroquia", "idCanton") VALUES (218, 'San Gerardo de Pacaicaguán                                            ', 50);
INSERT INTO "residuospeligrosos"."Parroquias" ("idParroquias", "Parroquia", "idCanton") VALUES (219, 'Cacha (Cab. en Machángara)                                            ', 43);
INSERT INTO "residuospeligrosos"."Parroquias" ("idParroquias", "Parroquia", "idCanton") VALUES (220, 'Multitud                                                              ', 44);
INSERT INTO "residuospeligrosos"."Parroquias" ("idParroquias", "Parroquia", "idCanton") VALUES (221, 'Compud                                                                ', 46);
INSERT INTO "residuospeligrosos"."Parroquias" ("idParroquias", "Parroquia", "idCanton") VALUES (222, 'Llagos                                                                ', 46);
INSERT INTO "residuospeligrosos"."Parroquias" ("idParroquias", "Parroquia", "idCanton") VALUES (223, 'Santiago de Quito (Cab. en San Antonio de Quito)                      ', 45);
INSERT INTO "residuospeligrosos"."Parroquias" ("idParroquias", "Parroquia", "idCanton") VALUES (224, 'Sevilla                                                               ', 44);
INSERT INTO "residuospeligrosos"."Parroquias" ("idParroquias", "Parroquia", "idCanton") VALUES (225, 'Machala                                                               ', 53);
INSERT INTO "residuospeligrosos"."Parroquias" ("idParroquias", "Parroquia", "idCanton") VALUES (226, 'Pasaje                                                                ', 54);
INSERT INTO "residuospeligrosos"."Parroquias" ("idParroquias", "Parroquia", "idCanton") VALUES (227, 'Arenillas                                                             ', 55);
INSERT INTO "residuospeligrosos"."Parroquias" ("idParroquias", "Parroquia", "idCanton") VALUES (228, 'Piñas                                                                 ', 56);
INSERT INTO "residuospeligrosos"."Parroquias" ("idParroquias", "Parroquia", "idCanton") VALUES (229, 'Santa Rosa                                                            ', 57);
INSERT INTO "residuospeligrosos"."Parroquias" ("idParroquias", "Parroquia", "idCanton") VALUES (230, 'Zaruma                                                                ', 58);
INSERT INTO "residuospeligrosos"."Parroquias" ("idParroquias", "Parroquia", "idCanton") VALUES (231, 'El Guabo                                                              ', 59);
INSERT INTO "residuospeligrosos"."Parroquias" ("idParroquias", "Parroquia", "idCanton") VALUES (232, 'Tendales (Cab. en Puerto Tendales)                                    ', 59);
INSERT INTO "residuospeligrosos"."Parroquias" ("idParroquias", "Parroquia", "idCanton") VALUES (233, 'Barbones (Sucre)                                                      ', 59);
INSERT INTO "residuospeligrosos"."Parroquias" ("idParroquias", "Parroquia", "idCanton") VALUES (234, 'Chilla                                                                ', 60);
INSERT INTO "residuospeligrosos"."Parroquias" ("idParroquias", "Parroquia", "idCanton") VALUES (235, 'Uzhcurrumi                                                            ', 54);
INSERT INTO "residuospeligrosos"."Parroquias" ("idParroquias", "Parroquia", "idCanton") VALUES (236, 'Buenavista                                                            ', 54);
INSERT INTO "residuospeligrosos"."Parroquias" ("idParroquias", "Parroquia", "idCanton") VALUES (237, 'La Peaña                                                              ', 54);
INSERT INTO "residuospeligrosos"."Parroquias" ("idParroquias", "Parroquia", "idCanton") VALUES (238, 'Progreso                                                              ', 54);
INSERT INTO "residuospeligrosos"."Parroquias" ("idParroquias", "Parroquia", "idCanton") VALUES (239, 'Casacay                                                               ', 54);
INSERT INTO "residuospeligrosos"."Parroquias" ("idParroquias", "Parroquia", "idCanton") VALUES (240, 'Marcabelí                                                             ', 61);
INSERT INTO "residuospeligrosos"."Parroquias" ("idParroquias", "Parroquia", "idCanton") VALUES (241, 'Moromoro (Cab. en El Vado)                                            ', 56);
INSERT INTO "residuospeligrosos"."Parroquias" ("idParroquias", "Parroquia", "idCanton") VALUES (242, 'Balsas                                                                ', 62);
INSERT INTO "residuospeligrosos"."Parroquias" ("idParroquias", "Parroquia", "idCanton") VALUES (243, 'Capiro (Cab. en La Capilla de Capiro)                                 ', 56);
INSERT INTO "residuospeligrosos"."Parroquias" ("idParroquias", "Parroquia", "idCanton") VALUES (244, 'La Bocana                                                             ', 56);
INSERT INTO "residuospeligrosos"."Parroquias" ("idParroquias", "Parroquia", "idCanton") VALUES (245, 'San Roque (Ambrosio Maldonado)                                        ', 56);
INSERT INTO "residuospeligrosos"."Parroquias" ("idParroquias", "Parroquia", "idCanton") VALUES (246, 'Saracay                                                               ', 56);
INSERT INTO "residuospeligrosos"."Parroquias" ("idParroquias", "Parroquia", "idCanton") VALUES (247, 'Victoria                                                              ', 57);
INSERT INTO "residuospeligrosos"."Parroquias" ("idParroquias", "Parroquia", "idCanton") VALUES (248, 'Chacras                                                               ', 55);
INSERT INTO "residuospeligrosos"."Parroquias" ("idParroquias", "Parroquia", "idCanton") VALUES (249, 'Palmales                                                              ', 55);
INSERT INTO "residuospeligrosos"."Parroquias" ("idParroquias", "Parroquia", "idCanton") VALUES (250, 'Ayapamba                                                              ', 63);
INSERT INTO "residuospeligrosos"."Parroquias" ("idParroquias", "Parroquia", "idCanton") VALUES (251, 'Guizhaguiña                                                           ', 58);
INSERT INTO "residuospeligrosos"."Parroquias" ("idParroquias", "Parroquia", "idCanton") VALUES (252, 'Paccha                                                                ', 63);
INSERT INTO "residuospeligrosos"."Parroquias" ("idParroquias", "Parroquia", "idCanton") VALUES (253, 'Huertas                                                               ', 58);
INSERT INTO "residuospeligrosos"."Parroquias" ("idParroquias", "Parroquia", "idCanton") VALUES (254, 'Malvas                                                                ', 58);
INSERT INTO "residuospeligrosos"."Parroquias" ("idParroquias", "Parroquia", "idCanton") VALUES (255, 'Portovelo                                                             ', 64);
INSERT INTO "residuospeligrosos"."Parroquias" ("idParroquias", "Parroquia", "idCanton") VALUES (256, 'Salatí                                                                ', 64);
INSERT INTO "residuospeligrosos"."Parroquias" ("idParroquias", "Parroquia", "idCanton") VALUES (257, 'Curtincapa                                                            ', 64);
INSERT INTO "residuospeligrosos"."Parroquias" ("idParroquias", "Parroquia", "idCanton") VALUES (258, 'Bellavista                                                            ', 57);
INSERT INTO "residuospeligrosos"."Parroquias" ("idParroquias", "Parroquia", "idCanton") VALUES (259, 'San Antonio                                                           ', 57);
INSERT INTO "residuospeligrosos"."Parroquias" ("idParroquias", "Parroquia", "idCanton") VALUES (260, 'La Avanzada                                                           ', 57);
INSERT INTO "residuospeligrosos"."Parroquias" ("idParroquias", "Parroquia", "idCanton") VALUES (261, 'Cañaquemada                                                           ', 54);
INSERT INTO "residuospeligrosos"."Parroquias" ("idParroquias", "Parroquia", "idCanton") VALUES (262, 'Guanazán                                                              ', 58);
INSERT INTO "residuospeligrosos"."Parroquias" ("idParroquias", "Parroquia", "idCanton") VALUES (263, 'Jambelí                                                               ', 57);
INSERT INTO "residuospeligrosos"."Parroquias" ("idParroquias", "Parroquia", "idCanton") VALUES (264, 'Bellamaría                                                            ', 57);
INSERT INTO "residuospeligrosos"."Parroquias" ("idParroquias", "Parroquia", "idCanton") VALUES (265, 'San Isidro                                                            ', 65);
INSERT INTO "residuospeligrosos"."Parroquias" ("idParroquias", "Parroquia", "idCanton") VALUES (266, 'Huaquillas                                                            ', 66);
INSERT INTO "residuospeligrosos"."Parroquias" ("idParroquias", "Parroquia", "idCanton") VALUES (267, 'Piedras                                                               ', 56);
INSERT INTO "residuospeligrosos"."Parroquias" ("idParroquias", "Parroquia", "idCanton") VALUES (268, 'Salvias                                                               ', 58);
INSERT INTO "residuospeligrosos"."Parroquias" ("idParroquias", "Parroquia", "idCanton") VALUES (269, 'La Iberia                                                             ', 59);
INSERT INTO "residuospeligrosos"."Parroquias" ("idParroquias", "Parroquia", "idCanton") VALUES (270, 'La Victoria                                                           ', 65);
INSERT INTO "residuospeligrosos"."Parroquias" ("idParroquias", "Parroquia", "idCanton") VALUES (271, 'Esmeraldas                                                            ', 67);
INSERT INTO "residuospeligrosos"."Parroquias" ("idParroquias", "Parroquia", "idCanton") VALUES (272, 'Valdez (Limones)                                                      ', 68);
INSERT INTO "residuospeligrosos"."Parroquias" ("idParroquias", "Parroquia", "idCanton") VALUES (273, 'San Lorenzo                                                           ', 69);
INSERT INTO "residuospeligrosos"."Parroquias" ("idParroquias", "Parroquia", "idCanton") VALUES (274, 'Muisne                                                                ', 70);
INSERT INTO "residuospeligrosos"."Parroquias" ("idParroquias", "Parroquia", "idCanton") VALUES (275, 'Rosa Zárate (Quinindé)                                                ', 71);
INSERT INTO "residuospeligrosos"."Parroquias" ("idParroquias", "Parroquia", "idCanton") VALUES (276, 'Borbon                                                                ', 68);
INSERT INTO "residuospeligrosos"."Parroquias" ("idParroquias", "Parroquia", "idCanton") VALUES (277, 'Atacames                                                              ', 72);
INSERT INTO "residuospeligrosos"."Parroquias" ("idParroquias", "Parroquia", "idCanton") VALUES (278, 'Rocafuerte                                                            ', 73);
INSERT INTO "residuospeligrosos"."Parroquias" ("idParroquias", "Parroquia", "idCanton") VALUES (279, 'Chinca                                                                ', 67);
INSERT INTO "residuospeligrosos"."Parroquias" ("idParroquias", "Parroquia", "idCanton") VALUES (280, 'La Unión                                                              ', 72);
INSERT INTO "residuospeligrosos"."Parroquias" ("idParroquias", "Parroquia", "idCanton") VALUES (281, 'Majua                                                                 ', 67);
INSERT INTO "residuospeligrosos"."Parroquias" ("idParroquias", "Parroquia", "idCanton") VALUES (282, 'Rioverde                                                              ', 73);
INSERT INTO "residuospeligrosos"."Parroquias" ("idParroquias", "Parroquia", "idCanton") VALUES (283, 'San Mateo                                                             ', 67);
INSERT INTO "residuospeligrosos"."Parroquias" ("idParroquias", "Parroquia", "idCanton") VALUES (284, 'Tabiazo                                                               ', 67);
INSERT INTO "residuospeligrosos"."Parroquias" ("idParroquias", "Parroquia", "idCanton") VALUES (285, 'Tachina                                                               ', 67);
INSERT INTO "residuospeligrosos"."Parroquias" ("idParroquias", "Parroquia", "idCanton") VALUES (286, 'Tonchigue                                                             ', 72);
INSERT INTO "residuospeligrosos"."Parroquias" ("idParroquias", "Parroquia", "idCanton") VALUES (287, 'Vuelta Larga                                                          ', 67);
INSERT INTO "residuospeligrosos"."Parroquias" ("idParroquias", "Parroquia", "idCanton") VALUES (288, 'Chontaduro                                                            ', 73);
INSERT INTO "residuospeligrosos"."Parroquias" ("idParroquias", "Parroquia", "idCanton") VALUES (289, 'Camarones (Cab. en San Vicente)                                       ', 67);
INSERT INTO "residuospeligrosos"."Parroquias" ("idParroquias", "Parroquia", "idCanton") VALUES (290, 'Montalvo (Cab. en Horqueta)                                           ', 73);
INSERT INTO "residuospeligrosos"."Parroquias" ("idParroquias", "Parroquia", "idCanton") VALUES (291, 'Mataje (Cab. en Santander)                                            ', 69);
INSERT INTO "residuospeligrosos"."Parroquias" ("idParroquias", "Parroquia", "idCanton") VALUES (292, 'Súa  (Cab. en La Bocana)                                              ', 72);
INSERT INTO "residuospeligrosos"."Parroquias" ("idParroquias", "Parroquia", "idCanton") VALUES (293, 'Colón Eloy del María                                                  ', 68);
INSERT INTO "residuospeligrosos"."Parroquias" ("idParroquias", "Parroquia", "idCanton") VALUES (294, 'Ancón (Pichangal) (Cab. en Palma Real)                                ', 69);
INSERT INTO "residuospeligrosos"."Parroquias" ("idParroquias", "Parroquia", "idCanton") VALUES (295, 'Calderón                                                              ', 69);
INSERT INTO "residuospeligrosos"."Parroquias" ("idParroquias", "Parroquia", "idCanton") VALUES (296, '5 de Junio (Cab. en Uimbi)                                            ', 69);
INSERT INTO "residuospeligrosos"."Parroquias" ("idParroquias", "Parroquia", "idCanton") VALUES (297, 'Concepción                                                            ', 69);
INSERT INTO "residuospeligrosos"."Parroquias" ("idParroquias", "Parroquia", "idCanton") VALUES (298, 'La Tola                                                               ', 68);
INSERT INTO "residuospeligrosos"."Parroquias" ("idParroquias", "Parroquia", "idCanton") VALUES (299, 'Luis Vargas Torres (Cab. en Playa de Oro)                             ', 68);
INSERT INTO "residuospeligrosos"."Parroquias" ("idParroquias", "Parroquia", "idCanton") VALUES (300, 'Maldonado                                                             ', 68);
INSERT INTO "residuospeligrosos"."Parroquias" ("idParroquias", "Parroquia", "idCanton") VALUES (301, 'San Francisco de Onzole                                               ', 68);
INSERT INTO "residuospeligrosos"."Parroquias" ("idParroquias", "Parroquia", "idCanton") VALUES (302, 'Chumundé                                                              ', 73);
INSERT INTO "residuospeligrosos"."Parroquias" ("idParroquias", "Parroquia", "idCanton") VALUES (303, 'San Javier de Cachaví (Cab. en San Javier)                            ', 69);
INSERT INTO "residuospeligrosos"."Parroquias" ("idParroquias", "Parroquia", "idCanton") VALUES (304, 'Santa Rita                                                            ', 69);
INSERT INTO "residuospeligrosos"."Parroquias" ("idParroquias", "Parroquia", "idCanton") VALUES (305, 'Urbina                                                                ', 69);
INSERT INTO "residuospeligrosos"."Parroquias" ("idParroquias", "Parroquia", "idCanton") VALUES (306, 'San Gregorio                                                          ', 70);
INSERT INTO "residuospeligrosos"."Parroquias" ("idParroquias", "Parroquia", "idCanton") VALUES (307, 'Bolívar                                                               ', 70);
INSERT INTO "residuospeligrosos"."Parroquias" ("idParroquias", "Parroquia", "idCanton") VALUES (308, 'Daule                                                                 ', 70);
INSERT INTO "residuospeligrosos"."Parroquias" ("idParroquias", "Parroquia", "idCanton") VALUES (309, 'Galera                                                                ', 70);
INSERT INTO "residuospeligrosos"."Parroquias" ("idParroquias", "Parroquia", "idCanton") VALUES (310, 'San Francisco                                                         ', 70);
INSERT INTO "residuospeligrosos"."Parroquias" ("idParroquias", "Parroquia", "idCanton") VALUES (311, 'San José de Chamanga (Cab. en Chamanga)                               ', 70);
INSERT INTO "residuospeligrosos"."Parroquias" ("idParroquias", "Parroquia", "idCanton") VALUES (312, 'Cube                                                                  ', 71);
INSERT INTO "residuospeligrosos"."Parroquias" ("idParroquias", "Parroquia", "idCanton") VALUES (313, 'Malimpia                                                              ', 71);
INSERT INTO "residuospeligrosos"."Parroquias" ("idParroquias", "Parroquia", "idCanton") VALUES (314, 'Viche                                                                 ', 71);
INSERT INTO "residuospeligrosos"."Parroquias" ("idParroquias", "Parroquia", "idCanton") VALUES (315, 'La Unión                                                              ', 71);
INSERT INTO "residuospeligrosos"."Parroquias" ("idParroquias", "Parroquia", "idCanton") VALUES (316, 'Atahualpa (Cab. en Camarones)                                         ', 68);
INSERT INTO "residuospeligrosos"."Parroquias" ("idParroquias", "Parroquia", "idCanton") VALUES (317, 'Selva Alegre                                                          ', 68);
INSERT INTO "residuospeligrosos"."Parroquias" ("idParroquias", "Parroquia", "idCanton") VALUES (318, 'Santo Domingo de Onzole                                               ', 68);
INSERT INTO "residuospeligrosos"."Parroquias" ("idParroquias", "Parroquia", "idCanton") VALUES (319, 'Crnel. Carlos Concha Torres (Cab. en Huele)                           ', 67);
INSERT INTO "residuospeligrosos"."Parroquias" ("idParroquias", "Parroquia", "idCanton") VALUES (320, 'Tululbí (Cab. en Ricaurte)                                            ', 69);
INSERT INTO "residuospeligrosos"."Parroquias" ("idParroquias", "Parroquia", "idCanton") VALUES (321, 'Lagarto                                                               ', 73);
INSERT INTO "residuospeligrosos"."Parroquias" ("idParroquias", "Parroquia", "idCanton") VALUES (322, 'Telembi                                                               ', 68);
INSERT INTO "residuospeligrosos"."Parroquias" ("idParroquias", "Parroquia", "idCanton") VALUES (323, 'Chura (Chancama) (Cab. en El Yerbero)                                 ', 71);
INSERT INTO "residuospeligrosos"."Parroquias" ("idParroquias", "Parroquia", "idCanton") VALUES (324, 'Tambillo                                                              ', 69);
INSERT INTO "residuospeligrosos"."Parroquias" ("idParroquias", "Parroquia", "idCanton") VALUES (325, 'Guayaquil                                                             ', 74);
INSERT INTO "residuospeligrosos"."Parroquias" ("idParroquias", "Parroquia", "idCanton") VALUES (326, 'Milagro                                                               ', 75);
INSERT INTO "residuospeligrosos"."Parroquias" ("idParroquias", "Parroquia", "idCanton") VALUES (327, 'Velasco Ibarra (El Empalme)                                           ', 76);
INSERT INTO "residuospeligrosos"."Parroquias" ("idParroquias", "Parroquia", "idCanton") VALUES (328, 'San Jacinto de Yaguachi                                               ', 77);
INSERT INTO "residuospeligrosos"."Parroquias" ("idParroquias", "Parroquia", "idCanton") VALUES (329, 'José Luis Tamayo (Muey)                                               ', 219);
INSERT INTO "residuospeligrosos"."Parroquias" ("idParroquias", "Parroquia", "idCanton") VALUES (330, 'Eloy Alfaro (Durán)                                                   ', 78);
INSERT INTO "residuospeligrosos"."Parroquias" ("idParroquias", "Parroquia", "idCanton") VALUES (331, 'General Villamil (Playas)                                             ', 79);
INSERT INTO "residuospeligrosos"."Parroquias" ("idParroquias", "Parroquia", "idCanton") VALUES (332, 'Tenguel                                                               ', 74);
INSERT INTO "residuospeligrosos"."Parroquias" ("idParroquias", "Parroquia", "idCanton") VALUES (333, 'Balzar                                                                ', 80);
INSERT INTO "residuospeligrosos"."Parroquias" ("idParroquias", "Parroquia", "idCanton") VALUES (334, 'Daule                                                                 ', 81);
INSERT INTO "residuospeligrosos"."Parroquias" ("idParroquias", "Parroquia", "idCanton") VALUES (335, 'Naranjal                                                              ', 82);
INSERT INTO "residuospeligrosos"."Parroquias" ("idParroquias", "Parroquia", "idCanton") VALUES (336, 'La Libertad                                                           ', 220);
INSERT INTO "residuospeligrosos"."Parroquias" ("idParroquias", "Parroquia", "idCanton") VALUES (337, 'San José de Ancón                                                     ', 221);
INSERT INTO "residuospeligrosos"."Parroquias" ("idParroquias", "Parroquia", "idCanton") VALUES (338, 'Manglaralto                                                           ', 221);
INSERT INTO "residuospeligrosos"."Parroquias" ("idParroquias", "Parroquia", "idCanton") VALUES (339, 'Coronel Marcelino Maridueña (San Carlos)                              ', 83);
INSERT INTO "residuospeligrosos"."Parroquias" ("idParroquias", "Parroquia", "idCanton") VALUES (340, 'El Triunfo                                                            ', 84);
INSERT INTO "residuospeligrosos"."Parroquias" ("idParroquias", "Parroquia", "idCanton") VALUES (341, 'El Salitre (Las Ramas)                                                ', 85);
INSERT INTO "residuospeligrosos"."Parroquias" ("idParroquias", "Parroquia", "idCanton") VALUES (342, 'Salinas                                                               ', 219);
INSERT INTO "residuospeligrosos"."Parroquias" ("idParroquias", "Parroquia", "idCanton") VALUES (343, 'Naranjito                                                             ', 86);
INSERT INTO "residuospeligrosos"."Parroquias" ("idParroquias", "Parroquia", "idCanton") VALUES (344, 'Juan Gómez Rendón (Progreso)                                          ', 74);
INSERT INTO "residuospeligrosos"."Parroquias" ("idParroquias", "Parroquia", "idCanton") VALUES (345, 'Posorja                                                               ', 74);
INSERT INTO "residuospeligrosos"."Parroquias" ("idParroquias", "Parroquia", "idCanton") VALUES (346, 'Puná                                                                  ', 74);
INSERT INTO "residuospeligrosos"."Parroquias" ("idParroquias", "Parroquia", "idCanton") VALUES (347, 'Balao                                                                 ', 87);
INSERT INTO "residuospeligrosos"."Parroquias" ("idParroquias", "Parroquia", "idCanton") VALUES (348, 'Colimes                                                               ', 88);
INSERT INTO "residuospeligrosos"."Parroquias" ("idParroquias", "Parroquia", "idCanton") VALUES (349, 'Isidro Ayora                                                          ', 89);
INSERT INTO "residuospeligrosos"."Parroquias" ("idParroquias", "Parroquia", "idCanton") VALUES (350, 'Narcisa de Jesús (Nobol)                                              ', 90);
INSERT INTO "residuospeligrosos"."Parroquias" ("idParroquias", "Parroquia", "idCanton") VALUES (351, 'Los Lojas (Enrique Baquerizo Moreno)                                  ', 81);
INSERT INTO "residuospeligrosos"."Parroquias" ("idParroquias", "Parroquia", "idCanton") VALUES (352, 'Lomas de Sargentillo                                                  ', 91);
INSERT INTO "residuospeligrosos"."Parroquias" ("idParroquias", "Parroquia", "idCanton") VALUES (353, 'Palestina                                                             ', 92);
INSERT INTO "residuospeligrosos"."Parroquias" ("idParroquias", "Parroquia", "idCanton") VALUES (354, 'Pedro Carbo                                                           ', 93);
INSERT INTO "residuospeligrosos"."Parroquias" ("idParroquias", "Parroquia", "idCanton") VALUES (355, 'Santa Lucía                                                           ', 94);
INSERT INTO "residuospeligrosos"."Parroquias" ("idParroquias", "Parroquia", "idCanton") VALUES (356, 'Guayas (Pueblo Nuevo)                                                 ', 76);
INSERT INTO "residuospeligrosos"."Parroquias" ("idParroquias", "Parroquia", "idCanton") VALUES (357, 'General Antonio Elizalde (Bucay)                                      ', 95);
INSERT INTO "residuospeligrosos"."Parroquias" ("idParroquias", "Parroquia", "idCanton") VALUES (358, 'Mariscal Sucre (Huaques)                                              ', 75);
INSERT INTO "residuospeligrosos"."Parroquias" ("idParroquias", "Parroquia", "idCanton") VALUES (359, 'Taura                                                                 ', 82);
INSERT INTO "residuospeligrosos"."Parroquias" ("idParroquias", "Parroquia", "idCanton") VALUES (360, 'Samborondón                                                           ', 96);
INSERT INTO "residuospeligrosos"."Parroquias" ("idParroquias", "Parroquia", "idCanton") VALUES (361, 'Tarifa                                                                ', 96);
INSERT INTO "residuospeligrosos"."Parroquias" ("idParroquias", "Parroquia", "idCanton") VALUES (362, 'Santa Elena                                                           ', 221);
INSERT INTO "residuospeligrosos"."Parroquias" ("idParroquias", "Parroquia", "idCanton") VALUES (363, 'Chanduy                                                               ', 221);
INSERT INTO "residuospeligrosos"."Parroquias" ("idParroquias", "Parroquia", "idCanton") VALUES (364, 'Atahualpa                                                             ', 221);
INSERT INTO "residuospeligrosos"."Parroquias" ("idParroquias", "Parroquia", "idCanton") VALUES (365, 'Colonche                                                              ', 221);
INSERT INTO "residuospeligrosos"."Parroquias" ("idParroquias", "Parroquia", "idCanton") VALUES (366, 'Junquillal                                                            ', 85);
INSERT INTO "residuospeligrosos"."Parroquias" ("idParroquias", "Parroquia", "idCanton") VALUES (367, 'Gral. Vernaza (Dos Esteros)                                           ', 85);
INSERT INTO "residuospeligrosos"."Parroquias" ("idParroquias", "Parroquia", "idCanton") VALUES (368, 'La Victoria (Ñauza)                                                   ', 85);
INSERT INTO "residuospeligrosos"."Parroquias" ("idParroquias", "Parroquia", "idCanton") VALUES (369, 'Alfredo Baquerizo Moreno (Jujín)                                      ', 97);
INSERT INTO "residuospeligrosos"."Parroquias" ("idParroquias", "Parroquia", "idCanton") VALUES (370, 'Simón Bolívar                                                         ', 98);
INSERT INTO "residuospeligrosos"."Parroquias" ("idParroquias", "Parroquia", "idCanton") VALUES (371, 'Gral. Pedro J. Montero (Boliche)                                      ', 77);
INSERT INTO "residuospeligrosos"."Parroquias" ("idParroquias", "Parroquia", "idCanton") VALUES (372, 'Yaguachi Viejo (Cone)                                                 ', 77);
INSERT INTO "residuospeligrosos"."Parroquias" ("idParroquias", "Parroquia", "idCanton") VALUES (373, 'Anconcito                                                             ', 219);
INSERT INTO "residuospeligrosos"."Parroquias" ("idParroquias", "Parroquia", "idCanton") VALUES (374, 'Limonal                                                               ', 81);
INSERT INTO "residuospeligrosos"."Parroquias" ("idParroquias", "Parroquia", "idCanton") VALUES (375, 'Valle de la Virgen                                                    ', 93);
INSERT INTO "residuospeligrosos"."Parroquias" ("idParroquias", "Parroquia", "idCanton") VALUES (376, 'Laurel                                                                ', 81);
INSERT INTO "residuospeligrosos"."Parroquias" ("idParroquias", "Parroquia", "idCanton") VALUES (377, 'Sabanilla                                                             ', 93);
INSERT INTO "residuospeligrosos"."Parroquias" ("idParroquias", "Parroquia", "idCanton") VALUES (378, 'Crnel.Lorenzo de Garaicoa (Pedregal)                                  ', 98);
INSERT INTO "residuospeligrosos"."Parroquias" ("idParroquias", "Parroquia", "idCanton") VALUES (379, 'Morro                                                                 ', 74);
INSERT INTO "residuospeligrosos"."Parroquias" ("idParroquias", "Parroquia", "idCanton") VALUES (380, 'Roberto Astudillo (Cab. en Cruce de Venecia)                          ', 75);
INSERT INTO "residuospeligrosos"."Parroquias" ("idParroquias", "Parroquia", "idCanton") VALUES (381, 'Santa Rosa de Flandes                                                 ', 82);
INSERT INTO "residuospeligrosos"."Parroquias" ("idParroquias", "Parroquia", "idCanton") VALUES (382, 'Jesús María                                                           ', 82);
INSERT INTO "residuospeligrosos"."Parroquias" ("idParroquias", "Parroquia", "idCanton") VALUES (383, 'Virgen de Fátima                                                      ', 77);
INSERT INTO "residuospeligrosos"."Parroquias" ("idParroquias", "Parroquia", "idCanton") VALUES (384, 'San Miguel de Ibarra, Cabecera Cantonal y Capital Provincial          ', 99);
INSERT INTO "residuospeligrosos"."Parroquias" ("idParroquias", "Parroquia", "idCanton") VALUES (385, 'Atuntaqui                                                             ', 100);
INSERT INTO "residuospeligrosos"."Parroquias" ("idParroquias", "Parroquia", "idCanton") VALUES (386, 'Cotacachi                                                             ', 101);
INSERT INTO "residuospeligrosos"."Parroquias" ("idParroquias", "Parroquia", "idCanton") VALUES (387, 'Otavalo                                                               ', 102);
INSERT INTO "residuospeligrosos"."Parroquias" ("idParroquias", "Parroquia", "idCanton") VALUES (388, 'Ambuquí                                                               ', 99);
INSERT INTO "residuospeligrosos"."Parroquias" ("idParroquias", "Parroquia", "idCanton") VALUES (389, 'Cahuasquí                                                             ', 103);
INSERT INTO "residuospeligrosos"."Parroquias" ("idParroquias", "Parroquia", "idCanton") VALUES (390, 'Carolina                                                              ', 99);
INSERT INTO "residuospeligrosos"."Parroquias" ("idParroquias", "Parroquia", "idCanton") VALUES (391, 'La Esperanza                                                          ', 99);
INSERT INTO "residuospeligrosos"."Parroquias" ("idParroquias", "Parroquia", "idCanton") VALUES (392, 'Lita                                                                  ', 99);
INSERT INTO "residuospeligrosos"."Parroquias" ("idParroquias", "Parroquia", "idCanton") VALUES (393, 'Mariano Acosta                                                        ', 104);
INSERT INTO "residuospeligrosos"."Parroquias" ("idParroquias", "Parroquia", "idCanton") VALUES (394, 'Pablo Arenas                                                          ', 103);
INSERT INTO "residuospeligrosos"."Parroquias" ("idParroquias", "Parroquia", "idCanton") VALUES (395, 'Pimampiro                                                             ', 104);
INSERT INTO "residuospeligrosos"."Parroquias" ("idParroquias", "Parroquia", "idCanton") VALUES (396, 'San Antonio                                                           ', 99);
INSERT INTO "residuospeligrosos"."Parroquias" ("idParroquias", "Parroquia", "idCanton") VALUES (397, 'Tumbabiro                                                             ', 103);
INSERT INTO "residuospeligrosos"."Parroquias" ("idParroquias", "Parroquia", "idCanton") VALUES (398, 'Urcuquí                                                               ', 103);
INSERT INTO "residuospeligrosos"."Parroquias" ("idParroquias", "Parroquia", "idCanton") VALUES (399, 'La Merced de Buenos Aires                                             ', 103);
INSERT INTO "residuospeligrosos"."Parroquias" ("idParroquias", "Parroquia", "idCanton") VALUES (400, 'Angochagua                                                            ', 99);
INSERT INTO "residuospeligrosos"."Parroquias" ("idParroquias", "Parroquia", "idCanton") VALUES (401, 'San Francisco de Sigsipamba                                           ', 104);
INSERT INTO "residuospeligrosos"."Parroquias" ("idParroquias", "Parroquia", "idCanton") VALUES (402, 'Chugá                                                                 ', 104);
INSERT INTO "residuospeligrosos"."Parroquias" ("idParroquias", "Parroquia", "idCanton") VALUES (403, 'San Blas                                                              ', 103);
INSERT INTO "residuospeligrosos"."Parroquias" ("idParroquias", "Parroquia", "idCanton") VALUES (404, 'Salinas                                                               ', 99);
INSERT INTO "residuospeligrosos"."Parroquias" ("idParroquias", "Parroquia", "idCanton") VALUES (405, 'San José de Chaltura                                                  ', 100);
INSERT INTO "residuospeligrosos"."Parroquias" ("idParroquias", "Parroquia", "idCanton") VALUES (406, 'San Roque                                                             ', 100);
INSERT INTO "residuospeligrosos"."Parroquias" ("idParroquias", "Parroquia", "idCanton") VALUES (407, 'San Francisco de Natabuela                                            ', 100);
INSERT INTO "residuospeligrosos"."Parroquias" ("idParroquias", "Parroquia", "idCanton") VALUES (408, 'Imbaya (San Luis de Cobuendo)                                         ', 100);
INSERT INTO "residuospeligrosos"."Parroquias" ("idParroquias", "Parroquia", "idCanton") VALUES (409, '6 de Julio de Cuellaje (Cab. en Cuellaje)                             ', 101);
INSERT INTO "residuospeligrosos"."Parroquias" ("idParroquias", "Parroquia", "idCanton") VALUES (410, 'Apuela                                                                ', 101);
INSERT INTO "residuospeligrosos"."Parroquias" ("idParroquias", "Parroquia", "idCanton") VALUES (411, 'García Moreno (Llurimagua)                                            ', 101);
INSERT INTO "residuospeligrosos"."Parroquias" ("idParroquias", "Parroquia", "idCanton") VALUES (412, 'Imantag                                                               ', 101);
INSERT INTO "residuospeligrosos"."Parroquias" ("idParroquias", "Parroquia", "idCanton") VALUES (413, 'Peñaherrera                                                           ', 101);
INSERT INTO "residuospeligrosos"."Parroquias" ("idParroquias", "Parroquia", "idCanton") VALUES (414, 'Vacas Galindo (El Churo) (Cab.en San Miguel Alto)                     ', 101);
INSERT INTO "residuospeligrosos"."Parroquias" ("idParroquias", "Parroquia", "idCanton") VALUES (415, 'Quiroga                                                               ', 101);
INSERT INTO "residuospeligrosos"."Parroquias" ("idParroquias", "Parroquia", "idCanton") VALUES (416, 'San Pablo                                                             ', 102);
INSERT INTO "residuospeligrosos"."Parroquias" ("idParroquias", "Parroquia", "idCanton") VALUES (417, 'San Rafael                                                            ', 102);
INSERT INTO "residuospeligrosos"."Parroquias" ("idParroquias", "Parroquia", "idCanton") VALUES (418, 'Selva Alegre (Cab. en San Miguel de Pamplona)                         ', 102);
INSERT INTO "residuospeligrosos"."Parroquias" ("idParroquias", "Parroquia", "idCanton") VALUES (419, 'San Juan de Ilumán                                                    ', 102);
INSERT INTO "residuospeligrosos"."Parroquias" ("idParroquias", "Parroquia", "idCanton") VALUES (420, 'Eugenio Espejo (Calpaquí)                                             ', 102);
INSERT INTO "residuospeligrosos"."Parroquias" ("idParroquias", "Parroquia", "idCanton") VALUES (421, 'San José de Quichinche                                                ', 102);
INSERT INTO "residuospeligrosos"."Parroquias" ("idParroquias", "Parroquia", "idCanton") VALUES (422, 'Dr. Miguel Egas Cabezas (Peguche)                                     ', 102);
INSERT INTO "residuospeligrosos"."Parroquias" ("idParroquias", "Parroquia", "idCanton") VALUES (423, 'González Suárez                                                       ', 102);
INSERT INTO "residuospeligrosos"."Parroquias" ("idParroquias", "Parroquia", "idCanton") VALUES (424, 'Plaza Gutiérrez (Calvario)                                            ', 101);
INSERT INTO "residuospeligrosos"."Parroquias" ("idParroquias", "Parroquia", "idCanton") VALUES (425, 'Pataquí                                                               ', 102);
INSERT INTO "residuospeligrosos"."Parroquias" ("idParroquias", "Parroquia", "idCanton") VALUES (426, 'Loja                                                                  ', 105);
INSERT INTO "residuospeligrosos"."Parroquias" ("idParroquias", "Parroquia", "idCanton") VALUES (427, 'Cariamanga                                                            ', 106);
INSERT INTO "residuospeligrosos"."Parroquias" ("idParroquias", "Parroquia", "idCanton") VALUES (428, 'Macará                                                                ', 107);
INSERT INTO "residuospeligrosos"."Parroquias" ("idParroquias", "Parroquia", "idCanton") VALUES (429, 'Catacocha                                                             ', 108);
INSERT INTO "residuospeligrosos"."Parroquias" ("idParroquias", "Parroquia", "idCanton") VALUES (430, 'Alamor                                                                ', 109);
INSERT INTO "residuospeligrosos"."Parroquias" ("idParroquias", "Parroquia", "idCanton") VALUES (431, 'Vilcabamba  (Victoria)                                                ', 105);
INSERT INTO "residuospeligrosos"."Parroquias" ("idParroquias", "Parroquia", "idCanton") VALUES (432, 'Saraguro                                                              ', 110);
INSERT INTO "residuospeligrosos"."Parroquias" ("idParroquias", "Parroquia", "idCanton") VALUES (433, 'Amaluza                                                               ', 111);
INSERT INTO "residuospeligrosos"."Parroquias" ("idParroquias", "Parroquia", "idCanton") VALUES (434, 'Catamayo (La Toma)                                                    ', 112);
INSERT INTO "residuospeligrosos"."Parroquias" ("idParroquias", "Parroquia", "idCanton") VALUES (435, 'Malacatos (Valladolid)                                                ', 105);
INSERT INTO "residuospeligrosos"."Parroquias" ("idParroquias", "Parroquia", "idCanton") VALUES (436, 'San Lucas                                                             ', 105);
INSERT INTO "residuospeligrosos"."Parroquias" ("idParroquias", "Parroquia", "idCanton") VALUES (437, 'Yangana (Arsenio Castillo)                                            ', 105);
INSERT INTO "residuospeligrosos"."Parroquias" ("idParroquias", "Parroquia", "idCanton") VALUES (438, 'Chuquiribamba                                                         ', 105);
INSERT INTO "residuospeligrosos"."Parroquias" ("idParroquias", "Parroquia", "idCanton") VALUES (439, 'El Cisne                                                              ', 105);
INSERT INTO "residuospeligrosos"."Parroquias" ("idParroquias", "Parroquia", "idCanton") VALUES (440, 'El Tambo                                                              ', 112);
INSERT INTO "residuospeligrosos"."Parroquias" ("idParroquias", "Parroquia", "idCanton") VALUES (441, 'San Pedro de la Bendita                                               ', 112);
INSERT INTO "residuospeligrosos"."Parroquias" ("idParroquias", "Parroquia", "idCanton") VALUES (442, 'Zambi                                                                 ', 112);
INSERT INTO "residuospeligrosos"."Parroquias" ("idParroquias", "Parroquia", "idCanton") VALUES (443, 'Santiago                                                              ', 105);
INSERT INTO "residuospeligrosos"."Parroquias" ("idParroquias", "Parroquia", "idCanton") VALUES (444, 'Taquil (Miguel Riofrío)                                               ', 105);
INSERT INTO "residuospeligrosos"."Parroquias" ("idParroquias", "Parroquia", "idCanton") VALUES (445, 'Gualel                                                                ', 105);
INSERT INTO "residuospeligrosos"."Parroquias" ("idParroquias", "Parroquia", "idCanton") VALUES (446, 'Guayquichuma                                                          ', 112);
INSERT INTO "residuospeligrosos"."Parroquias" ("idParroquias", "Parroquia", "idCanton") VALUES (447, 'Jimbilla                                                              ', 105);
INSERT INTO "residuospeligrosos"."Parroquias" ("idParroquias", "Parroquia", "idCanton") VALUES (448, 'El Lucero                                                             ', 106);
INSERT INTO "residuospeligrosos"."Parroquias" ("idParroquias", "Parroquia", "idCanton") VALUES (449, 'Celica                                                                ', 113);
INSERT INTO "residuospeligrosos"."Parroquias" ("idParroquias", "Parroquia", "idCanton") VALUES (450, 'Zapotillo                                                             ', 114);
INSERT INTO "residuospeligrosos"."Parroquias" ("idParroquias", "Parroquia", "idCanton") VALUES (451, '12 de Diciembre (Cab. en Achiotes)                                    ', 115);
INSERT INTO "residuospeligrosos"."Parroquias" ("idParroquias", "Parroquia", "idCanton") VALUES (452, 'Pindal                                                                ', 115);
INSERT INTO "residuospeligrosos"."Parroquias" ("idParroquias", "Parroquia", "idCanton") VALUES (453, 'Cruzpamba (Cab. en Carlos Bustamante)                                 ', 113);
INSERT INTO "residuospeligrosos"."Parroquias" ("idParroquias", "Parroquia", "idCanton") VALUES (454, 'Pozul (San Juan de Pozul)                                             ', 113);
INSERT INTO "residuospeligrosos"."Parroquias" ("idParroquias", "Parroquia", "idCanton") VALUES (455, 'Sabanilla                                                             ', 113);
INSERT INTO "residuospeligrosos"."Parroquias" ("idParroquias", "Parroquia", "idCanton") VALUES (456, 'Jimbura                                                               ', 111);
INSERT INTO "residuospeligrosos"."Parroquias" ("idParroquias", "Parroquia", "idCanton") VALUES (457, 'Quilanga                                                              ', 116);
INSERT INTO "residuospeligrosos"."Parroquias" ("idParroquias", "Parroquia", "idCanton") VALUES (458, 'Gonzanamá                                                             ', 117);
INSERT INTO "residuospeligrosos"."Parroquias" ("idParroquias", "Parroquia", "idCanton") VALUES (459, 'Changaimina (La Libertad)                                             ', 117);
INSERT INTO "residuospeligrosos"."Parroquias" ("idParroquias", "Parroquia", "idCanton") VALUES (460, 'Purunuma (Eguiguren)                                                  ', 117);
INSERT INTO "residuospeligrosos"."Parroquias" ("idParroquias", "Parroquia", "idCanton") VALUES (461, 'Sacapalca                                                             ', 117);
INSERT INTO "residuospeligrosos"."Parroquias" ("idParroquias", "Parroquia", "idCanton") VALUES (462, 'Nambacola                                                             ', 117);
INSERT INTO "residuospeligrosos"."Parroquias" ("idParroquias", "Parroquia", "idCanton") VALUES (463, 'San Antonio de Las Aradas (Cab. en Las Aradas)                        ', 116);
INSERT INTO "residuospeligrosos"."Parroquias" ("idParroquias", "Parroquia", "idCanton") VALUES (464, 'Sabiango (La Capilla)                                                 ', 107);
INSERT INTO "residuospeligrosos"."Parroquias" ("idParroquias", "Parroquia", "idCanton") VALUES (465, 'Larama                                                                ', 107);
INSERT INTO "residuospeligrosos"."Parroquias" ("idParroquias", "Parroquia", "idCanton") VALUES (466, 'La Victoria                                                           ', 107);
INSERT INTO "residuospeligrosos"."Parroquias" ("idParroquias", "Parroquia", "idCanton") VALUES (467, 'Chaguarpamba                                                          ', 118);
INSERT INTO "residuospeligrosos"."Parroquias" ("idParroquias", "Parroquia", "idCanton") VALUES (468, 'Olmedo                                                                ', 151);
INSERT INTO "residuospeligrosos"."Parroquias" ("idParroquias", "Parroquia", "idCanton") VALUES (469, 'Cangonamá                                                             ', 108);
INSERT INTO "residuospeligrosos"."Parroquias" ("idParroquias", "Parroquia", "idCanton") VALUES (470, 'Orianga                                                               ', 108);
INSERT INTO "residuospeligrosos"."Parroquias" ("idParroquias", "Parroquia", "idCanton") VALUES (471, 'Buenavista                                                            ', 118);
INSERT INTO "residuospeligrosos"."Parroquias" ("idParroquias", "Parroquia", "idCanton") VALUES (472, 'El Rosario                                                            ', 118);
INSERT INTO "residuospeligrosos"."Parroquias" ("idParroquias", "Parroquia", "idCanton") VALUES (473, 'Lauro Guerrero                                                        ', 108);
INSERT INTO "residuospeligrosos"."Parroquias" ("idParroquias", "Parroquia", "idCanton") VALUES (474, 'Casanga                                                               ', 108);
INSERT INTO "residuospeligrosos"."Parroquias" ("idParroquias", "Parroquia", "idCanton") VALUES (475, 'Selva Alegre                                                          ', 110);
INSERT INTO "residuospeligrosos"."Parroquias" ("idParroquias", "Parroquia", "idCanton") VALUES (476, 'La Tingue                                                             ', 119);
INSERT INTO "residuospeligrosos"."Parroquias" ("idParroquias", "Parroquia", "idCanton") VALUES (477, 'Santa Rufina                                                          ', 118);
INSERT INTO "residuospeligrosos"."Parroquias" ("idParroquias", "Parroquia", "idCanton") VALUES (478, 'Guachanamá                                                            ', 108);
INSERT INTO "residuospeligrosos"."Parroquias" ("idParroquias", "Parroquia", "idCanton") VALUES (479, 'Mangahurco                                                            ', 114);
INSERT INTO "residuospeligrosos"."Parroquias" ("idParroquias", "Parroquia", "idCanton") VALUES (480, 'El Limo (Mariana de Jesús)                                            ', 109);
INSERT INTO "residuospeligrosos"."Parroquias" ("idParroquias", "Parroquia", "idCanton") VALUES (481, 'Vicentino                                                             ', 109);
INSERT INTO "residuospeligrosos"."Parroquias" ("idParroquias", "Parroquia", "idCanton") VALUES (482, 'Paletillas                                                            ', 114);
INSERT INTO "residuospeligrosos"."Parroquias" ("idParroquias", "Parroquia", "idCanton") VALUES (483, 'Ciano                                                                 ', 109);
INSERT INTO "residuospeligrosos"."Parroquias" ("idParroquias", "Parroquia", "idCanton") VALUES (484, 'Manú                                                                  ', 110);
INSERT INTO "residuospeligrosos"."Parroquias" ("idParroquias", "Parroquia", "idCanton") VALUES (485, 'San Antonio de Qumbe (Cumbe)                                          ', 110);
INSERT INTO "residuospeligrosos"."Parroquias" ("idParroquias", "Parroquia", "idCanton") VALUES (486, 'Urdaneta (Paquishapa)                                                 ', 110);
INSERT INTO "residuospeligrosos"."Parroquias" ("idParroquias", "Parroquia", "idCanton") VALUES (487, 'El Paraíso de Celén                                                   ', 110);
INSERT INTO "residuospeligrosos"."Parroquias" ("idParroquias", "Parroquia", "idCanton") VALUES (488, 'San Sebastián de Yúluc                                                ', 110);
INSERT INTO "residuospeligrosos"."Parroquias" ("idParroquias", "Parroquia", "idCanton") VALUES (489, 'Tacamoros                                                             ', 120);
INSERT INTO "residuospeligrosos"."Parroquias" ("idParroquias", "Parroquia", "idCanton") VALUES (490, 'San Pablo de Tenta                                                    ', 110);
INSERT INTO "residuospeligrosos"."Parroquias" ("idParroquias", "Parroquia", "idCanton") VALUES (491, 'Nueva Fátima                                                          ', 120);
INSERT INTO "residuospeligrosos"."Parroquias" ("idParroquias", "Parroquia", "idCanton") VALUES (492, 'Santa Teresita                                                        ', 111);
INSERT INTO "residuospeligrosos"."Parroquias" ("idParroquias", "Parroquia", "idCanton") VALUES (493, 'Sozoranga                                                             ', 120);
INSERT INTO "residuospeligrosos"."Parroquias" ("idParroquias", "Parroquia", "idCanton") VALUES (494, 'San Antonio                                                           ', 108);
INSERT INTO "residuospeligrosos"."Parroquias" ("idParroquias", "Parroquia", "idCanton") VALUES (495, 'Mercadillo                                                            ', 109);
INSERT INTO "residuospeligrosos"."Parroquias" ("idParroquias", "Parroquia", "idCanton") VALUES (496, 'Chaquinal                                                             ', 115);
INSERT INTO "residuospeligrosos"."Parroquias" ("idParroquias", "Parroquia", "idCanton") VALUES (497, 'Babahoyo                                                              ', 121);
INSERT INTO "residuospeligrosos"."Parroquias" ("idParroquias", "Parroquia", "idCanton") VALUES (498, 'Quevedo                                                               ', 122);
INSERT INTO "residuospeligrosos"."Parroquias" ("idParroquias", "Parroquia", "idCanton") VALUES (499, 'Ricaurte                                                              ', 123);
INSERT INTO "residuospeligrosos"."Parroquias" ("idParroquias", "Parroquia", "idCanton") VALUES (500, 'Vinces                                                                ', 124);
INSERT INTO "residuospeligrosos"."Parroquias" ("idParroquias", "Parroquia", "idCanton") VALUES (501, 'La Unión                                                              ', 121);
INSERT INTO "residuospeligrosos"."Parroquias" ("idParroquias", "Parroquia", "idCanton") VALUES (502, 'Ventanas                                                              ', 125);
INSERT INTO "residuospeligrosos"."Parroquias" ("idParroquias", "Parroquia", "idCanton") VALUES (503, 'Baba                                                                  ', 126);
INSERT INTO "residuospeligrosos"."Parroquias" ("idParroquias", "Parroquia", "idCanton") VALUES (504, 'Febres Cordero (Las Juntas) (Cab. en Mata de Cacao)                   ', 121);
INSERT INTO "residuospeligrosos"."Parroquias" ("idParroquias", "Parroquia", "idCanton") VALUES (505, 'Pimocha                                                               ', 121);
INSERT INTO "residuospeligrosos"."Parroquias" ("idParroquias", "Parroquia", "idCanton") VALUES (506, 'Montalvo                                                              ', 127);
INSERT INTO "residuospeligrosos"."Parroquias" ("idParroquias", "Parroquia", "idCanton") VALUES (507, 'Caracol                                                               ', 121);
INSERT INTO "residuospeligrosos"."Parroquias" ("idParroquias", "Parroquia", "idCanton") VALUES (508, 'Guare                                                                 ', 126);
INSERT INTO "residuospeligrosos"."Parroquias" ("idParroquias", "Parroquia", "idCanton") VALUES (509, 'Isla de Bejuca                                                        ', 126);
INSERT INTO "residuospeligrosos"."Parroquias" ("idParroquias", "Parroquia", "idCanton") VALUES (510, 'San Juan                                                              ', 128);
INSERT INTO "residuospeligrosos"."Parroquias" ("idParroquias", "Parroquia", "idCanton") VALUES (511, 'Puerto Pechiche                                                       ', 128);
INSERT INTO "residuospeligrosos"."Parroquias" ("idParroquias", "Parroquia", "idCanton") VALUES (512, 'Puebloviejo                                                           ', 128);
INSERT INTO "residuospeligrosos"."Parroquias" ("idParroquias", "Parroquia", "idCanton") VALUES (513, 'Mocache                                                               ', 129);
INSERT INTO "residuospeligrosos"."Parroquias" ("idParroquias", "Parroquia", "idCanton") VALUES (514, 'San Carlos                                                            ', 122);
INSERT INTO "residuospeligrosos"."Parroquias" ("idParroquias", "Parroquia", "idCanton") VALUES (515, 'San Jacinto de Buena Fé                                               ', 130);
INSERT INTO "residuospeligrosos"."Parroquias" ("idParroquias", "Parroquia", "idCanton") VALUES (516, 'Valencia                                                              ', 131);
INSERT INTO "residuospeligrosos"."Parroquias" ("idParroquias", "Parroquia", "idCanton") VALUES (517, 'Quinsaloma                                                            ', 132);
INSERT INTO "residuospeligrosos"."Parroquias" ("idParroquias", "Parroquia", "idCanton") VALUES (518, 'Palenque                                                              ', 133);
INSERT INTO "residuospeligrosos"."Parroquias" ("idParroquias", "Parroquia", "idCanton") VALUES (519, 'Antonio Sotomayor (Cab. en Playas de Vinces)                          ', 124);
INSERT INTO "residuospeligrosos"."Parroquias" ("idParroquias", "Parroquia", "idCanton") VALUES (520, 'Catarama                                                              ', 123);
INSERT INTO "residuospeligrosos"."Parroquias" ("idParroquias", "Parroquia", "idCanton") VALUES (521, 'Zapotal                                                               ', 125);
INSERT INTO "residuospeligrosos"."Parroquias" ("idParroquias", "Parroquia", "idCanton") VALUES (522, 'Patricia Pilar                                                        ', 130);
INSERT INTO "residuospeligrosos"."Parroquias" ("idParroquias", "Parroquia", "idCanton") VALUES (523, 'Los Ángeles                                                           ', 125);
INSERT INTO "residuospeligrosos"."Parroquias" ("idParroquias", "Parroquia", "idCanton") VALUES (524, 'Portoviejo                                                            ', 134);
INSERT INTO "residuospeligrosos"."Parroquias" ("idParroquias", "Parroquia", "idCanton") VALUES (525, 'Calceta                                                               ', 135);
INSERT INTO "residuospeligrosos"."Parroquias" ("idParroquias", "Parroquia", "idCanton") VALUES (526, 'Chone                                                                 ', 136);
INSERT INTO "residuospeligrosos"."Parroquias" ("idParroquias", "Parroquia", "idCanton") VALUES (527, 'Jipijapa                                                              ', 137);
INSERT INTO "residuospeligrosos"."Parroquias" ("idParroquias", "Parroquia", "idCanton") VALUES (528, 'Manta                                                                 ', 138);
INSERT INTO "residuospeligrosos"."Parroquias" ("idParroquias", "Parroquia", "idCanton") VALUES (529, 'Bahía de Caraquez                                                     ', 139);
INSERT INTO "residuospeligrosos"."Parroquias" ("idParroquias", "Parroquia", "idCanton") VALUES (530, 'El Carmen                                                             ', 140);
INSERT INTO "residuospeligrosos"."Parroquias" ("idParroquias", "Parroquia", "idCanton") VALUES (531, 'Paján                                                                 ', 141);
INSERT INTO "residuospeligrosos"."Parroquias" ("idParroquias", "Parroquia", "idCanton") VALUES (532, 'Rocafuerte                                                            ', 142);
INSERT INTO "residuospeligrosos"."Parroquias" ("idParroquias", "Parroquia", "idCanton") VALUES (533, 'Abdón Calderón (San Francisco)                                        ', 134);
INSERT INTO "residuospeligrosos"."Parroquias" ("idParroquias", "Parroquia", "idCanton") VALUES (534, 'Alhajuela (Bajo Grande)                                               ', 134);
INSERT INTO "residuospeligrosos"."Parroquias" ("idParroquias", "Parroquia", "idCanton") VALUES (535, 'Pueblo Nuevo                                                          ', 134);
INSERT INTO "residuospeligrosos"."Parroquias" ("idParroquias", "Parroquia", "idCanton") VALUES (536, 'Riochico (Río Chico)                                                  ', 134);
INSERT INTO "residuospeligrosos"."Parroquias" ("idParroquias", "Parroquia", "idCanton") VALUES (537, 'San Plácido                                                           ', 134);
INSERT INTO "residuospeligrosos"."Parroquias" ("idParroquias", "Parroquia", "idCanton") VALUES (538, 'Crucita                                                               ', 134);
INSERT INTO "residuospeligrosos"."Parroquias" ("idParroquias", "Parroquia", "idCanton") VALUES (539, 'Pichincha                                                             ', 143);
INSERT INTO "residuospeligrosos"."Parroquias" ("idParroquias", "Parroquia", "idCanton") VALUES (540, 'Quiroga                                                               ', 135);
INSERT INTO "residuospeligrosos"."Parroquias" ("idParroquias", "Parroquia", "idCanton") VALUES (541, 'Boyacá                                                                ', 136);
INSERT INTO "residuospeligrosos"."Parroquias" ("idParroquias", "Parroquia", "idCanton") VALUES (542, 'Canuto                                                                ', 136);
INSERT INTO "residuospeligrosos"."Parroquias" ("idParroquias", "Parroquia", "idCanton") VALUES (543, 'Convento                                                              ', 136);
INSERT INTO "residuospeligrosos"."Parroquias" ("idParroquias", "Parroquia", "idCanton") VALUES (544, 'Eloy Alfaro                                                           ', 136);
INSERT INTO "residuospeligrosos"."Parroquias" ("idParroquias", "Parroquia", "idCanton") VALUES (545, 'Flavio Alfaro                                                         ', 144);
INSERT INTO "residuospeligrosos"."Parroquias" ("idParroquias", "Parroquia", "idCanton") VALUES (546, 'Ricaurte                                                              ', 136);
INSERT INTO "residuospeligrosos"."Parroquias" ("idParroquias", "Parroquia", "idCanton") VALUES (547, 'San Antonio                                                           ', 136);
INSERT INTO "residuospeligrosos"."Parroquias" ("idParroquias", "Parroquia", "idCanton") VALUES (548, 'América                                                               ', 137);
INSERT INTO "residuospeligrosos"."Parroquias" ("idParroquias", "Parroquia", "idCanton") VALUES (549, 'El Anegado (Cab. en Eloy Alfaro)                                      ', 137);
INSERT INTO "residuospeligrosos"."Parroquias" ("idParroquias", "Parroquia", "idCanton") VALUES (550, 'Julcuy                                                                ', 137);
INSERT INTO "residuospeligrosos"."Parroquias" ("idParroquias", "Parroquia", "idCanton") VALUES (551, 'Machalilla                                                            ', 145);
INSERT INTO "residuospeligrosos"."Parroquias" ("idParroquias", "Parroquia", "idCanton") VALUES (552, 'Pedro Pablo Gómez                                                     ', 137);
INSERT INTO "residuospeligrosos"."Parroquias" ("idParroquias", "Parroquia", "idCanton") VALUES (553, 'Puerto López                                                          ', 145);
INSERT INTO "residuospeligrosos"."Parroquias" ("idParroquias", "Parroquia", "idCanton") VALUES (554, 'Junín                                                                 ', 146);
INSERT INTO "residuospeligrosos"."Parroquias" ("idParroquias", "Parroquia", "idCanton") VALUES (555, 'San Lorenzo                                                           ', 138);
INSERT INTO "residuospeligrosos"."Parroquias" ("idParroquias", "Parroquia", "idCanton") VALUES (556, 'Montecristi                                                           ', 147);
INSERT INTO "residuospeligrosos"."Parroquias" ("idParroquias", "Parroquia", "idCanton") VALUES (557, 'Jaramijó                                                              ', 148);
INSERT INTO "residuospeligrosos"."Parroquias" ("idParroquias", "Parroquia", "idCanton") VALUES (558, 'Campozano (La Palma de Paján)                                         ', 141);
INSERT INTO "residuospeligrosos"."Parroquias" ("idParroquias", "Parroquia", "idCanton") VALUES (559, 'Cascol                                                                ', 141);
INSERT INTO "residuospeligrosos"."Parroquias" ("idParroquias", "Parroquia", "idCanton") VALUES (560, 'Guale                                                                 ', 141);
INSERT INTO "residuospeligrosos"."Parroquias" ("idParroquias", "Parroquia", "idCanton") VALUES (561, 'Lascano                                                               ', 141);
INSERT INTO "residuospeligrosos"."Parroquias" ("idParroquias", "Parroquia", "idCanton") VALUES (562, 'Bachillero                                                            ', 149);
INSERT INTO "residuospeligrosos"."Parroquias" ("idParroquias", "Parroquia", "idCanton") VALUES (563, 'Ángel Pedro Giler (La Estancilla)                                     ', 149);
INSERT INTO "residuospeligrosos"."Parroquias" ("idParroquias", "Parroquia", "idCanton") VALUES (564, 'Tosagua                                                               ', 149);
INSERT INTO "residuospeligrosos"."Parroquias" ("idParroquias", "Parroquia", "idCanton") VALUES (565, 'Santa Ana de Vuelta Larga, Cabecera Cantonal                          ', 150);
INSERT INTO "residuospeligrosos"."Parroquias" ("idParroquias", "Parroquia", "idCanton") VALUES (566, 'Ayacucho                                                              ', 150);
INSERT INTO "residuospeligrosos"."Parroquias" ("idParroquias", "Parroquia", "idCanton") VALUES (567, 'Honorato Vásquez (Cab. en Vásquez)                                    ', 150);
INSERT INTO "residuospeligrosos"."Parroquias" ("idParroquias", "Parroquia", "idCanton") VALUES (568, 'San Pablo (Cab. en Pueblo Nuevo)                                      ', 150);
INSERT INTO "residuospeligrosos"."Parroquias" ("idParroquias", "Parroquia", "idCanton") VALUES (569, 'Canoa                                                                 ', 152);
INSERT INTO "residuospeligrosos"."Parroquias" ("idParroquias", "Parroquia", "idCanton") VALUES (570, 'Cojimíes                                                              ', 153);
INSERT INTO "residuospeligrosos"."Parroquias" ("idParroquias", "Parroquia", "idCanton") VALUES (571, 'Charapotó                                                             ', 139);
INSERT INTO "residuospeligrosos"."Parroquias" ("idParroquias", "Parroquia", "idCanton") VALUES (572, '10 de Agosto                                                          ', 153);
INSERT INTO "residuospeligrosos"."Parroquias" ("idParroquias", "Parroquia", "idCanton") VALUES (573, 'Jama                                                                  ', 154);
INSERT INTO "residuospeligrosos"."Parroquias" ("idParroquias", "Parroquia", "idCanton") VALUES (574, 'Pedernales                                                            ', 153);
INSERT INTO "residuospeligrosos"."Parroquias" ("idParroquias", "Parroquia", "idCanton") VALUES (575, 'San Isidro                                                            ', 139);
INSERT INTO "residuospeligrosos"."Parroquias" ("idParroquias", "Parroquia", "idCanton") VALUES (576, 'San Vicente                                                           ', 152);
INSERT INTO "residuospeligrosos"."Parroquias" ("idParroquias", "Parroquia", "idCanton") VALUES (577, 'Bellavista                                                            ', 155);
INSERT INTO "residuospeligrosos"."Parroquias" ("idParroquias", "Parroquia", "idCanton") VALUES (578, 'Noboa                                                                 ', 155);
INSERT INTO "residuospeligrosos"."Parroquias" ("idParroquias", "Parroquia", "idCanton") VALUES (579, 'Sucre                                                                 ', 155);
INSERT INTO "residuospeligrosos"."Parroquias" ("idParroquias", "Parroquia", "idCanton") VALUES (580, 'Chirijos                                                              ', 134);
INSERT INTO "residuospeligrosos"."Parroquias" ("idParroquias", "Parroquia", "idCanton") VALUES (581, 'Membrillo                                                             ', 135);
INSERT INTO "residuospeligrosos"."Parroquias" ("idParroquias", "Parroquia", "idCanton") VALUES (582, 'La Unión                                                              ', 150);
INSERT INTO "residuospeligrosos"."Parroquias" ("idParroquias", "Parroquia", "idCanton") VALUES (583, 'Atahualpa                                                             ', 153);
INSERT INTO "residuospeligrosos"."Parroquias" ("idParroquias", "Parroquia", "idCanton") VALUES (584, 'Membrillal                                                            ', 137);
INSERT INTO "residuospeligrosos"."Parroquias" ("idParroquias", "Parroquia", "idCanton") VALUES (585, 'Barraganete                                                           ', 143);
INSERT INTO "residuospeligrosos"."Parroquias" ("idParroquias", "Parroquia", "idCanton") VALUES (586, 'San Sebastián                                                         ', 143);
INSERT INTO "residuospeligrosos"."Parroquias" ("idParroquias", "Parroquia", "idCanton") VALUES (587, 'Wilfrido Loor Moreira (Maicito)                                       ', 140);
INSERT INTO "residuospeligrosos"."Parroquias" ("idParroquias", "Parroquia", "idCanton") VALUES (588, 'La Unión                                                              ', 137);
INSERT INTO "residuospeligrosos"."Parroquias" ("idParroquias", "Parroquia", "idCanton") VALUES (589, 'Macas                                                                 ', 156);
INSERT INTO "residuospeligrosos"."Parroquias" ("idParroquias", "Parroquia", "idCanton") VALUES (590, 'Gualaquiza                                                            ', 157);
INSERT INTO "residuospeligrosos"."Parroquias" ("idParroquias", "Parroquia", "idCanton") VALUES (591, 'General Leonidas Plaza Gutiérrez (Limón)                              ', 158);
INSERT INTO "residuospeligrosos"."Parroquias" ("idParroquias", "Parroquia", "idCanton") VALUES (592, 'Santiago de Méndez                                                    ', 159);
INSERT INTO "residuospeligrosos"."Parroquias" ("idParroquias", "Parroquia", "idCanton") VALUES (593, 'Sucúa                                                                 ', 160);
INSERT INTO "residuospeligrosos"."Parroquias" ("idParroquias", "Parroquia", "idCanton") VALUES (594, 'Taisha                                                                ', 161);
INSERT INTO "residuospeligrosos"."Parroquias" ("idParroquias", "Parroquia", "idCanton") VALUES (595, 'Sevilla Don Bosco                                                     ', 156);
INSERT INTO "residuospeligrosos"."Parroquias" ("idParroquias", "Parroquia", "idCanton") VALUES (596, 'Chiguaza                                                              ', 162);
INSERT INTO "residuospeligrosos"."Parroquias" ("idParroquias", "Parroquia", "idCanton") VALUES (597, 'Cuchaentza                                                            ', 156);
INSERT INTO "residuospeligrosos"."Parroquias" ("idParroquias", "Parroquia", "idCanton") VALUES (598, 'Alshi (Cab. en 9 de Octubre)                                          ', 156);
INSERT INTO "residuospeligrosos"."Parroquias" ("idParroquias", "Parroquia", "idCanton") VALUES (599, 'Macuma                                                                ', 161);
INSERT INTO "residuospeligrosos"."Parroquias" ("idParroquias", "Parroquia", "idCanton") VALUES (600, 'Sinaí                                                                 ', 156);
INSERT INTO "residuospeligrosos"."Parroquias" ("idParroquias", "Parroquia", "idCanton") VALUES (601, 'Pablo Sexto                                                           ', 163);
INSERT INTO "residuospeligrosos"."Parroquias" ("idParroquias", "Parroquia", "idCanton") VALUES (602, 'Chiguinda                                                             ', 157);
INSERT INTO "residuospeligrosos"."Parroquias" ("idParroquias", "Parroquia", "idCanton") VALUES (603, 'Palora (Metzera)                                                      ', 164);
INSERT INTO "residuospeligrosos"."Parroquias" ("idParroquias", "Parroquia", "idCanton") VALUES (604, 'Santiago                                                              ', 165);
INSERT INTO "residuospeligrosos"."Parroquias" ("idParroquias", "Parroquia", "idCanton") VALUES (605, 'Patuca                                                                ', 159);
INSERT INTO "residuospeligrosos"."Parroquias" ("idParroquias", "Parroquia", "idCanton") VALUES (606, 'Shimpis                                                               ', 166);
INSERT INTO "residuospeligrosos"."Parroquias" ("idParroquias", "Parroquia", "idCanton") VALUES (607, 'Yaupi                                                                 ', 166);
INSERT INTO "residuospeligrosos"."Parroquias" ("idParroquias", "Parroquia", "idCanton") VALUES (608, 'Bomboiza                                                              ', 157);
INSERT INTO "residuospeligrosos"."Parroquias" ("idParroquias", "Parroquia", "idCanton") VALUES (609, 'San Juan Bosco                                                        ', 167);
INSERT INTO "residuospeligrosos"."Parroquias" ("idParroquias", "Parroquia", "idCanton") VALUES (610, 'Logroño                                                               ', 166);
INSERT INTO "residuospeligrosos"."Parroquias" ("idParroquias", "Parroquia", "idCanton") VALUES (611, 'Huambi                                                                ', 160);
INSERT INTO "residuospeligrosos"."Parroquias" ("idParroquias", "Parroquia", "idCanton") VALUES (612, 'Santa Susana de Chiviaza (Cab. en Chiviaza)                           ', 158);
INSERT INTO "residuospeligrosos"."Parroquias" ("idParroquias", "Parroquia", "idCanton") VALUES (613, 'Tuutinentza                                                           ', 161);
INSERT INTO "residuospeligrosos"."Parroquias" ("idParroquias", "Parroquia", "idCanton") VALUES (614, 'Yunganza (Cab. en El Rosario)                                         ', 158);
INSERT INTO "residuospeligrosos"."Parroquias" ("idParroquias", "Parroquia", "idCanton") VALUES (615, 'Copal                                                                 ', 159);
INSERT INTO "residuospeligrosos"."Parroquias" ("idParroquias", "Parroquia", "idCanton") VALUES (616, 'Tayuza                                                                ', 159);
INSERT INTO "residuospeligrosos"."Parroquias" ("idParroquias", "Parroquia", "idCanton") VALUES (617, 'San José de Morona                                                    ', 165);
INSERT INTO "residuospeligrosos"."Parroquias" ("idParroquias", "Parroquia", "idCanton") VALUES (618, 'Indanza                                                               ', 158);
INSERT INTO "residuospeligrosos"."Parroquias" ("idParroquias", "Parroquia", "idCanton") VALUES (619, 'Nueva Tarqui                                                          ', 157);
INSERT INTO "residuospeligrosos"."Parroquias" ("idParroquias", "Parroquia", "idCanton") VALUES (620, 'San Luis de El Acho (Cab. en El Acho)                                 ', 159);
INSERT INTO "residuospeligrosos"."Parroquias" ("idParroquias", "Parroquia", "idCanton") VALUES (621, 'Huamboya                                                              ', 162);
INSERT INTO "residuospeligrosos"."Parroquias" ("idParroquias", "Parroquia", "idCanton") VALUES (622, 'Huasaga (Cab. en Wampuik)                                             ', 161);
INSERT INTO "residuospeligrosos"."Parroquias" ("idParroquias", "Parroquia", "idCanton") VALUES (623, 'Tena                                                                  ', 168);
INSERT INTO "residuospeligrosos"."Parroquias" ("idParroquias", "Parroquia", "idCanton") VALUES (624, 'Archidona                                                             ', 169);
INSERT INTO "residuospeligrosos"."Parroquias" ("idParroquias", "Parroquia", "idCanton") VALUES (625, 'Nuevo Rocafuerte                                                      ', 213);
INSERT INTO "residuospeligrosos"."Parroquias" ("idParroquias", "Parroquia", "idCanton") VALUES (626, 'Puerto Francisco de Orellana (El Coca)                                ', 214);
INSERT INTO "residuospeligrosos"."Parroquias" ("idParroquias", "Parroquia", "idCanton") VALUES (627, 'El Chaco                                                              ', 170);
INSERT INTO "residuospeligrosos"."Parroquias" ("idParroquias", "Parroquia", "idCanton") VALUES (628, 'Baeza                                                                 ', 171);
INSERT INTO "residuospeligrosos"."Parroquias" ("idParroquias", "Parroquia", "idCanton") VALUES (629, 'Puerto Misahualli                                                     ', 168);
INSERT INTO "residuospeligrosos"."Parroquias" ("idParroquias", "Parroquia", "idCanton") VALUES (630, 'Cuyuja                                                                ', 171);
INSERT INTO "residuospeligrosos"."Parroquias" ("idParroquias", "Parroquia", "idCanton") VALUES (631, 'Ahuano                                                                ', 168);
INSERT INTO "residuospeligrosos"."Parroquias" ("idParroquias", "Parroquia", "idCanton") VALUES (632, 'La Joya de los Sachas                                                 ', 215);
INSERT INTO "residuospeligrosos"."Parroquias" ("idParroquias", "Parroquia", "idCanton") VALUES (633, 'Chontapunta                                                           ', 168);
INSERT INTO "residuospeligrosos"."Parroquias" ("idParroquias", "Parroquia", "idCanton") VALUES (634, 'Carlos Julio Arosemena Tola                                           ', 172);
INSERT INTO "residuospeligrosos"."Parroquias" ("idParroquias", "Parroquia", "idCanton") VALUES (635, 'Cotundo                                                               ', 169);
INSERT INTO "residuospeligrosos"."Parroquias" ("idParroquias", "Parroquia", "idCanton") VALUES (636, 'Loreto                                                                ', 216);
INSERT INTO "residuospeligrosos"."Parroquias" ("idParroquias", "Parroquia", "idCanton") VALUES (637, 'Cosanga                                                               ', 171);
INSERT INTO "residuospeligrosos"."Parroquias" ("idParroquias", "Parroquia", "idCanton") VALUES (638, 'San Francisco de Borja (Virgilio Dávila)                              ', 171);
INSERT INTO "residuospeligrosos"."Parroquias" ("idParroquias", "Parroquia", "idCanton") VALUES (639, 'Puerto Murialdo                                                       ', 216);
INSERT INTO "residuospeligrosos"."Parroquias" ("idParroquias", "Parroquia", "idCanton") VALUES (640, 'Tálag                                                                 ', 168);
INSERT INTO "residuospeligrosos"."Parroquias" ("idParroquias", "Parroquia", "idCanton") VALUES (641, 'San Carlos                                                            ', 215);
INSERT INTO "residuospeligrosos"."Parroquias" ("idParroquias", "Parroquia", "idCanton") VALUES (642, 'Puerto Napo                                                           ', 168);
INSERT INTO "residuospeligrosos"."Parroquias" ("idParroquias", "Parroquia", "idCanton") VALUES (643, 'San Sebastián del Coca                                                ', 215);
INSERT INTO "residuospeligrosos"."Parroquias" ("idParroquias", "Parroquia", "idCanton") VALUES (644, 'Santa Rosa                                                            ', 170);
INSERT INTO "residuospeligrosos"."Parroquias" ("idParroquias", "Parroquia", "idCanton") VALUES (645, 'Sardinas                                                              ', 170);
INSERT INTO "residuospeligrosos"."Parroquias" ("idParroquias", "Parroquia", "idCanton") VALUES (646, 'Dayuma                                                                ', 214);
INSERT INTO "residuospeligrosos"."Parroquias" ("idParroquias", "Parroquia", "idCanton") VALUES (647, 'Puyo                                                                  ', 173);
INSERT INTO "residuospeligrosos"."Parroquias" ("idParroquias", "Parroquia", "idCanton") VALUES (648, 'Mera                                                                  ', 174);
INSERT INTO "residuospeligrosos"."Parroquias" ("idParroquias", "Parroquia", "idCanton") VALUES (649, 'Madre Tierra                                                          ', 174);
INSERT INTO "residuospeligrosos"."Parroquias" ("idParroquias", "Parroquia", "idCanton") VALUES (650, 'Shell                                                                 ', 174);
INSERT INTO "residuospeligrosos"."Parroquias" ("idParroquias", "Parroquia", "idCanton") VALUES (651, 'Curaray                                                               ', 175);
INSERT INTO "residuospeligrosos"."Parroquias" ("idParroquias", "Parroquia", "idCanton") VALUES (652, 'Diez de Agosto                                                        ', 173);
INSERT INTO "residuospeligrosos"."Parroquias" ("idParroquias", "Parroquia", "idCanton") VALUES (653, 'Fátima                                                                ', 173);
INSERT INTO "residuospeligrosos"."Parroquias" ("idParroquias", "Parroquia", "idCanton") VALUES (654, 'Veracruz  (Cab. en Indillama)                                         ', 173);
INSERT INTO "residuospeligrosos"."Parroquias" ("idParroquias", "Parroquia", "idCanton") VALUES (655, 'Montalvo (Andoas)                                                     ', 173);
INSERT INTO "residuospeligrosos"."Parroquias" ("idParroquias", "Parroquia", "idCanton") VALUES (656, 'Tarqui                                                                ', 173);
INSERT INTO "residuospeligrosos"."Parroquias" ("idParroquias", "Parroquia", "idCanton") VALUES (657, 'Teniente Hugo Ortiz                                                   ', 173);
INSERT INTO "residuospeligrosos"."Parroquias" ("idParroquias", "Parroquia", "idCanton") VALUES (658, 'Arajuno                                                               ', 175);
INSERT INTO "residuospeligrosos"."Parroquias" ("idParroquias", "Parroquia", "idCanton") VALUES (659, 'Pomona                                                                ', 173);
INSERT INTO "residuospeligrosos"."Parroquias" ("idParroquias", "Parroquia", "idCanton") VALUES (660, 'Canelos                                                               ', 173);
INSERT INTO "residuospeligrosos"."Parroquias" ("idParroquias", "Parroquia", "idCanton") VALUES (661, 'Simón Bolívar  (Cab. en Mushullacta)                                  ', 173);
INSERT INTO "residuospeligrosos"."Parroquias" ("idParroquias", "Parroquia", "idCanton") VALUES (662, 'Sarayacu                                                              ', 173);
INSERT INTO "residuospeligrosos"."Parroquias" ("idParroquias", "Parroquia", "idCanton") VALUES (663, 'Santa Clara                                                           ', 176);
INSERT INTO "residuospeligrosos"."Parroquias" ("idParroquias", "Parroquia", "idCanton") VALUES (664, 'El Triunfo                                                            ', 173);
INSERT INTO "residuospeligrosos"."Parroquias" ("idParroquias", "Parroquia", "idCanton") VALUES (665, 'Quito Distrito Metropolitano                                          ', 177);
INSERT INTO "residuospeligrosos"."Parroquias" ("idParroquias", "Parroquia", "idCanton") VALUES (666, 'Alangasí                                                              ', 177);
INSERT INTO "residuospeligrosos"."Parroquias" ("idParroquias", "Parroquia", "idCanton") VALUES (667, 'Conocoto                                                              ', 177);
INSERT INTO "residuospeligrosos"."Parroquias" ("idParroquias", "Parroquia", "idCanton") VALUES (668, 'Nanegalito                                                            ', 177);
INSERT INTO "residuospeligrosos"."Parroquias" ("idParroquias", "Parroquia", "idCanton") VALUES (669, 'Cayambe                                                               ', 178);
INSERT INTO "residuospeligrosos"."Parroquias" ("idParroquias", "Parroquia", "idCanton") VALUES (670, 'Machachi                                                              ', 179);
INSERT INTO "residuospeligrosos"."Parroquias" ("idParroquias", "Parroquia", "idCanton") VALUES (671, 'Sangolquí                                                             ', 180);
INSERT INTO "residuospeligrosos"."Parroquias" ("idParroquias", "Parroquia", "idCanton") VALUES (672, 'Santo Domingo de los Colorados                                        ', 218);
INSERT INTO "residuospeligrosos"."Parroquias" ("idParroquias", "Parroquia", "idCanton") VALUES (673, 'Yaruquí                                                               ', 177);
INSERT INTO "residuospeligrosos"."Parroquias" ("idParroquias", "Parroquia", "idCanton") VALUES (674, 'Amaguaña                                                              ', 177);
INSERT INTO "residuospeligrosos"."Parroquias" ("idParroquias", "Parroquia", "idCanton") VALUES (675, 'Atahualpa                                                             ', 177);
INSERT INTO "residuospeligrosos"."Parroquias" ("idParroquias", "Parroquia", "idCanton") VALUES (676, 'Calderón                                                              ', 177);
INSERT INTO "residuospeligrosos"."Parroquias" ("idParroquias", "Parroquia", "idCanton") VALUES (677, 'Calacalí                                                              ', 177);
INSERT INTO "residuospeligrosos"."Parroquias" ("idParroquias", "Parroquia", "idCanton") VALUES (678, 'Cumbayá                                                               ', 177);
INSERT INTO "residuospeligrosos"."Parroquias" ("idParroquias", "Parroquia", "idCanton") VALUES (679, 'Checa (Chilpa)                                                        ', 177);
INSERT INTO "residuospeligrosos"."Parroquias" ("idParroquias", "Parroquia", "idCanton") VALUES (680, 'Guayllabamba                                                          ', 177);
INSERT INTO "residuospeligrosos"."Parroquias" ("idParroquias", "Parroquia", "idCanton") VALUES (681, 'Gualea                                                                ', 177);
INSERT INTO "residuospeligrosos"."Parroquias" ("idParroquias", "Parroquia", "idCanton") VALUES (682, 'Mindo                                                                 ', 181);
INSERT INTO "residuospeligrosos"."Parroquias" ("idParroquias", "Parroquia", "idCanton") VALUES (683, 'Nanegal                                                               ', 177);
INSERT INTO "residuospeligrosos"."Parroquias" ("idParroquias", "Parroquia", "idCanton") VALUES (684, 'Nono                                                                  ', 177);
INSERT INTO "residuospeligrosos"."Parroquias" ("idParroquias", "Parroquia", "idCanton") VALUES (685, 'Pacto                                                                 ', 177);
INSERT INTO "residuospeligrosos"."Parroquias" ("idParroquias", "Parroquia", "idCanton") VALUES (686, 'Pedro Vicente Maldonado                                               ', 182);
INSERT INTO "residuospeligrosos"."Parroquias" ("idParroquias", "Parroquia", "idCanton") VALUES (687, 'Pifo                                                                  ', 177);
INSERT INTO "residuospeligrosos"."Parroquias" ("idParroquias", "Parroquia", "idCanton") VALUES (688, 'Píntag                                                                ', 177);
INSERT INTO "residuospeligrosos"."Parroquias" ("idParroquias", "Parroquia", "idCanton") VALUES (689, 'Pomasqui                                                              ', 177);
INSERT INTO "residuospeligrosos"."Parroquias" ("idParroquias", "Parroquia", "idCanton") VALUES (690, 'Puéllaro                                                              ', 177);
INSERT INTO "residuospeligrosos"."Parroquias" ("idParroquias", "Parroquia", "idCanton") VALUES (691, 'Puembo                                                                ', 177);
INSERT INTO "residuospeligrosos"."Parroquias" ("idParroquias", "Parroquia", "idCanton") VALUES (692, 'El Quinche                                                            ', 177);
INSERT INTO "residuospeligrosos"."Parroquias" ("idParroquias", "Parroquia", "idCanton") VALUES (693, 'San Antonio                                                           ', 177);
INSERT INTO "residuospeligrosos"."Parroquias" ("idParroquias", "Parroquia", "idCanton") VALUES (694, 'San José de Minas                                                     ', 177);
INSERT INTO "residuospeligrosos"."Parroquias" ("idParroquias", "Parroquia", "idCanton") VALUES (695, 'San Miguel de los Bancos                                              ', 181);
INSERT INTO "residuospeligrosos"."Parroquias" ("idParroquias", "Parroquia", "idCanton") VALUES (696, 'Tumbaco                                                               ', 177);
INSERT INTO "residuospeligrosos"."Parroquias" ("idParroquias", "Parroquia", "idCanton") VALUES (697, 'Zámbiza                                                               ', 177);
INSERT INTO "residuospeligrosos"."Parroquias" ("idParroquias", "Parroquia", "idCanton") VALUES (698, 'Nayón                                                                 ', 177);
INSERT INTO "residuospeligrosos"."Parroquias" ("idParroquias", "Parroquia", "idCanton") VALUES (699, 'Puerto Quito                                                          ', 183);
INSERT INTO "residuospeligrosos"."Parroquias" ("idParroquias", "Parroquia", "idCanton") VALUES (700, 'Cangahua                                                              ', 178);
INSERT INTO "residuospeligrosos"."Parroquias" ("idParroquias", "Parroquia", "idCanton") VALUES (701, 'Olmedo (Pesillo)                                                      ', 178);
INSERT INTO "residuospeligrosos"."Parroquias" ("idParroquias", "Parroquia", "idCanton") VALUES (702, 'Otón                                                                  ', 178);
INSERT INTO "residuospeligrosos"."Parroquias" ("idParroquias", "Parroquia", "idCanton") VALUES (703, 'Ascázubi                                                              ', 178);
INSERT INTO "residuospeligrosos"."Parroquias" ("idParroquias", "Parroquia", "idCanton") VALUES (704, 'Alóag                                                                 ', 179);
INSERT INTO "residuospeligrosos"."Parroquias" ("idParroquias", "Parroquia", "idCanton") VALUES (705, 'Manuel Cornejo Astorga (Tandapi)                                      ', 179);
INSERT INTO "residuospeligrosos"."Parroquias" ("idParroquias", "Parroquia", "idCanton") VALUES (706, 'Tambillo                                                              ', 179);
INSERT INTO "residuospeligrosos"."Parroquias" ("idParroquias", "Parroquia", "idCanton") VALUES (707, 'Uyumbicho                                                             ', 179);
INSERT INTO "residuospeligrosos"."Parroquias" ("idParroquias", "Parroquia", "idCanton") VALUES (708, 'Aloasí                                                                ', 179);
INSERT INTO "residuospeligrosos"."Parroquias" ("idParroquias", "Parroquia", "idCanton") VALUES (709, 'Tabacundo                                                             ', 184);
INSERT INTO "residuospeligrosos"."Parroquias" ("idParroquias", "Parroquia", "idCanton") VALUES (710, 'La Esperanza                                                          ', 184);
INSERT INTO "residuospeligrosos"."Parroquias" ("idParroquias", "Parroquia", "idCanton") VALUES (711, 'Malchinguí                                                            ', 184);
INSERT INTO "residuospeligrosos"."Parroquias" ("idParroquias", "Parroquia", "idCanton") VALUES (712, 'Tocachi                                                               ', 184);
INSERT INTO "residuospeligrosos"."Parroquias" ("idParroquias", "Parroquia", "idCanton") VALUES (713, 'Cotogchoa                                                             ', 180);
INSERT INTO "residuospeligrosos"."Parroquias" ("idParroquias", "Parroquia", "idCanton") VALUES (714, 'La Concordia                                                          ', 217);
INSERT INTO "residuospeligrosos"."Parroquias" ("idParroquias", "Parroquia", "idCanton") VALUES (715, 'Alluriquín                                                            ', 218);
INSERT INTO "residuospeligrosos"."Parroquias" ("idParroquias", "Parroquia", "idCanton") VALUES (716, 'San Jacinto del Bua                                                   ', 218);
INSERT INTO "residuospeligrosos"."Parroquias" ("idParroquias", "Parroquia", "idCanton") VALUES (717, 'Tupigachi                                                             ', 184);
INSERT INTO "residuospeligrosos"."Parroquias" ("idParroquias", "Parroquia", "idCanton") VALUES (718, 'El Chaupi                                                             ', 179);
INSERT INTO "residuospeligrosos"."Parroquias" ("idParroquias", "Parroquia", "idCanton") VALUES (719, 'Santa Rosa de Cuzubamba                                               ', 178);
INSERT INTO "residuospeligrosos"."Parroquias" ("idParroquias", "Parroquia", "idCanton") VALUES (720, 'Lloa                                                                  ', 177);
INSERT INTO "residuospeligrosos"."Parroquias" ("idParroquias", "Parroquia", "idCanton") VALUES (721, 'Llano Chico                                                           ', 177);
INSERT INTO "residuospeligrosos"."Parroquias" ("idParroquias", "Parroquia", "idCanton") VALUES (722, 'Tababela                                                              ', 177);
INSERT INTO "residuospeligrosos"."Parroquias" ("idParroquias", "Parroquia", "idCanton") VALUES (723, 'Perucho                                                               ', 177);
INSERT INTO "residuospeligrosos"."Parroquias" ("idParroquias", "Parroquia", "idCanton") VALUES (724, 'Chavezpamba                                                           ', 177);
INSERT INTO "residuospeligrosos"."Parroquias" ("idParroquias", "Parroquia", "idCanton") VALUES (725, 'La Merced                                                             ', 177);
INSERT INTO "residuospeligrosos"."Parroquias" ("idParroquias", "Parroquia", "idCanton") VALUES (726, 'Santa María del Toachi                                                ', 218);
INSERT INTO "residuospeligrosos"."Parroquias" ("idParroquias", "Parroquia", "idCanton") VALUES (727, 'Luz de América                                                        ', 218);
INSERT INTO "residuospeligrosos"."Parroquias" ("idParroquias", "Parroquia", "idCanton") VALUES (728, 'Guangopolo                                                            ', 177);
INSERT INTO "residuospeligrosos"."Parroquias" ("idParroquias", "Parroquia", "idCanton") VALUES (729, 'Cutuglahua                                                            ', 179);
INSERT INTO "residuospeligrosos"."Parroquias" ("idParroquias", "Parroquia", "idCanton") VALUES (730, 'Valle Hermoso                                                         ', 218);
INSERT INTO "residuospeligrosos"."Parroquias" ("idParroquias", "Parroquia", "idCanton") VALUES (731, 'Matriz                                                                ', 185);
INSERT INTO "residuospeligrosos"."Parroquias" ("idParroquias", "Parroquia", "idCanton") VALUES (732, 'Atocha - Ficoa                                                        ', 185);
INSERT INTO "residuospeligrosos"."Parroquias" ("idParroquias", "Parroquia", "idCanton") VALUES (733, 'La Merced                                                             ', 185);
INSERT INTO "residuospeligrosos"."Parroquias" ("idParroquias", "Parroquia", "idCanton") VALUES (734, 'Pelileo                                                               ', 186);
INSERT INTO "residuospeligrosos"."Parroquias" ("idParroquias", "Parroquia", "idCanton") VALUES (735, 'Píllaro                                                               ', 187);
INSERT INTO "residuospeligrosos"."Parroquias" ("idParroquias", "Parroquia", "idCanton") VALUES (736, 'San Francisco                                                         ', 185);
INSERT INTO "residuospeligrosos"."Parroquias" ("idParroquias", "Parroquia", "idCanton") VALUES (737, 'Huachi Loreto                                                         ', 185);
INSERT INTO "residuospeligrosos"."Parroquias" ("idParroquias", "Parroquia", "idCanton") VALUES (738, 'Augusto N. Martínez (Mundugleo)                                       ', 185);
INSERT INTO "residuospeligrosos"."Parroquias" ("idParroquias", "Parroquia", "idCanton") VALUES (739, 'Cevallos                                                              ', 188);
INSERT INTO "residuospeligrosos"."Parroquias" ("idParroquias", "Parroquia", "idCanton") VALUES (740, 'Mocha                                                                 ', 189);
INSERT INTO "residuospeligrosos"."Parroquias" ("idParroquias", "Parroquia", "idCanton") VALUES (741, 'Pasa                                                                  ', 185);
INSERT INTO "residuospeligrosos"."Parroquias" ("idParroquias", "Parroquia", "idCanton") VALUES (742, 'Pilaguín (Pilahuín)                                                   ', 185);
INSERT INTO "residuospeligrosos"."Parroquias" ("idParroquias", "Parroquia", "idCanton") VALUES (743, 'Quisapincha (Quizapincha)                                             ', 185);
INSERT INTO "residuospeligrosos"."Parroquias" ("idParroquias", "Parroquia", "idCanton") VALUES (744, 'Atahualpa (Chisalata)                                                 ', 185);
INSERT INTO "residuospeligrosos"."Parroquias" ("idParroquias", "Parroquia", "idCanton") VALUES (745, 'Constantino Fernández (Cab. en Cullitahua)                            ', 185);
INSERT INTO "residuospeligrosos"."Parroquias" ("idParroquias", "Parroquia", "idCanton") VALUES (746, 'Izamba                                                                ', 185);
INSERT INTO "residuospeligrosos"."Parroquias" ("idParroquias", "Parroquia", "idCanton") VALUES (747, 'Picaigua                                                              ', 185);
INSERT INTO "residuospeligrosos"."Parroquias" ("idParroquias", "Parroquia", "idCanton") VALUES (748, 'Santa Rosa                                                            ', 185);
INSERT INTO "residuospeligrosos"."Parroquias" ("idParroquias", "Parroquia", "idCanton") VALUES (749, 'Tisaleo                                                               ', 190);
INSERT INTO "residuospeligrosos"."Parroquias" ("idParroquias", "Parroquia", "idCanton") VALUES (750, 'Juan Benigno Vela                                                     ', 185);
INSERT INTO "residuospeligrosos"."Parroquias" ("idParroquias", "Parroquia", "idCanton") VALUES (751, 'Ambatillo                                                             ', 185);
INSERT INTO "residuospeligrosos"."Parroquias" ("idParroquias", "Parroquia", "idCanton") VALUES (752, 'Huachi Grande                                                         ', 185);
INSERT INTO "residuospeligrosos"."Parroquias" ("idParroquias", "Parroquia", "idCanton") VALUES (753, 'Totoras                                                               ', 185);
INSERT INTO "residuospeligrosos"."Parroquias" ("idParroquias", "Parroquia", "idCanton") VALUES (754, 'Quinchicoto                                                           ', 190);
INSERT INTO "residuospeligrosos"."Parroquias" ("idParroquias", "Parroquia", "idCanton") VALUES (755, 'Río Negro                                                             ', 191);
INSERT INTO "residuospeligrosos"."Parroquias" ("idParroquias", "Parroquia", "idCanton") VALUES (756, 'Río Verde                                                             ', 191);
INSERT INTO "residuospeligrosos"."Parroquias" ("idParroquias", "Parroquia", "idCanton") VALUES (757, 'Patate                                                                ', 192);
INSERT INTO "residuospeligrosos"."Parroquias" ("idParroquias", "Parroquia", "idCanton") VALUES (758, 'Cotaló                                                                ', 186);
INSERT INTO "residuospeligrosos"."Parroquias" ("idParroquias", "Parroquia", "idCanton") VALUES (759, 'Guambaló (Huambaló)                                                   ', 186);
INSERT INTO "residuospeligrosos"."Parroquias" ("idParroquias", "Parroquia", "idCanton") VALUES (760, 'Salasaca                                                              ', 186);
INSERT INTO "residuospeligrosos"."Parroquias" ("idParroquias", "Parroquia", "idCanton") VALUES (761, 'Benítez (Pachanlica)                                                  ', 186);
INSERT INTO "residuospeligrosos"."Parroquias" ("idParroquias", "Parroquia", "idCanton") VALUES (762, 'San José de Poalo                                                     ', 187);
INSERT INTO "residuospeligrosos"."Parroquias" ("idParroquias", "Parroquia", "idCanton") VALUES (763, 'San Miguelito                                                         ', 187);
INSERT INTO "residuospeligrosos"."Parroquias" ("idParroquias", "Parroquia", "idCanton") VALUES (764, 'San Andrés                                                            ', 187);
INSERT INTO "residuospeligrosos"."Parroquias" ("idParroquias", "Parroquia", "idCanton") VALUES (765, 'Quero                                                                 ', 193);
INSERT INTO "residuospeligrosos"."Parroquias" ("idParroquias", "Parroquia", "idCanton") VALUES (766, 'Yanayacu - Mochapata (Cab. en Yanayacu)                               ', 193);
INSERT INTO "residuospeligrosos"."Parroquias" ("idParroquias", "Parroquia", "idCanton") VALUES (767, 'Cunchibamba                                                           ', 185);
INSERT INTO "residuospeligrosos"."Parroquias" ("idParroquias", "Parroquia", "idCanton") VALUES (768, 'Unamuncho                                                             ', 185);
INSERT INTO "residuospeligrosos"."Parroquias" ("idParroquias", "Parroquia", "idCanton") VALUES (769, 'Montalvo                                                              ', 185);
INSERT INTO "residuospeligrosos"."Parroquias" ("idParroquias", "Parroquia", "idCanton") VALUES (770, 'Huachi Chico                                                          ', 185);
INSERT INTO "residuospeligrosos"."Parroquias" ("idParroquias", "Parroquia", "idCanton") VALUES (771, 'Celiano Monge                                                         ', 185);
INSERT INTO "residuospeligrosos"."Parroquias" ("idParroquias", "Parroquia", "idCanton") VALUES (772, 'Chiquicha (Cab. en Chiquicha Grande)                                  ', 186);
INSERT INTO "residuospeligrosos"."Parroquias" ("idParroquias", "Parroquia", "idCanton") VALUES (773, 'Sucre (Cab. en Sucre-Patate Urcu)                                     ', 192);
INSERT INTO "residuospeligrosos"."Parroquias" ("idParroquias", "Parroquia", "idCanton") VALUES (774, 'El Triunfo                                                            ', 192);
INSERT INTO "residuospeligrosos"."Parroquias" ("idParroquias", "Parroquia", "idCanton") VALUES (775, 'San Fernando (Pasa San Fernando)                                      ', 185);
INSERT INTO "residuospeligrosos"."Parroquias" ("idParroquias", "Parroquia", "idCanton") VALUES (776, 'García Moreno (Chumaqui)                                              ', 186);
INSERT INTO "residuospeligrosos"."Parroquias" ("idParroquias", "Parroquia", "idCanton") VALUES (777, 'El Rosario (Rumichaca)                                                ', 186);
INSERT INTO "residuospeligrosos"."Parroquias" ("idParroquias", "Parroquia", "idCanton") VALUES (778, 'Bolívar                                                               ', 186);
INSERT INTO "residuospeligrosos"."Parroquias" ("idParroquias", "Parroquia", "idCanton") VALUES (779, 'Emilio María Terán (Rumipamba)                                        ', 187);
INSERT INTO "residuospeligrosos"."Parroquias" ("idParroquias", "Parroquia", "idCanton") VALUES (780, 'Pishilata                                                             ', 185);
INSERT INTO "residuospeligrosos"."Parroquias" ("idParroquias", "Parroquia", "idCanton") VALUES (781, 'Baños de Agua Santa                                                   ', 191);
INSERT INTO "residuospeligrosos"."Parroquias" ("idParroquias", "Parroquia", "idCanton") VALUES (782, 'La Península                                                          ', 185);
INSERT INTO "residuospeligrosos"."Parroquias" ("idParroquias", "Parroquia", "idCanton") VALUES (783, 'Zamora                                                                ', 194);
INSERT INTO "residuospeligrosos"."Parroquias" ("idParroquias", "Parroquia", "idCanton") VALUES (784, 'Yantzaza (Yanzatza)                                                   ', 195);
INSERT INTO "residuospeligrosos"."Parroquias" ("idParroquias", "Parroquia", "idCanton") VALUES (785, ' Zumba                                                                ', 196);
INSERT INTO "residuospeligrosos"."Parroquias" ("idParroquias", "Parroquia", "idCanton") VALUES (786, 'Cumbaratza                                                            ', 194);
INSERT INTO "residuospeligrosos"."Parroquias" ("idParroquias", "Parroquia", "idCanton") VALUES (787, 'Los Encuentros                                                        ', 195);
INSERT INTO "residuospeligrosos"."Parroquias" ("idParroquias", "Parroquia", "idCanton") VALUES (788, 'Zumbi                                                                 ', 197);
INSERT INTO "residuospeligrosos"."Parroquias" ("idParroquias", "Parroquia", "idCanton") VALUES (789, 'Guadalupe                                                             ', 194);
INSERT INTO "residuospeligrosos"."Parroquias" ("idParroquias", "Parroquia", "idCanton") VALUES (790, 'Guayzimi                                                              ', 198);
INSERT INTO "residuospeligrosos"."Parroquias" ("idParroquias", "Parroquia", "idCanton") VALUES (791, 'Imbana (La Victoria de Imbana)                                        ', 194);
INSERT INTO "residuospeligrosos"."Parroquias" ("idParroquias", "Parroquia", "idCanton") VALUES (792, 'El Pangui                                                             ', 199);
INSERT INTO "residuospeligrosos"."Parroquias" ("idParroquias", "Parroquia", "idCanton") VALUES (793, 'Paquisha                                                              ', 200);
INSERT INTO "residuospeligrosos"."Parroquias" ("idParroquias", "Parroquia", "idCanton") VALUES (794, 'Chito                                                                 ', 196);
INSERT INTO "residuospeligrosos"."Parroquias" ("idParroquias", "Parroquia", "idCanton") VALUES (795, 'El Chorro                                                             ', 196);
INSERT INTO "residuospeligrosos"."Parroquias" ("idParroquias", "Parroquia", "idCanton") VALUES (796, 'Palanda                                                               ', 201);
INSERT INTO "residuospeligrosos"."Parroquias" ("idParroquias", "Parroquia", "idCanton") VALUES (797, 'Valladolid                                                            ', 201);
INSERT INTO "residuospeligrosos"."Parroquias" ("idParroquias", "Parroquia", "idCanton") VALUES (798, 'La Chonta                                                             ', 196);
INSERT INTO "residuospeligrosos"."Parroquias" ("idParroquias", "Parroquia", "idCanton") VALUES (799, 'El Porvenir del Carmen                                                ', 201);
INSERT INTO "residuospeligrosos"."Parroquias" ("idParroquias", "Parroquia", "idCanton") VALUES (800, '28 de Mayo (San José de Yacuambi)                                     ', 202);
INSERT INTO "residuospeligrosos"."Parroquias" ("idParroquias", "Parroquia", "idCanton") VALUES (801, 'Tutupali                                                              ', 202);
INSERT INTO "residuospeligrosos"."Parroquias" ("idParroquias", "Parroquia", "idCanton") VALUES (802, 'San Carlos de las Minas                                               ', 194);
INSERT INTO "residuospeligrosos"."Parroquias" ("idParroquias", "Parroquia", "idCanton") VALUES (803, 'San Francisco del Vergel                                              ', 201);
INSERT INTO "residuospeligrosos"."Parroquias" ("idParroquias", "Parroquia", "idCanton") VALUES (804, 'La Paz                                                                ', 202);
INSERT INTO "residuospeligrosos"."Parroquias" ("idParroquias", "Parroquia", "idCanton") VALUES (805, 'Chicaña                                                               ', 195);
INSERT INTO "residuospeligrosos"."Parroquias" ("idParroquias", "Parroquia", "idCanton") VALUES (806, 'El Guisme                                                             ', 199);
INSERT INTO "residuospeligrosos"."Parroquias" ("idParroquias", "Parroquia", "idCanton") VALUES (807, 'Puerto Baquerizo Moreno                                               ', 203);
INSERT INTO "residuospeligrosos"."Parroquias" ("idParroquias", "Parroquia", "idCanton") VALUES (808, 'Puerto Ayora                                                          ', 204);
INSERT INTO "residuospeligrosos"."Parroquias" ("idParroquias", "Parroquia", "idCanton") VALUES (809, 'Isla Santa María (Floreana) (Cab. en  Pto. Velasco Ibarra)            ', 203);
INSERT INTO "residuospeligrosos"."Parroquias" ("idParroquias", "Parroquia", "idCanton") VALUES (810, 'Puerto Villamil                                                       ', 205);
INSERT INTO "residuospeligrosos"."Parroquias" ("idParroquias", "Parroquia", "idCanton") VALUES (811, 'El Progreso                                                           ', 203);
INSERT INTO "residuospeligrosos"."Parroquias" ("idParroquias", "Parroquia", "idCanton") VALUES (812, 'Bellavista                                                            ', 204);
INSERT INTO "residuospeligrosos"."Parroquias" ("idParroquias", "Parroquia", "idCanton") VALUES (813, 'Nueva Loja                                                            ', 206);
INSERT INTO "residuospeligrosos"."Parroquias" ("idParroquias", "Parroquia", "idCanton") VALUES (814, 'Shushufindi                                                           ', 207);
INSERT INTO "residuospeligrosos"."Parroquias" ("idParroquias", "Parroquia", "idCanton") VALUES (815, 'El Dorado de Cascales                                                 ', 208);
INSERT INTO "residuospeligrosos"."Parroquias" ("idParroquias", "Parroquia", "idCanton") VALUES (816, 'Lumbaquí                                                              ', 209);
INSERT INTO "residuospeligrosos"."Parroquias" ("idParroquias", "Parroquia", "idCanton") VALUES (817, 'El Playón de San Francisco                                            ', 210);
INSERT INTO "residuospeligrosos"."Parroquias" ("idParroquias", "Parroquia", "idCanton") VALUES (818, 'Limoncocha                                                            ', 207);
INSERT INTO "residuospeligrosos"."Parroquias" ("idParroquias", "Parroquia", "idCanton") VALUES (819, 'Tarapoa                                                               ', 211);
INSERT INTO "residuospeligrosos"."Parroquias" ("idParroquias", "Parroquia", "idCanton") VALUES (820, 'La Bonita                                                             ', 210);
INSERT INTO "residuospeligrosos"."Parroquias" ("idParroquias", "Parroquia", "idCanton") VALUES (821, 'Sevilla                                                               ', 208);
INSERT INTO "residuospeligrosos"."Parroquias" ("idParroquias", "Parroquia", "idCanton") VALUES (822, 'Santa Bárbara                                                         ', 210);
INSERT INTO "residuospeligrosos"."Parroquias" ("idParroquias", "Parroquia", "idCanton") VALUES (823, 'Puerto El Carmen del Putumayo                                         ', 212);
INSERT INTO "residuospeligrosos"."Parroquias" ("idParroquias", "Parroquia", "idCanton") VALUES (824, 'Palma Roja                                                            ', 212);
INSERT INTO "residuospeligrosos"."Parroquias" ("idParroquias", "Parroquia", "idCanton") VALUES (825, 'Jambelí                                                               ', 206);
INSERT INTO "residuospeligrosos"."Parroquias" ("idParroquias", "Parroquia", "idCanton") VALUES (826, 'Pacayacu                                                              ', 206);
INSERT INTO "residuospeligrosos"."Parroquias" ("idParroquias", "Parroquia", "idCanton") VALUES (827, 'General Farfán                                                        ', 206);
INSERT INTO "residuospeligrosos"."Parroquias" ("idParroquias", "Parroquia", "idCanton") VALUES (828, 'San Roque (Cab. en San Vicente)                                       ', 207);
INSERT INTO "residuospeligrosos"."Parroquias" ("idParroquias", "Parroquia", "idCanton") VALUES (829, 'El Reventador                                                         ', 209);
INSERT INTO "residuospeligrosos"."Parroquias" ("idParroquias", "Parroquia", "idCanton") VALUES (830, 'Santa Cecilia                                                         ', 206);
INSERT INTO "residuospeligrosos"."Parroquias" ("idParroquias", "Parroquia", "idCanton") VALUES (831, 'Llacao                                                                ', 1);
INSERT INTO "residuospeligrosos"."Parroquias" ("idParroquias", "Parroquia", "idCanton") VALUES (832, 'Turi                                                                  ', 1);
INSERT INTO "residuospeligrosos"."Parroquias" ("idParroquias", "Parroquia", "idCanton") VALUES (833, 'San Gerardo                                                           ', 2);
INSERT INTO "residuospeligrosos"."Parroquias" ("idParroquias", "Parroquia", "idCanton") VALUES (834, 'Daniel Córdova Toral (El Oriente)                                     ', 3);
INSERT INTO "residuospeligrosos"."Parroquias" ("idParroquias", "Parroquia", "idCanton") VALUES (835, 'Zhidmad                                                               ', 3);
INSERT INTO "residuospeligrosos"."Parroquias" ("idParroquias", "Parroquia", "idCanton") VALUES (836, 'Bulán(José Víctor Izquierdo)                                          ', 6);
INSERT INTO "residuospeligrosos"."Parroquias" ("idParroquias", "Parroquia", "idCanton") VALUES (837, 'Chicán (Guillermo Ortega)                                             ', 6);
INSERT INTO "residuospeligrosos"."Parroquias" ("idParroquias", "Parroquia", "idCanton") VALUES (838, 'El Cabo                                                               ', 6);
INSERT INTO "residuospeligrosos"."Parroquias" ("idParroquias", "Parroquia", "idCanton") VALUES (839, 'Tomebamba                                                             ', 6);
INSERT INTO "residuospeligrosos"."Parroquias" ("idParroquias", "Parroquia", "idCanton") VALUES (840, 'San José de Raranga                                                   ', 5);
INSERT INTO "residuospeligrosos"."Parroquias" ("idParroquias", "Parroquia", "idCanton") VALUES (841, 'Palo Quemado                                                          ', 40);
INSERT INTO "residuospeligrosos"."Parroquias" ("idParroquias", "Parroquia", "idCanton") VALUES (842, 'Guanando                                                              ', 50);
INSERT INTO "residuospeligrosos"."Parroquias" ("idParroquias", "Parroquia", "idCanton") VALUES (843, 'Puela                                                                 ', 51);
INSERT INTO "residuospeligrosos"."Parroquias" ("idParroquias", "Parroquia", "idCanton") VALUES (844, 'Quingue (Olmedo Perdomo Franco)                                       ', 70);
INSERT INTO "residuospeligrosos"."Parroquias" ("idParroquias", "Parroquia", "idCanton") VALUES (845, 'Carondelet                                                            ', 69);
INSERT INTO "residuospeligrosos"."Parroquias" ("idParroquias", "Parroquia", "idCanton") VALUES (846, 'Tonsupa                                                               ', 72);
INSERT INTO "residuospeligrosos"."Parroquias" ("idParroquias", "Parroquia", "idCanton") VALUES (847, 'Chantaco                                                              ', 105);
INSERT INTO "residuospeligrosos"."Parroquias" ("idParroquias", "Parroquia", "idCanton") VALUES (848, 'San Pedro de Vilcabamba                                               ', 105);
INSERT INTO "residuospeligrosos"."Parroquias" ("idParroquias", "Parroquia", "idCanton") VALUES (849, 'Quinara                                                               ', 105);
INSERT INTO "residuospeligrosos"."Parroquias" ("idParroquias", "Parroquia", "idCanton") VALUES (850, 'Utuana                                                                ', 106);
INSERT INTO "residuospeligrosos"."Parroquias" ("idParroquias", "Parroquia", "idCanton") VALUES (851, 'El Tablón                                                             ', 110);
INSERT INTO "residuospeligrosos"."Parroquias" ("idParroquias", "Parroquia", "idCanton") VALUES (852, 'Garzareal                                                             ', 114);
INSERT INTO "residuospeligrosos"."Parroquias" ("idParroquias", "Parroquia", "idCanton") VALUES (853, 'Limones                                                               ', 114);
INSERT INTO "residuospeligrosos"."Parroquias" ("idParroquias", "Parroquia", "idCanton") VALUES (854, 'Fundochamba                                                           ', 116);
INSERT INTO "residuospeligrosos"."Parroquias" ("idParroquias", "Parroquia", "idCanton") VALUES (855, 'Chibunga                                                              ', 136);
INSERT INTO "residuospeligrosos"."Parroquias" ("idParroquias", "Parroquia", "idCanton") VALUES (856, 'San Francisco de Novillo (Cab. en Novillo)                            ', 144);
INSERT INTO "residuospeligrosos"."Parroquias" ("idParroquias", "Parroquia", "idCanton") VALUES (857, 'Puerto de Cayo                                                        ', 137);
INSERT INTO "residuospeligrosos"."Parroquias" ("idParroquias", "Parroquia", "idCanton") VALUES (858, 'San Isidro                                                            ', 156);
INSERT INTO "residuospeligrosos"."Parroquias" ("idParroquias", "Parroquia", "idCanton") VALUES (859, 'Sangay (Cab. en Nayamanaca)                                           ', 164);
INSERT INTO "residuospeligrosos"."Parroquias" ("idParroquias", "Parroquia", "idCanton") VALUES (860, '16 de Agosto                                                          ', 164);
INSERT INTO "residuospeligrosos"."Parroquias" ("idParroquias", "Parroquia", "idCanton") VALUES (861, 'Pano                                                                  ', 168);
INSERT INTO "residuospeligrosos"."Parroquias" ("idParroquias", "Parroquia", "idCanton") VALUES (862, 'Pachicutza                                                            ', 199);
INSERT INTO "residuospeligrosos"."Parroquias" ("idParroquias", "Parroquia", "idCanton") VALUES (863, 'Dureno                                                                ', 206);
INSERT INTO "residuospeligrosos"."Parroquias" ("idParroquias", "Parroquia", "idCanton") VALUES (864, 'Enokanqui                                                             ', 215);
INSERT INTO "residuospeligrosos"."Parroquias" ("idParroquias", "Parroquia", "idCanton") VALUES (865, 'La Belleza                                                            ', 214);
INSERT INTO "residuospeligrosos"."Parroquias" ("idParroquias", "Parroquia", "idCanton") VALUES (866, 'San José de Guayusa                                                   ', 214);
INSERT INTO "residuospeligrosos"."Parroquias" ("idParroquias", "Parroquia", "idCanton") VALUES (867, 'Puerto Limón                                                          ', 218);
INSERT INTO "residuospeligrosos"."Parroquias" ("idParroquias", "Parroquia", "idCanton") VALUES (868, 'El Paraíso                                                            ', 65);
INSERT INTO "residuospeligrosos"."Parroquias" ("idParroquias", "Parroquia", "idCanton") VALUES (869, 'El Rosario                                                            ', 157);
INSERT INTO "residuospeligrosos"."Parroquias" ("idParroquias", "Parroquia", "idCanton") VALUES (870, 'Lluzhapa                                                              ', 110);
INSERT INTO "residuospeligrosos"."Parroquias" ("idParroquias", "Parroquia", "idCanton") VALUES (871, 'Colaisaca                                                             ', 106);
INSERT INTO "residuospeligrosos"."Parroquias" ("idParroquias", "Parroquia", "idCanton") VALUES (872, 'San Francisco de Chinimbimi                                           ', 159);
INSERT INTO "residuospeligrosos"."Parroquias" ("idParroquias", "Parroquia", "idCanton") VALUES (873, 'Papallacta                                                            ', 171);
INSERT INTO "residuospeligrosos"."Parroquias" ("idParroquias", "Parroquia", "idCanton") VALUES (874, 'Gonzalo Díaz de Pineda (El Bombón)                                    ', 170);
INSERT INTO "residuospeligrosos"."Parroquias" ("idParroquias", "Parroquia", "idCanton") VALUES (875, 'Timbara                                                               ', 194);
INSERT INTO "residuospeligrosos"."Parroquias" ("idParroquias", "Parroquia", "idCanton") VALUES (876, 'San Pedro de Suma                                                     ', 140);
INSERT INTO "residuospeligrosos"."Parroquias" ("idParroquias", "Parroquia", "idCanton") VALUES (877, 'Dug Dug                                                               ', 6);
INSERT INTO "residuospeligrosos"."Parroquias" ("idParroquias", "Parroquia", "idCanton") VALUES (878, 'Jerusalén                                                             ', 26);
INSERT INTO "residuospeligrosos"."Parroquias" ("idParroquias", "Parroquia", "idCanton") VALUES (879, 'Sanguillín                                                            ', 106);
INSERT INTO "residuospeligrosos"."Parroquias" ("idParroquias", "Parroquia", "idCanton") VALUES (880, 'El Ingenio                                                            ', 111);
INSERT INTO "residuospeligrosos"."Parroquias" ("idParroquias", "Parroquia", "idCanton") VALUES (881, 'Bellavista                                                            ', 111);
INSERT INTO "residuospeligrosos"."Parroquias" ("idParroquias", "Parroquia", "idCanton") VALUES (882, '27 de Abril (Cab. en La Naranja)                                      ', 111);
INSERT INTO "residuospeligrosos"."Parroquias" ("idParroquias", "Parroquia", "idCanton") VALUES (883, 'San José de Payamino                                                  ', 216);
INSERT INTO "residuospeligrosos"."Parroquias" ("idParroquias", "Parroquia", "idCanton") VALUES (884, 'San José de Dahuano                                                   ', 216);
INSERT INTO "residuospeligrosos"."Parroquias" ("idParroquias", "Parroquia", "idCanton") VALUES (885, 'San Pablo de Ushpayacu                                                ', 169);
INSERT INTO "residuospeligrosos"."Parroquias" ("idParroquias", "Parroquia", "idCanton") VALUES (886, 'San Pedro de Los Cofanes                                              ', 207);
INSERT INTO "residuospeligrosos"."Parroquias" ("idParroquias", "Parroquia", "idCanton") VALUES (887, 'Simón Bolívar (Julio Moreno)                                          ', 221);
INSERT INTO "residuospeligrosos"."Parroquias" ("idParroquias", "Parroquia", "idCanton") VALUES (888, 'Salango                                                               ', 145);
INSERT INTO "residuospeligrosos"."Parroquias" ("idParroquias", "Parroquia", "idCanton") VALUES (889, 'Anchayacu                                                             ', 68);
INSERT INTO "residuospeligrosos"."Parroquias" ("idParroquias", "Parroquia", "idCanton") VALUES (890, 'El Esfuerzo                                                           ', 218);
INSERT INTO "residuospeligrosos"."Parroquias" ("idParroquias", "Parroquia", "idCanton") VALUES (891, 'Puerto Libre                                                          ', 209);
INSERT INTO "residuospeligrosos"."Parroquias" ("idParroquias", "Parroquia", "idCanton") VALUES (892, 'Baños                                                                 ', 1);
INSERT INTO "residuospeligrosos"."Parroquias" ("idParroquias", "Parroquia", "idCanton") VALUES (893, 'Bellavista                                                            ', 200);
INSERT INTO "residuospeligrosos"."Parroquias" ("idParroquias", "Parroquia", "idCanton") VALUES (894, 'San Andrés                                                            ', 196);
INSERT INTO "residuospeligrosos"."Parroquias" ("idParroquias", "Parroquia", "idCanton") VALUES (895, 'Río Bonito                                                            ', 59);
INSERT INTO "residuospeligrosos"."Parroquias" ("idParroquias", "Parroquia", "idCanton") VALUES (896, 'Santa Rosa (Incluye La Isla Baltra)                                   ', 204);
INSERT INTO "residuospeligrosos"."Parroquias" ("idParroquias", "Parroquia", "idCanton") VALUES (897, 'El Rosario                                                            ', 76);
INSERT INTO "residuospeligrosos"."Parroquias" ("idParroquias", "Parroquia", "idCanton") VALUES (898, 'El Eno                                                                ', 206);
INSERT INTO "residuospeligrosos"."Parroquias" ("idParroquias", "Parroquia", "idCanton") VALUES (899, 'Río Blanco                                                            ', 156);
INSERT INTO "residuospeligrosos"."Parroquias" ("idParroquias", "Parroquia", "idCanton") VALUES (900, 'Arapicos                                                              ', 164);
INSERT INTO "residuospeligrosos"."Parroquias" ("idParroquias", "Parroquia", "idCanton") VALUES (901, 'San Antonio (Cab. en San Antonio Centro)                              ', 158);
INSERT INTO "residuospeligrosos"."Parroquias" ("idParroquias", "Parroquia", "idCanton") VALUES (902, 'San Carlos                                                            ', 82);
INSERT INTO "residuospeligrosos"."Parroquias" ("idParroquias", "Parroquia", "idCanton") VALUES (903, 'Inés Arango (Cab. en Western)                                         ', 214);
INSERT INTO "residuospeligrosos"."Parroquias" ("idParroquias", "Parroquia", "idCanton") VALUES (904, 'Taracoa (Nueva Esperanza: Yuca)                                       ', 214);
INSERT INTO "residuospeligrosos"."Parroquias" ("idParroquias", "Parroquia", "idCanton") VALUES (905, 'San Vicente de Huaticocha                                             ', 216);
INSERT INTO "residuospeligrosos"."Parroquias" ("idParroquias", "Parroquia", "idCanton") VALUES (906, 'San Miguel de Conchay                                                 ', 158);
INSERT INTO "residuospeligrosos"."Parroquias" ("idParroquias", "Parroquia", "idCanton") VALUES (907, 'Santa Marianita (Boca de Pacoche)                                     ', 138);
INSERT INTO "residuospeligrosos"."Parroquias" ("idParroquias", "Parroquia", "idCanton") VALUES (908, 'Oyacachi                                                              ', 170);
INSERT INTO "residuospeligrosos"."Parroquias" ("idParroquias", "Parroquia", "idCanton") VALUES (909, 'Remigio Crespo Toral (Gulag)                                          ', 3);
INSERT INTO "residuospeligrosos"."Parroquias" ("idParroquias", "Parroquia", "idCanton") VALUES (910, 'Siete de Julio                                                        ', 207);
INSERT INTO "residuospeligrosos"."Parroquias" ("idParroquias", "Parroquia", "idCanton") VALUES (911, 'Ambato                                                                ', 185);
INSERT INTO "residuospeligrosos"."Parroquias" ("idParroquias", "Parroquia", "idCanton") VALUES (912, 'San Juan de Muyuna                                                    ', 168);
INSERT INTO "residuospeligrosos"."Parroquias" ("idParroquias", "Parroquia", "idCanton") VALUES (913, 'San Francisco                                                         ', 101);
INSERT INTO "residuospeligrosos"."Parroquias" ("idParroquias", "Parroquia", "idCanton") VALUES (914, 'El Airo                                                               ', 111);
INSERT INTO "residuospeligrosos"."Parroquias" ("idParroquias", "Parroquia", "idCanton") VALUES (915, 'Pumpuentsa                                                            ', 161);
INSERT INTO "residuospeligrosos"."Parroquias" ("idParroquias", "Parroquia", "idCanton") VALUES (916, 'San Sebastión                                                         ', 1);
INSERT INTO "residuospeligrosos"."Parroquias" ("idParroquias", "Parroquia", "idCanton") VALUES (917, 'Yanuncay                                                              ', 1);
INSERT INTO "residuospeligrosos"."Parroquias" ("idParroquias", "Parroquia", "idCanton") VALUES (918, 'Pinguilí                                                              ', 189);
INSERT INTO "residuospeligrosos"."Parroquias" ("idParroquias", "Parroquia", "idCanton") VALUES (919, 'Presidente Urbina (Chagrapamba -Patzucul)                             ', 187);
INSERT INTO "residuospeligrosos"."Parroquias" ("idParroquias", "Parroquia", "idCanton") VALUES (920, 'Rumipamba                                                             ', 193);
INSERT INTO "residuospeligrosos"."Parroquias" ("idParroquias", "Parroquia", "idCanton") VALUES (921, 'Chantilín                                                             ', 42);
INSERT INTO "residuospeligrosos"."Parroquias" ("idParroquias", "Parroquia", "idCanton") VALUES (922, 'Maldonado                                                             ', 43);
INSERT INTO "residuospeligrosos"."Parroquias" ("idParroquias", "Parroquia", "idCanton") VALUES (923, 'Unión Milagreña                                                       ', 215);
INSERT INTO "residuospeligrosos"."Parroquias" ("idParroquias", "Parroquia", "idCanton") VALUES (924, 'Eloy Alfaro (San Felipe)                                              ', 36);
INSERT INTO "residuospeligrosos"."Parroquias" ("idParroquias", "Parroquia", "idCanton") VALUES (925, 'San Bartolomé de Pinllog                                              ', 185);
INSERT INTO "residuospeligrosos"."Parroquias" ("idParroquias", "Parroquia", "idCanton") VALUES (926, 'Mariscal Sucre                                                        ', 33);
INSERT INTO "residuospeligrosos"."Parroquias" ("idParroquias", "Parroquia", "idCanton") VALUES (927, 'El Edén                                                               ', 214);
INSERT INTO "residuospeligrosos"."Parroquias" ("idParroquias", "Parroquia", "idCanton") VALUES (928, 'Tiputini                                                              ', 213);
INSERT INTO "residuospeligrosos"."Parroquias" ("idParroquias", "Parroquia", "idCanton") VALUES (929, 'Pompeya                                                               ', 215);
INSERT INTO "residuospeligrosos"."Parroquias" ("idParroquias", "Parroquia", "idCanton") VALUES (930, 'San Antonio de Bayushig                                               ', 51);
INSERT INTO "residuospeligrosos"."Parroquias" ("idParroquias", "Parroquia", "idCanton") VALUES (931, 'La Candelaria                                                         ', 51);
INSERT INTO "residuospeligrosos"."Parroquias" ("idParroquias", "Parroquia", "idCanton") VALUES (932, 'Sinsao                                                                ', 58);
INSERT INTO "residuospeligrosos"."Parroquias" ("idParroquias", "Parroquia", "idCanton") VALUES (933, 'Abañin                                                                ', 58);
INSERT INTO "residuospeligrosos"."Parroquias" ("idParroquias", "Parroquia", "idCanton") VALUES (934, 'Licán                                                                 ', 43);
INSERT INTO "residuospeligrosos"."Parroquias" ("idParroquias", "Parroquia", "idCanton") VALUES (935, 'El Arenal                                                             ', 109);
INSERT INTO "residuospeligrosos"."Parroquias" ("idParroquias", "Parroquia", "idCanton") VALUES (936, 'Régulo de Mora                                                        ', 17);
INSERT INTO "residuospeligrosos"."Parroquias" ("idParroquias", "Parroquia", "idCanton") VALUES (937, 'Tarqui                                                                ', 74);
INSERT INTO "residuospeligrosos"."Parroquias" ("idParroquias", "Parroquia", "idCanton") VALUES (938, 'Avila (Cab. en Huiruno)                                               ', 216);
INSERT INTO "residuospeligrosos"."Parroquias" ("idParroquias", "Parroquia", "idCanton") VALUES (939, 'Carcabón                                                              ', 55);
INSERT INTO "residuospeligrosos"."Parroquias" ("idParroquias", "Parroquia", "idCanton") VALUES (940, 'Tomás de Berlanga (Santo Tomás)                                       ', 205);
INSERT INTO "residuospeligrosos"."Parroquias" ("idParroquias", "Parroquia", "idCanton") VALUES (941, 'San Carlos de Limón                                                   ', 167);
INSERT INTO "residuospeligrosos"."Parroquias" ("idParroquias", "Parroquia", "idCanton") VALUES (942, 'El Ideal                                                              ', 157);
INSERT INTO "residuospeligrosos"."Parroquias" ("idParroquias", "Parroquia", "idCanton") VALUES (943, 'Santiago de Pananza                                                   ', 167);
INSERT INTO "residuospeligrosos"."Parroquias" ("idParroquias", "Parroquia", "idCanton") VALUES (944, 'El Retiro                                                             ', 53);
INSERT INTO "residuospeligrosos"."Parroquias" ("idParroquias", "Parroquia", "idCanton") VALUES (945, 'Arq. Sixto Durán Ballén                                               ', 155);
INSERT INTO "residuospeligrosos"."Parroquias" ("idParroquias", "Parroquia", "idCanton") VALUES (946, 'San Luis de Armenia                                                   ', 214);
INSERT INTO "residuospeligrosos"."Parroquias" ("idParroquias", "Parroquia", "idCanton") VALUES (947, 'Nuevo Paraíso (Cab. en Unión Chimborazo)                              ', 214);
INSERT INTO "residuospeligrosos"."Parroquias" ("idParroquias", "Parroquia", "idCanton") VALUES (948, 'García Moreno                                                         ', 214);
INSERT INTO "residuospeligrosos"."Parroquias" ("idParroquias", "Parroquia", "idCanton") VALUES (949, 'Tres de Noviembre                                                     ', 215);
INSERT INTO "residuospeligrosos"."Parroquias" ("idParroquias", "Parroquia", "idCanton") VALUES (950, 'Lago San Pedro                                                        ', 215);
INSERT INTO "residuospeligrosos"."Parroquias" ("idParroquias", "Parroquia", "idCanton") VALUES (951, 'Sumaypamba                                                            ', 110);
INSERT INTO "residuospeligrosos"."Parroquias" ("idParroquias", "Parroquia", "idCanton") VALUES (952, 'Zurmi                                                                 ', 198);
INSERT INTO "residuospeligrosos"."Parroquias" ("idParroquias", "Parroquia", "idCanton") VALUES (953, 'Nuevo Paraíso                                                         ', 198);
INSERT INTO "residuospeligrosos"."Parroquias" ("idParroquias", "Parroquia", "idCanton") VALUES (954, 'Tundayme                                                              ', 199);
INSERT INTO "residuospeligrosos"."Parroquias" ("idParroquias", "Parroquia", "idCanton") VALUES (955, 'Nuevo Quito                                                           ', 200);
INSERT INTO "residuospeligrosos"."Parroquias" ("idParroquias", "Parroquia", "idCanton") VALUES (956, 'Cochapamba                                                            ', 42);
INSERT INTO "residuospeligrosos"."Parroquias" ("idParroquias", "Parroquia", "idCanton") VALUES (957, 'Morales                                                               ', 64);
INSERT INTO "residuospeligrosos"."Parroquias" ("idParroquias", "Parroquia", "idCanton") VALUES (958, 'Arcapamba                                                             ', 58);
INSERT INTO "residuospeligrosos"."Parroquias" ("idParroquias", "Parroquia", "idCanton") VALUES (959, 'La Libertad                                                           ', 65);
INSERT INTO "residuospeligrosos"."Parroquias" ("idParroquias", "Parroquia", "idCanton") VALUES (960, 'Juan Montalvo (San Sebastián)                                         ', 36);
INSERT INTO "residuospeligrosos"."Parroquias" ("idParroquias", "Parroquia", "idCanton") VALUES (961, 'San José                                                              ', 63);
INSERT INTO "residuospeligrosos"."Parroquias" ("idParroquias", "Parroquia", "idCanton") VALUES (962, 'Timbire                                                               ', 68);
INSERT INTO "residuospeligrosos"."Parroquias" ("idParroquias", "Parroquia", "idCanton") VALUES (963, 'Alto Tambo (Cab. en Guadual)                                          ', 69);
INSERT INTO "residuospeligrosos"."Parroquias" ("idParroquias", "Parroquia", "idCanton") VALUES (964, 'Cumandá (Cab. en Colonia Agrícola Sevilla del Oro)                    ', 164);
INSERT INTO "residuospeligrosos"."Parroquias" ("idParroquias", "Parroquia", "idCanton") VALUES (965, 'Ulba                                                                  ', 191);
INSERT INTO "residuospeligrosos"."Parroquias" ("idParroquias", "Parroquia", "idCanton") VALUES (966, 'Juan Bautista Aguirre (Los Tintos)                                    ', 81);
INSERT INTO "residuospeligrosos"."Parroquias" ("idParroquias", "Parroquia", "idCanton") VALUES (967, 'Pañacocha                                                             ', 207);
INSERT INTO "residuospeligrosos"."Parroquias" ("idParroquias", "Parroquia", "idCanton") VALUES (968, 'Santa Rosa de Sucumbíos                                               ', 208);
INSERT INTO "residuospeligrosos"."Parroquias" ("idParroquias", "Parroquia", "idCanton") VALUES (969, 'La Canela                                                             ', 201);
INSERT INTO "residuospeligrosos"."Parroquias" ("idParroquias", "Parroquia", "idCanton") VALUES (970, 'Alejandro Labaka                                                      ', 214);
INSERT INTO "residuospeligrosos"."Parroquias" ("idParroquias", "Parroquia", "idCanton") VALUES (971, 'Luis Cordero Vega                                                     ', 3);

  
INSERT INTO "residuospeligrosos"."BancoPreguntas" ("idBancoPregunta", "Pregunta") VALUES (1, 'Los residuos peligrosos de su establecimiento de salud son entregados al municipio para su disposición final.                                                                                                                                                                                                                                                                                                   ');
INSERT INTO "residuospeligrosos"."BancoPreguntas" ("idBancoPregunta", "Pregunta") VALUES (2, 'Cantidad de los residuos peligrosos retirados de su establecimiento de salud que son entregados al municipio para su disposición final.                                                                                                                                                                                                                                                                         ');
INSERT INTO "residuospeligrosos"."BancoPreguntas" ("idBancoPregunta", "Pregunta") VALUES (3, 'Los residuos peligrosos de su establecimiento de salud son entregados a una entidad diferente al municipio para su disposición final.                                                                                                                                                                                                                                                                           ');
INSERT INTO "residuospeligrosos"."BancoPreguntas" ("idBancoPregunta", "Pregunta") VALUES (4, 'Cantidad de los residuos peligrosos de su establecimiento de salud que son entregados a una entidad diferente al municipio para su disposición final.                                                                                                                                                                                                                                                           ');
INSERT INTO "residuospeligrosos"."BancoPreguntas" ("idBancoPregunta", "Pregunta") VALUES (5, 'Los residuos peligrosos de su establecimiento de salud son entregados de uso INEC                                                                                                                                                                                                                                                                                                                               ');
INSERT INTO "residuospeligrosos"."BancoPreguntas" ("idBancoPregunta", "Pregunta") VALUES (6, 'Cantidad de los residuos peligrosos de su establecimiento de salud son entregados de uso INEC                                                                                                                                                                                                                                                                                                                   ');
INSERT INTO "residuospeligrosos"."BancoPreguntas" ("idBancoPregunta", "Pregunta") VALUES (7, 'Residuos infecciosos recolectados                                                                                                                                                                                                                                                                                                                                                                               ');
INSERT INTO "residuospeligrosos"."BancoPreguntas" ("idBancoPregunta", "Pregunta") VALUES (8, 'Residuos corto punzantes Recolectados                                                                                                                                                                                                                                                                                                                                                                           ');
INSERT INTO "residuospeligrosos"."BancoPreguntas" ("idBancoPregunta", "Pregunta") VALUES (9, 'Residuos especiales Recolectados                                                                                                                                                                                                                                                                                                                                                                                ');
INSERT INTO "residuospeligrosos"."BancoPreguntas" ("idBancoPregunta", "Pregunta") VALUES (10, 'Residuos Peligrosos Recolectados Uso INEC                                                                                                                                                                                                                                                                                                                                                                       ');
INSERT INTO "residuospeligrosos"."BancoPreguntas" ("idBancoPregunta", "Pregunta") VALUES (11, 'El municipio o entidad diferente al municipio, tiene una tarifa diferenciada de acuerdo al tipo de gestión de los residuos peligrosos de su establecimiento de salud.                                                                                                                                                                                                                                           ');
INSERT INTO "residuospeligrosos"."BancoPreguntas" ("idBancoPregunta", "Pregunta") VALUES (12, 'El municipio o entidad diferente al municipio, informa sobre la gestión dada a los residuos peligrosos del establecimiento de salud                                                                                                                                                                                                                                                                             ');
INSERT INTO "residuospeligrosos"."BancoPreguntas" ("idBancoPregunta", "Pregunta") VALUES (13, 'El municipio o entidad diferente al municipio, realiza análisis para verificar que la gestión de residuos peligrosos entregados por su establecimiento de acuerdo a la normativa sanitaria y ambiental.                                                                                                                                                                                                         ');
INSERT INTO "residuospeligrosos"."BancoPreguntas" ("idBancoPregunta", "Pregunta") VALUES (14, 'Residuos peligrosos recolectados para el uso del INEC                                                                                                                                                                                                                                                                                                                                                           ');
INSERT INTO "residuospeligrosos"."BancoPreguntas" ("idBancoPregunta", "Pregunta") VALUES (15, 'Reporte de si los residuos peligrosos fueron dispuestos en celdas                                                                                                                                                                                                                                                                                                                                               ');
INSERT INTO "residuospeligrosos"."BancoPreguntas" ("idBancoPregunta", "Pregunta") VALUES (16, 'Detalle de la cantidad de residuos peligrosos dispuestos en celdas                                                                                                                                                                                                                                                                                                                                              ');
INSERT INTO "residuospeligrosos"."BancoPreguntas" ("idBancoPregunta", "Pregunta") VALUES (17, 'Reporte de si los residuos peligrosos fueron incinerados                                                                                                                                                                                                                                                                                                                                                        ');
INSERT INTO "residuospeligrosos"."BancoPreguntas" ("idBancoPregunta", "Pregunta") VALUES (18, 'Detalle de la cantidad de residuos peligrosos incinerados                                                                                                                                                                                                                                                                                                                                                       ');
INSERT INTO "residuospeligrosos"."BancoPreguntas" ("idBancoPregunta", "Pregunta") VALUES (19, 'Detalle de otras disposiciones dadas a los residuos peligrosos                                                                                                                                                                                                                                                                                                                                                  ');
INSERT INTO "residuospeligrosos"."BancoPreguntas" ("idBancoPregunta", "Pregunta") VALUES (20, 'Capo de la disposición final de residuos peligrosos para uso del INEC                                                                                                                                                                                                                                                                                                                                           ');



INSERT INTO "residuospeligrosos"."Cuestionario" ("idEncuesta", "Encuesta", "Anio") VALUES (1, 'ERS       ', 2013);

INSERT INTO "residuospeligrosos"."EntidadEstablecimiento" ("idEntidad", "Entidad") VALUES (1, 'Privados Con Fines De Lucro                       ');
INSERT INTO "residuospeligrosos"."EntidadEstablecimiento" ("idEntidad", "Entidad") VALUES (2, 'Ministerio De Salud Pública                       ');
INSERT INTO "residuospeligrosos"."EntidadEstablecimiento" ("idEntidad", "Entidad") VALUES (3, 'Instituto Ecuatoriano De Seguridad Social         ');
INSERT INTO "residuospeligrosos"."EntidadEstablecimiento" ("idEntidad", "Entidad") VALUES (4, 'Ministerio De Defensa Nacional                    ');
INSERT INTO "residuospeligrosos"."EntidadEstablecimiento" ("idEntidad", "Entidad") VALUES (5, 'Privados Sin Fines De Lucro                       ');
INSERT INTO "residuospeligrosos"."EntidadEstablecimiento" ("idEntidad", "Entidad") VALUES (6, 'Anexos Al Seguro Social                           ');
INSERT INTO "residuospeligrosos"."EntidadEstablecimiento" ("idEntidad", "Entidad") VALUES (7, 'Ministerio De Justicia Y De Gobierno Y Policía    ');
INSERT INTO "residuospeligrosos"."EntidadEstablecimiento" ("idEntidad", "Entidad") VALUES (8, 'Universidades Y Politécnicas                      ');
INSERT INTO "residuospeligrosos"."EntidadEstablecimiento" ("idEntidad", "Entidad") VALUES (9, 'Consejos Provinciales                             ');
INSERT INTO "residuospeligrosos"."EntidadEstablecimiento" ("idEntidad", "Entidad") VALUES (10, 'Municipios                                        ');
INSERT INTO "residuospeligrosos"."EntidadEstablecimiento" ("idEntidad", "Entidad") VALUES (11, 'Ministerio De Educación                           ');
INSERT INTO "residuospeligrosos"."EntidadEstablecimiento" ("idEntidad", "Entidad") VALUES (12, 'Junta De Beneficiencia De Guayaquil               ');
INSERT INTO "residuospeligrosos"."EntidadEstablecimiento" ("idEntidad", "Entidad") VALUES (13, 'Otros Públicos                                    ');
INSERT INTO "residuospeligrosos"."EntidadEstablecimiento" ("idEntidad", "Entidad") VALUES (14, 'Sociedad De Lucha Contra El Cáncer                ');
INSERT INTO "residuospeligrosos"."EntidadEstablecimiento" ("idEntidad", "Entidad") VALUES (15, 'Otros Ministerios                                 ');
INSERT INTO "residuospeligrosos"."EntidadEstablecimiento" ("idEntidad", "Entidad") VALUES (16, 'Cruz Roja Ecuatoriana                             ');
INSERT INTO "residuospeligrosos"."EntidadEstablecimiento" ("idEntidad", "Entidad") VALUES (17, 'Fisco Misionales                                  ');
INSERT INTO "residuospeligrosos"."EntidadEstablecimiento" ("idEntidad", "Entidad") VALUES (18, 'Seguro Social Campesino                           ');

INSERT INTO "residuospeligrosos"."PreguntaCuestionario" ("idPreguntaCuestionario", "idBancoPregunta", "idCuestionario") VALUES (1, 1, 1);
INSERT INTO "residuospeligrosos"."PreguntaCuestionario" ("idPreguntaCuestionario", "idBancoPregunta", "idCuestionario") VALUES (2, 2, 1);
INSERT INTO "residuospeligrosos"."PreguntaCuestionario" ("idPreguntaCuestionario", "idBancoPregunta", "idCuestionario") VALUES (3, 3, 1);
INSERT INTO "residuospeligrosos"."PreguntaCuestionario" ("idPreguntaCuestionario", "idBancoPregunta", "idCuestionario") VALUES (4, 4, 1);
INSERT INTO "residuospeligrosos"."PreguntaCuestionario" ("idPreguntaCuestionario", "idBancoPregunta", "idCuestionario") VALUES (5, 5, 1);
INSERT INTO "residuospeligrosos"."PreguntaCuestionario" ("idPreguntaCuestionario", "idBancoPregunta", "idCuestionario") VALUES (6, 6, 1);
INSERT INTO "residuospeligrosos"."PreguntaCuestionario" ("idPreguntaCuestionario", "idBancoPregunta", "idCuestionario") VALUES (7, 7, 1);
INSERT INTO "residuospeligrosos"."PreguntaCuestionario" ("idPreguntaCuestionario", "idBancoPregunta", "idCuestionario") VALUES (8, 8, 1);
INSERT INTO "residuospeligrosos"."PreguntaCuestionario" ("idPreguntaCuestionario", "idBancoPregunta", "idCuestionario") VALUES (9, 9, 1);
INSERT INTO "residuospeligrosos"."PreguntaCuestionario" ("idPreguntaCuestionario", "idBancoPregunta", "idCuestionario") VALUES (10, 10, 1);
INSERT INTO "residuospeligrosos"."PreguntaCuestionario" ("idPreguntaCuestionario", "idBancoPregunta", "idCuestionario") VALUES (11, 11, 1);
INSERT INTO "residuospeligrosos"."PreguntaCuestionario" ("idPreguntaCuestionario", "idBancoPregunta", "idCuestionario") VALUES (12, 12, 1);
INSERT INTO "residuospeligrosos"."PreguntaCuestionario" ("idPreguntaCuestionario", "idBancoPregunta", "idCuestionario") VALUES (13, 13, 1);
INSERT INTO "residuospeligrosos"."PreguntaCuestionario" ("idPreguntaCuestionario", "idBancoPregunta", "idCuestionario") VALUES (14, 14, 1);
INSERT INTO "residuospeligrosos"."PreguntaCuestionario" ("idPreguntaCuestionario", "idBancoPregunta", "idCuestionario") VALUES (15, 15, 1);
INSERT INTO "residuospeligrosos"."PreguntaCuestionario" ("idPreguntaCuestionario", "idBancoPregunta", "idCuestionario") VALUES (16, 16, 1);
INSERT INTO "residuospeligrosos"."PreguntaCuestionario" ("idPreguntaCuestionario", "idBancoPregunta", "idCuestionario") VALUES (17, 17, 1);
INSERT INTO "residuospeligrosos"."PreguntaCuestionario" ("idPreguntaCuestionario", "idBancoPregunta", "idCuestionario") VALUES (18, 18, 1);
INSERT INTO "residuospeligrosos"."PreguntaCuestionario" ("idPreguntaCuestionario", "idBancoPregunta", "idCuestionario") VALUES (19, 19, 1);
INSERT INTO "residuospeligrosos"."PreguntaCuestionario" ("idPreguntaCuestionario", "idBancoPregunta", "idCuestionario") VALUES (20, 20, 1);


INSERT INTO "residuospeligrosos"."RespuestaPregunta" ("idRespuesta", "idPreguntaEncuesta", "idSalud", "Respuesta") VALUES (1, 1, 1, 1);
INSERT INTO "residuospeligrosos"."RespuestaPregunta" ("idRespuesta", "idPreguntaEncuesta", "idSalud", "Respuesta") VALUES (2, 2, 1, 6249);
INSERT INTO "residuospeligrosos"."RespuestaPregunta" ("idRespuesta", "idPreguntaEncuesta", "idSalud", "Respuesta") VALUES (3, 3, 1, 1);
INSERT INTO "residuospeligrosos"."RespuestaPregunta" ("idRespuesta", "idPreguntaEncuesta", "idSalud", "Respuesta") VALUES (4, 4, 1, 2472);
INSERT INTO "residuospeligrosos"."RespuestaPregunta" ("idRespuesta", "idPreguntaEncuesta", "idSalud", "Respuesta") VALUES (5, 5, 1, 1);
INSERT INTO "residuospeligrosos"."RespuestaPregunta" ("idRespuesta", "idPreguntaEncuesta", "idSalud", "Respuesta") VALUES (6, 6, 1, 7983);
INSERT INTO "residuospeligrosos"."RespuestaPregunta" ("idRespuesta", "idPreguntaEncuesta", "idSalud", "Respuesta") VALUES (7, 7, 1, 1511);
INSERT INTO "residuospeligrosos"."RespuestaPregunta" ("idRespuesta", "idPreguntaEncuesta", "idSalud", "Respuesta") VALUES (8, 8, 1, 6876);
INSERT INTO "residuospeligrosos"."RespuestaPregunta" ("idRespuesta", "idPreguntaEncuesta", "idSalud", "Respuesta") VALUES (9, 9, 1, 1283);
INSERT INTO "residuospeligrosos"."RespuestaPregunta" ("idRespuesta", "idPreguntaEncuesta", "idSalud", "Respuesta") VALUES (10, 10, 1, 7977);
INSERT INTO "residuospeligrosos"."RespuestaPregunta" ("idRespuesta", "idPreguntaEncuesta", "idSalud", "Respuesta") VALUES (11, 11, 1, 1);
INSERT INTO "residuospeligrosos"."RespuestaPregunta" ("idRespuesta", "idPreguntaEncuesta", "idSalud", "Respuesta") VALUES (12, 12, 1, 1);
INSERT INTO "residuospeligrosos"."RespuestaPregunta" ("idRespuesta", "idPreguntaEncuesta", "idSalud", "Respuesta") VALUES (13, 13, 1, 1);
INSERT INTO "residuospeligrosos"."RespuestaPregunta" ("idRespuesta", "idPreguntaEncuesta", "idSalud", "Respuesta") VALUES (14, 14, 1, 1);
INSERT INTO "residuospeligrosos"."RespuestaPregunta" ("idRespuesta", "idPreguntaEncuesta", "idSalud", "Respuesta") VALUES (15, 15, 1, 1);
INSERT INTO "residuospeligrosos"."RespuestaPregunta" ("idRespuesta", "idPreguntaEncuesta", "idSalud", "Respuesta") VALUES (16, 16, 1, 5134);
INSERT INTO "residuospeligrosos"."RespuestaPregunta" ("idRespuesta", "idPreguntaEncuesta", "idSalud", "Respuesta") VALUES (17, 17, 1, 1);
INSERT INTO "residuospeligrosos"."RespuestaPregunta" ("idRespuesta", "idPreguntaEncuesta", "idSalud", "Respuesta") VALUES (18, 18, 1, 2247);
INSERT INTO "residuospeligrosos"."RespuestaPregunta" ("idRespuesta", "idPreguntaEncuesta", "idSalud", "Respuesta") VALUES (19, 19, 1, 1);
INSERT INTO "residuospeligrosos"."RespuestaPregunta" ("idRespuesta", "idPreguntaEncuesta", "idSalud", "Respuesta") VALUES (20, 20, 1, 4625);
INSERT INTO "residuospeligrosos"."RespuestaPregunta" ("idRespuesta", "idPreguntaEncuesta", "idSalud", "Respuesta") VALUES (21, 1, 2, 1);
INSERT INTO "residuospeligrosos"."RespuestaPregunta" ("idRespuesta", "idPreguntaEncuesta", "idSalud", "Respuesta") VALUES (22, 2, 2, 8328);
INSERT INTO "residuospeligrosos"."RespuestaPregunta" ("idRespuesta", "idPreguntaEncuesta", "idSalud", "Respuesta") VALUES (23, 3, 2, 1);
INSERT INTO "residuospeligrosos"."RespuestaPregunta" ("idRespuesta", "idPreguntaEncuesta", "idSalud", "Respuesta") VALUES (24, 4, 2, 4463);
INSERT INTO "residuospeligrosos"."RespuestaPregunta" ("idRespuesta", "idPreguntaEncuesta", "idSalud", "Respuesta") VALUES (25, 5, 2, 1);
INSERT INTO "residuospeligrosos"."RespuestaPregunta" ("idRespuesta", "idPreguntaEncuesta", "idSalud", "Respuesta") VALUES (26, 6, 2, 3661);
INSERT INTO "residuospeligrosos"."RespuestaPregunta" ("idRespuesta", "idPreguntaEncuesta", "idSalud", "Respuesta") VALUES (27, 7, 2, 5638);
INSERT INTO "residuospeligrosos"."RespuestaPregunta" ("idRespuesta", "idPreguntaEncuesta", "idSalud", "Respuesta") VALUES (28, 8, 2, 6712);
INSERT INTO "residuospeligrosos"."RespuestaPregunta" ("idRespuesta", "idPreguntaEncuesta", "idSalud", "Respuesta") VALUES (29, 9, 2, 5950);
INSERT INTO "residuospeligrosos"."RespuestaPregunta" ("idRespuesta", "idPreguntaEncuesta", "idSalud", "Respuesta") VALUES (30, 10, 2, 3730);
INSERT INTO "residuospeligrosos"."RespuestaPregunta" ("idRespuesta", "idPreguntaEncuesta", "idSalud", "Respuesta") VALUES (31, 11, 2, 1);
INSERT INTO "residuospeligrosos"."RespuestaPregunta" ("idRespuesta", "idPreguntaEncuesta", "idSalud", "Respuesta") VALUES (32, 12, 2, 1);
INSERT INTO "residuospeligrosos"."RespuestaPregunta" ("idRespuesta", "idPreguntaEncuesta", "idSalud", "Respuesta") VALUES (33, 13, 2, 1);
INSERT INTO "residuospeligrosos"."RespuestaPregunta" ("idRespuesta", "idPreguntaEncuesta", "idSalud", "Respuesta") VALUES (34, 14, 2, 1);
INSERT INTO "residuospeligrosos"."RespuestaPregunta" ("idRespuesta", "idPreguntaEncuesta", "idSalud", "Respuesta") VALUES (35, 15, 2, 1);
INSERT INTO "residuospeligrosos"."RespuestaPregunta" ("idRespuesta", "idPreguntaEncuesta", "idSalud", "Respuesta") VALUES (36, 16, 2, 4920);
INSERT INTO "residuospeligrosos"."RespuestaPregunta" ("idRespuesta", "idPreguntaEncuesta", "idSalud", "Respuesta") VALUES (37, 17, 2, 1);
INSERT INTO "residuospeligrosos"."RespuestaPregunta" ("idRespuesta", "idPreguntaEncuesta", "idSalud", "Respuesta") VALUES (38, 18, 2, 3972);
INSERT INTO "residuospeligrosos"."RespuestaPregunta" ("idRespuesta", "idPreguntaEncuesta", "idSalud", "Respuesta") VALUES (39, 19, 2, 1);
INSERT INTO "residuospeligrosos"."RespuestaPregunta" ("idRespuesta", "idPreguntaEncuesta", "idSalud", "Respuesta") VALUES (40, 20, 2, 4627);
INSERT INTO "residuospeligrosos"."RespuestaPregunta" ("idRespuesta", "idPreguntaEncuesta", "idSalud", "Respuesta") VALUES (41, 1, 3, 1);
INSERT INTO "residuospeligrosos"."RespuestaPregunta" ("idRespuesta", "idPreguntaEncuesta", "idSalud", "Respuesta") VALUES (42, 2, 3, 5843);
INSERT INTO "residuospeligrosos"."RespuestaPregunta" ("idRespuesta", "idPreguntaEncuesta", "idSalud", "Respuesta") VALUES (43, 3, 3, 1);
INSERT INTO "residuospeligrosos"."RespuestaPregunta" ("idRespuesta", "idPreguntaEncuesta", "idSalud", "Respuesta") VALUES (44, 4, 3, 6103);
INSERT INTO "residuospeligrosos"."RespuestaPregunta" ("idRespuesta", "idPreguntaEncuesta", "idSalud", "Respuesta") VALUES (45, 5, 3, 1);
INSERT INTO "residuospeligrosos"."RespuestaPregunta" ("idRespuesta", "idPreguntaEncuesta", "idSalud", "Respuesta") VALUES (46, 6, 3, 6546);
INSERT INTO "residuospeligrosos"."RespuestaPregunta" ("idRespuesta", "idPreguntaEncuesta", "idSalud", "Respuesta") VALUES (47, 7, 3, 6937);
INSERT INTO "residuospeligrosos"."RespuestaPregunta" ("idRespuesta", "idPreguntaEncuesta", "idSalud", "Respuesta") VALUES (48, 8, 3, 6228);
INSERT INTO "residuospeligrosos"."RespuestaPregunta" ("idRespuesta", "idPreguntaEncuesta", "idSalud", "Respuesta") VALUES (49, 9, 3, 2250);
INSERT INTO "residuospeligrosos"."RespuestaPregunta" ("idRespuesta", "idPreguntaEncuesta", "idSalud", "Respuesta") VALUES (50, 10, 3, 3115);
INSERT INTO "residuospeligrosos"."RespuestaPregunta" ("idRespuesta", "idPreguntaEncuesta", "idSalud", "Respuesta") VALUES (51, 11, 3, 1);
INSERT INTO "residuospeligrosos"."RespuestaPregunta" ("idRespuesta", "idPreguntaEncuesta", "idSalud", "Respuesta") VALUES (52, 12, 3, 1);
INSERT INTO "residuospeligrosos"."RespuestaPregunta" ("idRespuesta", "idPreguntaEncuesta", "idSalud", "Respuesta") VALUES (53, 13, 3, 1);
INSERT INTO "residuospeligrosos"."RespuestaPregunta" ("idRespuesta", "idPreguntaEncuesta", "idSalud", "Respuesta") VALUES (54, 14, 3, 1);
INSERT INTO "residuospeligrosos"."RespuestaPregunta" ("idRespuesta", "idPreguntaEncuesta", "idSalud", "Respuesta") VALUES (55, 15, 3, 1);
INSERT INTO "residuospeligrosos"."RespuestaPregunta" ("idRespuesta", "idPreguntaEncuesta", "idSalud", "Respuesta") VALUES (56, 16, 3, 4736);
INSERT INTO "residuospeligrosos"."RespuestaPregunta" ("idRespuesta", "idPreguntaEncuesta", "idSalud", "Respuesta") VALUES (57, 17, 3, 1);
INSERT INTO "residuospeligrosos"."RespuestaPregunta" ("idRespuesta", "idPreguntaEncuesta", "idSalud", "Respuesta") VALUES (58, 18, 3, 4352);
INSERT INTO "residuospeligrosos"."RespuestaPregunta" ("idRespuesta", "idPreguntaEncuesta", "idSalud", "Respuesta") VALUES (59, 19, 3, 1);
INSERT INTO "residuospeligrosos"."RespuestaPregunta" ("idRespuesta", "idPreguntaEncuesta", "idSalud", "Respuesta") VALUES (60, 20, 3, 3619);
INSERT INTO "residuospeligrosos"."RespuestaPregunta" ("idRespuesta", "idPreguntaEncuesta", "idSalud", "Respuesta") VALUES (61, 1, 4, 1);
INSERT INTO "residuospeligrosos"."RespuestaPregunta" ("idRespuesta", "idPreguntaEncuesta", "idSalud", "Respuesta") VALUES (62, 2, 4, 3799);
INSERT INTO "residuospeligrosos"."RespuestaPregunta" ("idRespuesta", "idPreguntaEncuesta", "idSalud", "Respuesta") VALUES (63, 3, 4, 1);
INSERT INTO "residuospeligrosos"."RespuestaPregunta" ("idRespuesta", "idPreguntaEncuesta", "idSalud", "Respuesta") VALUES (64, 4, 4, 5495);
INSERT INTO "residuospeligrosos"."RespuestaPregunta" ("idRespuesta", "idPreguntaEncuesta", "idSalud", "Respuesta") VALUES (65, 5, 4, 1);
INSERT INTO "residuospeligrosos"."RespuestaPregunta" ("idRespuesta", "idPreguntaEncuesta", "idSalud", "Respuesta") VALUES (66, 6, 4, 1264);
INSERT INTO "residuospeligrosos"."RespuestaPregunta" ("idRespuesta", "idPreguntaEncuesta", "idSalud", "Respuesta") VALUES (67, 7, 4, 2583);
INSERT INTO "residuospeligrosos"."RespuestaPregunta" ("idRespuesta", "idPreguntaEncuesta", "idSalud", "Respuesta") VALUES (68, 8, 4, 3377);
INSERT INTO "residuospeligrosos"."RespuestaPregunta" ("idRespuesta", "idPreguntaEncuesta", "idSalud", "Respuesta") VALUES (69, 9, 4, 5274);
INSERT INTO "residuospeligrosos"."RespuestaPregunta" ("idRespuesta", "idPreguntaEncuesta", "idSalud", "Respuesta") VALUES (70, 10, 4, 4943);
INSERT INTO "residuospeligrosos"."RespuestaPregunta" ("idRespuesta", "idPreguntaEncuesta", "idSalud", "Respuesta") VALUES (71, 11, 4, 1);
INSERT INTO "residuospeligrosos"."RespuestaPregunta" ("idRespuesta", "idPreguntaEncuesta", "idSalud", "Respuesta") VALUES (72, 12, 4, 1);
INSERT INTO "residuospeligrosos"."RespuestaPregunta" ("idRespuesta", "idPreguntaEncuesta", "idSalud", "Respuesta") VALUES (73, 13, 4, 1);
INSERT INTO "residuospeligrosos"."RespuestaPregunta" ("idRespuesta", "idPreguntaEncuesta", "idSalud", "Respuesta") VALUES (74, 14, 4, 1);
INSERT INTO "residuospeligrosos"."RespuestaPregunta" ("idRespuesta", "idPreguntaEncuesta", "idSalud", "Respuesta") VALUES (75, 15, 4, 1);
INSERT INTO "residuospeligrosos"."RespuestaPregunta" ("idRespuesta", "idPreguntaEncuesta", "idSalud", "Respuesta") VALUES (76, 16, 4, 6673);
INSERT INTO "residuospeligrosos"."RespuestaPregunta" ("idRespuesta", "idPreguntaEncuesta", "idSalud", "Respuesta") VALUES (77, 17, 4, 1);
INSERT INTO "residuospeligrosos"."RespuestaPregunta" ("idRespuesta", "idPreguntaEncuesta", "idSalud", "Respuesta") VALUES (78, 18, 4, 4825);
INSERT INTO "residuospeligrosos"."RespuestaPregunta" ("idRespuesta", "idPreguntaEncuesta", "idSalud", "Respuesta") VALUES (79, 19, 4, 1);
INSERT INTO "residuospeligrosos"."RespuestaPregunta" ("idRespuesta", "idPreguntaEncuesta", "idSalud", "Respuesta") VALUES (80, 20, 4, 1296);
INSERT INTO "residuospeligrosos"."RespuestaPregunta" ("idRespuesta", "idPreguntaEncuesta", "idSalud", "Respuesta") VALUES (81, 1, 5, 1);
INSERT INTO "residuospeligrosos"."RespuestaPregunta" ("idRespuesta", "idPreguntaEncuesta", "idSalud", "Respuesta") VALUES (82, 2, 5, 1400);
INSERT INTO "residuospeligrosos"."RespuestaPregunta" ("idRespuesta", "idPreguntaEncuesta", "idSalud", "Respuesta") VALUES (83, 3, 5, 1);
INSERT INTO "residuospeligrosos"."RespuestaPregunta" ("idRespuesta", "idPreguntaEncuesta", "idSalud", "Respuesta") VALUES (84, 4, 5, 2109);
INSERT INTO "residuospeligrosos"."RespuestaPregunta" ("idRespuesta", "idPreguntaEncuesta", "idSalud", "Respuesta") VALUES (85, 5, 5, 1);
INSERT INTO "residuospeligrosos"."RespuestaPregunta" ("idRespuesta", "idPreguntaEncuesta", "idSalud", "Respuesta") VALUES (86, 6, 5, 1067);
INSERT INTO "residuospeligrosos"."RespuestaPregunta" ("idRespuesta", "idPreguntaEncuesta", "idSalud", "Respuesta") VALUES (87, 7, 5, 6431);
INSERT INTO "residuospeligrosos"."RespuestaPregunta" ("idRespuesta", "idPreguntaEncuesta", "idSalud", "Respuesta") VALUES (88, 8, 5, 7304);
INSERT INTO "residuospeligrosos"."RespuestaPregunta" ("idRespuesta", "idPreguntaEncuesta", "idSalud", "Respuesta") VALUES (89, 9, 5, 5419);
INSERT INTO "residuospeligrosos"."RespuestaPregunta" ("idRespuesta", "idPreguntaEncuesta", "idSalud", "Respuesta") VALUES (90, 10, 5, 2640);
INSERT INTO "residuospeligrosos"."RespuestaPregunta" ("idRespuesta", "idPreguntaEncuesta", "idSalud", "Respuesta") VALUES (91, 11, 5, 1);
INSERT INTO "residuospeligrosos"."RespuestaPregunta" ("idRespuesta", "idPreguntaEncuesta", "idSalud", "Respuesta") VALUES (92, 12, 5, 1);
INSERT INTO "residuospeligrosos"."RespuestaPregunta" ("idRespuesta", "idPreguntaEncuesta", "idSalud", "Respuesta") VALUES (93, 13, 5, 1);
INSERT INTO "residuospeligrosos"."RespuestaPregunta" ("idRespuesta", "idPreguntaEncuesta", "idSalud", "Respuesta") VALUES (94, 14, 5, 1);
INSERT INTO "residuospeligrosos"."RespuestaPregunta" ("idRespuesta", "idPreguntaEncuesta", "idSalud", "Respuesta") VALUES (95, 15, 5, 1);
INSERT INTO "residuospeligrosos"."RespuestaPregunta" ("idRespuesta", "idPreguntaEncuesta", "idSalud", "Respuesta") VALUES (96, 16, 5, 2379);
INSERT INTO "residuospeligrosos"."RespuestaPregunta" ("idRespuesta", "idPreguntaEncuesta", "idSalud", "Respuesta") VALUES (97, 17, 5, 1);
INSERT INTO "residuospeligrosos"."RespuestaPregunta" ("idRespuesta", "idPreguntaEncuesta", "idSalud", "Respuesta") VALUES (98, 18, 5, 8591);
INSERT INTO "residuospeligrosos"."RespuestaPregunta" ("idRespuesta", "idPreguntaEncuesta", "idSalud", "Respuesta") VALUES (99, 19, 5, 1);
INSERT INTO "residuospeligrosos"."RespuestaPregunta" ("idRespuesta", "idPreguntaEncuesta", "idSalud", "Respuesta") VALUES (100, 20, 5, 1049);
INSERT INTO "residuospeligrosos"."RespuestaPregunta" ("idRespuesta", "idPreguntaEncuesta", "idSalud", "Respuesta") VALUES (101, 1, 6, 1);
INSERT INTO "residuospeligrosos"."RespuestaPregunta" ("idRespuesta", "idPreguntaEncuesta", "idSalud", "Respuesta") VALUES (102, 2, 6, 7313);
INSERT INTO "residuospeligrosos"."RespuestaPregunta" ("idRespuesta", "idPreguntaEncuesta", "idSalud", "Respuesta") VALUES (103, 3, 6, 1);
INSERT INTO "residuospeligrosos"."RespuestaPregunta" ("idRespuesta", "idPreguntaEncuesta", "idSalud", "Respuesta") VALUES (104, 4, 6, 8665);
INSERT INTO "residuospeligrosos"."RespuestaPregunta" ("idRespuesta", "idPreguntaEncuesta", "idSalud", "Respuesta") VALUES (105, 5, 6, 1);
INSERT INTO "residuospeligrosos"."RespuestaPregunta" ("idRespuesta", "idPreguntaEncuesta", "idSalud", "Respuesta") VALUES (106, 6, 6, 7950);
INSERT INTO "residuospeligrosos"."RespuestaPregunta" ("idRespuesta", "idPreguntaEncuesta", "idSalud", "Respuesta") VALUES (107, 7, 6, 1842);
INSERT INTO "residuospeligrosos"."RespuestaPregunta" ("idRespuesta", "idPreguntaEncuesta", "idSalud", "Respuesta") VALUES (108, 8, 6, 3099);
INSERT INTO "residuospeligrosos"."RespuestaPregunta" ("idRespuesta", "idPreguntaEncuesta", "idSalud", "Respuesta") VALUES (109, 9, 6, 1080);
INSERT INTO "residuospeligrosos"."RespuestaPregunta" ("idRespuesta", "idPreguntaEncuesta", "idSalud", "Respuesta") VALUES (110, 10, 6, 4786);
INSERT INTO "residuospeligrosos"."RespuestaPregunta" ("idRespuesta", "idPreguntaEncuesta", "idSalud", "Respuesta") VALUES (111, 11, 6, 1);
INSERT INTO "residuospeligrosos"."RespuestaPregunta" ("idRespuesta", "idPreguntaEncuesta", "idSalud", "Respuesta") VALUES (112, 12, 6, 1);
INSERT INTO "residuospeligrosos"."RespuestaPregunta" ("idRespuesta", "idPreguntaEncuesta", "idSalud", "Respuesta") VALUES (113, 13, 6, 1);
INSERT INTO "residuospeligrosos"."RespuestaPregunta" ("idRespuesta", "idPreguntaEncuesta", "idSalud", "Respuesta") VALUES (114, 14, 6, 1);
INSERT INTO "residuospeligrosos"."RespuestaPregunta" ("idRespuesta", "idPreguntaEncuesta", "idSalud", "Respuesta") VALUES (115, 15, 6, 1);
INSERT INTO "residuospeligrosos"."RespuestaPregunta" ("idRespuesta", "idPreguntaEncuesta", "idSalud", "Respuesta") VALUES (116, 16, 6, 3808);
INSERT INTO "residuospeligrosos"."RespuestaPregunta" ("idRespuesta", "idPreguntaEncuesta", "idSalud", "Respuesta") VALUES (117, 17, 6, 1);
INSERT INTO "residuospeligrosos"."RespuestaPregunta" ("idRespuesta", "idPreguntaEncuesta", "idSalud", "Respuesta") VALUES (118, 18, 6, 1769);
INSERT INTO "residuospeligrosos"."RespuestaPregunta" ("idRespuesta", "idPreguntaEncuesta", "idSalud", "Respuesta") VALUES (119, 19, 6, 1);
INSERT INTO "residuospeligrosos"."RespuestaPregunta" ("idRespuesta", "idPreguntaEncuesta", "idSalud", "Respuesta") VALUES (120, 20, 6, 4721);
INSERT INTO "residuospeligrosos"."RespuestaPregunta" ("idRespuesta", "idPreguntaEncuesta", "idSalud", "Respuesta") VALUES (121, 1, 7, 1);
INSERT INTO "residuospeligrosos"."RespuestaPregunta" ("idRespuesta", "idPreguntaEncuesta", "idSalud", "Respuesta") VALUES (122, 2, 7, 3717);
INSERT INTO "residuospeligrosos"."RespuestaPregunta" ("idRespuesta", "idPreguntaEncuesta", "idSalud", "Respuesta") VALUES (123, 3, 7, 1);
INSERT INTO "residuospeligrosos"."RespuestaPregunta" ("idRespuesta", "idPreguntaEncuesta", "idSalud", "Respuesta") VALUES (124, 4, 7, 6593);
INSERT INTO "residuospeligrosos"."RespuestaPregunta" ("idRespuesta", "idPreguntaEncuesta", "idSalud", "Respuesta") VALUES (125, 5, 7, 1);
INSERT INTO "residuospeligrosos"."RespuestaPregunta" ("idRespuesta", "idPreguntaEncuesta", "idSalud", "Respuesta") VALUES (126, 6, 7, 1583);
INSERT INTO "residuospeligrosos"."RespuestaPregunta" ("idRespuesta", "idPreguntaEncuesta", "idSalud", "Respuesta") VALUES (127, 7, 7, 2187);
INSERT INTO "residuospeligrosos"."RespuestaPregunta" ("idRespuesta", "idPreguntaEncuesta", "idSalud", "Respuesta") VALUES (128, 8, 7, 3512);
INSERT INTO "residuospeligrosos"."RespuestaPregunta" ("idRespuesta", "idPreguntaEncuesta", "idSalud", "Respuesta") VALUES (129, 9, 7, 7589);
INSERT INTO "residuospeligrosos"."RespuestaPregunta" ("idRespuesta", "idPreguntaEncuesta", "idSalud", "Respuesta") VALUES (130, 10, 7, 7026);
INSERT INTO "residuospeligrosos"."RespuestaPregunta" ("idRespuesta", "idPreguntaEncuesta", "idSalud", "Respuesta") VALUES (131, 11, 7, 1);
INSERT INTO "residuospeligrosos"."RespuestaPregunta" ("idRespuesta", "idPreguntaEncuesta", "idSalud", "Respuesta") VALUES (132, 12, 7, 1);
INSERT INTO "residuospeligrosos"."RespuestaPregunta" ("idRespuesta", "idPreguntaEncuesta", "idSalud", "Respuesta") VALUES (133, 13, 7, 1);
INSERT INTO "residuospeligrosos"."RespuestaPregunta" ("idRespuesta", "idPreguntaEncuesta", "idSalud", "Respuesta") VALUES (134, 14, 7, 1);
INSERT INTO "residuospeligrosos"."RespuestaPregunta" ("idRespuesta", "idPreguntaEncuesta", "idSalud", "Respuesta") VALUES (135, 15, 7, 1);
INSERT INTO "residuospeligrosos"."RespuestaPregunta" ("idRespuesta", "idPreguntaEncuesta", "idSalud", "Respuesta") VALUES (136, 16, 7, 6650);
INSERT INTO "residuospeligrosos"."RespuestaPregunta" ("idRespuesta", "idPreguntaEncuesta", "idSalud", "Respuesta") VALUES (137, 17, 7, 1);
INSERT INTO "residuospeligrosos"."RespuestaPregunta" ("idRespuesta", "idPreguntaEncuesta", "idSalud", "Respuesta") VALUES (138, 18, 7, 3208);
INSERT INTO "residuospeligrosos"."RespuestaPregunta" ("idRespuesta", "idPreguntaEncuesta", "idSalud", "Respuesta") VALUES (139, 19, 7, 1);
INSERT INTO "residuospeligrosos"."RespuestaPregunta" ("idRespuesta", "idPreguntaEncuesta", "idSalud", "Respuesta") VALUES (140, 20, 7, 7729);
INSERT INTO "residuospeligrosos"."RespuestaPregunta" ("idRespuesta", "idPreguntaEncuesta", "idSalud", "Respuesta") VALUES (141, 1, 8, 1);
INSERT INTO "residuospeligrosos"."RespuestaPregunta" ("idRespuesta", "idPreguntaEncuesta", "idSalud", "Respuesta") VALUES (142, 2, 8, 8704);
INSERT INTO "residuospeligrosos"."RespuestaPregunta" ("idRespuesta", "idPreguntaEncuesta", "idSalud", "Respuesta") VALUES (143, 3, 8, 1);
INSERT INTO "residuospeligrosos"."RespuestaPregunta" ("idRespuesta", "idPreguntaEncuesta", "idSalud", "Respuesta") VALUES (144, 4, 8, 5784);
INSERT INTO "residuospeligrosos"."RespuestaPregunta" ("idRespuesta", "idPreguntaEncuesta", "idSalud", "Respuesta") VALUES (145, 5, 8, 1);
INSERT INTO "residuospeligrosos"."RespuestaPregunta" ("idRespuesta", "idPreguntaEncuesta", "idSalud", "Respuesta") VALUES (146, 6, 8, 1173);
INSERT INTO "residuospeligrosos"."RespuestaPregunta" ("idRespuesta", "idPreguntaEncuesta", "idSalud", "Respuesta") VALUES (147, 7, 8, 1089);
INSERT INTO "residuospeligrosos"."RespuestaPregunta" ("idRespuesta", "idPreguntaEncuesta", "idSalud", "Respuesta") VALUES (148, 8, 8, 2557);
INSERT INTO "residuospeligrosos"."RespuestaPregunta" ("idRespuesta", "idPreguntaEncuesta", "idSalud", "Respuesta") VALUES (149, 9, 8, 5971);
INSERT INTO "residuospeligrosos"."RespuestaPregunta" ("idRespuesta", "idPreguntaEncuesta", "idSalud", "Respuesta") VALUES (150, 10, 8, 7719);
INSERT INTO "residuospeligrosos"."RespuestaPregunta" ("idRespuesta", "idPreguntaEncuesta", "idSalud", "Respuesta") VALUES (151, 11, 8, 1);
INSERT INTO "residuospeligrosos"."RespuestaPregunta" ("idRespuesta", "idPreguntaEncuesta", "idSalud", "Respuesta") VALUES (152, 12, 8, 1);
INSERT INTO "residuospeligrosos"."RespuestaPregunta" ("idRespuesta", "idPreguntaEncuesta", "idSalud", "Respuesta") VALUES (153, 13, 8, 1);
INSERT INTO "residuospeligrosos"."RespuestaPregunta" ("idRespuesta", "idPreguntaEncuesta", "idSalud", "Respuesta") VALUES (154, 14, 8, 1);
INSERT INTO "residuospeligrosos"."RespuestaPregunta" ("idRespuesta", "idPreguntaEncuesta", "idSalud", "Respuesta") VALUES (155, 15, 8, 1);
INSERT INTO "residuospeligrosos"."RespuestaPregunta" ("idRespuesta", "idPreguntaEncuesta", "idSalud", "Respuesta") VALUES (156, 16, 8, 1202);
INSERT INTO "residuospeligrosos"."RespuestaPregunta" ("idRespuesta", "idPreguntaEncuesta", "idSalud", "Respuesta") VALUES (157, 17, 8, 1);
INSERT INTO "residuospeligrosos"."RespuestaPregunta" ("idRespuesta", "idPreguntaEncuesta", "idSalud", "Respuesta") VALUES (158, 18, 8, 3315);
INSERT INTO "residuospeligrosos"."RespuestaPregunta" ("idRespuesta", "idPreguntaEncuesta", "idSalud", "Respuesta") VALUES (159, 19, 8, 1);
INSERT INTO "residuospeligrosos"."RespuestaPregunta" ("idRespuesta", "idPreguntaEncuesta", "idSalud", "Respuesta") VALUES (160, 20, 8, 7764);
INSERT INTO "residuospeligrosos"."RespuestaPregunta" ("idRespuesta", "idPreguntaEncuesta", "idSalud", "Respuesta") VALUES (161, 1, 9, 1);
INSERT INTO "residuospeligrosos"."RespuestaPregunta" ("idRespuesta", "idPreguntaEncuesta", "idSalud", "Respuesta") VALUES (162, 2, 9, 3868);
INSERT INTO "residuospeligrosos"."RespuestaPregunta" ("idRespuesta", "idPreguntaEncuesta", "idSalud", "Respuesta") VALUES (163, 3, 9, 1);
INSERT INTO "residuospeligrosos"."RespuestaPregunta" ("idRespuesta", "idPreguntaEncuesta", "idSalud", "Respuesta") VALUES (164, 4, 9, 5290);
INSERT INTO "residuospeligrosos"."RespuestaPregunta" ("idRespuesta", "idPreguntaEncuesta", "idSalud", "Respuesta") VALUES (165, 5, 9, 1);
INSERT INTO "residuospeligrosos"."RespuestaPregunta" ("idRespuesta", "idPreguntaEncuesta", "idSalud", "Respuesta") VALUES (166, 6, 9, 4720);
INSERT INTO "residuospeligrosos"."RespuestaPregunta" ("idRespuesta", "idPreguntaEncuesta", "idSalud", "Respuesta") VALUES (167, 7, 9, 3393);
INSERT INTO "residuospeligrosos"."RespuestaPregunta" ("idRespuesta", "idPreguntaEncuesta", "idSalud", "Respuesta") VALUES (168, 8, 9, 5168);
INSERT INTO "residuospeligrosos"."RespuestaPregunta" ("idRespuesta", "idPreguntaEncuesta", "idSalud", "Respuesta") VALUES (169, 9, 9, 3861);
INSERT INTO "residuospeligrosos"."RespuestaPregunta" ("idRespuesta", "idPreguntaEncuesta", "idSalud", "Respuesta") VALUES (170, 10, 9, 2645);
INSERT INTO "residuospeligrosos"."RespuestaPregunta" ("idRespuesta", "idPreguntaEncuesta", "idSalud", "Respuesta") VALUES (171, 11, 9, 1);
INSERT INTO "residuospeligrosos"."RespuestaPregunta" ("idRespuesta", "idPreguntaEncuesta", "idSalud", "Respuesta") VALUES (172, 12, 9, 1);
INSERT INTO "residuospeligrosos"."RespuestaPregunta" ("idRespuesta", "idPreguntaEncuesta", "idSalud", "Respuesta") VALUES (173, 13, 9, 1);
INSERT INTO "residuospeligrosos"."RespuestaPregunta" ("idRespuesta", "idPreguntaEncuesta", "idSalud", "Respuesta") VALUES (174, 14, 9, 1);
INSERT INTO "residuospeligrosos"."RespuestaPregunta" ("idRespuesta", "idPreguntaEncuesta", "idSalud", "Respuesta") VALUES (175, 15, 9, 1);
INSERT INTO "residuospeligrosos"."RespuestaPregunta" ("idRespuesta", "idPreguntaEncuesta", "idSalud", "Respuesta") VALUES (176, 16, 9, 1298);
INSERT INTO "residuospeligrosos"."RespuestaPregunta" ("idRespuesta", "idPreguntaEncuesta", "idSalud", "Respuesta") VALUES (177, 17, 9, 1);
INSERT INTO "residuospeligrosos"."RespuestaPregunta" ("idRespuesta", "idPreguntaEncuesta", "idSalud", "Respuesta") VALUES (178, 18, 9, 4080);
INSERT INTO "residuospeligrosos"."RespuestaPregunta" ("idRespuesta", "idPreguntaEncuesta", "idSalud", "Respuesta") VALUES (179, 19, 9, 1);
INSERT INTO "residuospeligrosos"."RespuestaPregunta" ("idRespuesta", "idPreguntaEncuesta", "idSalud", "Respuesta") VALUES (180, 20, 9, 8751);
INSERT INTO "residuospeligrosos"."RespuestaPregunta" ("idRespuesta", "idPreguntaEncuesta", "idSalud", "Respuesta") VALUES (181, 1, 10, 1);
INSERT INTO "residuospeligrosos"."RespuestaPregunta" ("idRespuesta", "idPreguntaEncuesta", "idSalud", "Respuesta") VALUES (182, 2, 10, 5710);
INSERT INTO "residuospeligrosos"."RespuestaPregunta" ("idRespuesta", "idPreguntaEncuesta", "idSalud", "Respuesta") VALUES (183, 3, 10, 1);
INSERT INTO "residuospeligrosos"."RespuestaPregunta" ("idRespuesta", "idPreguntaEncuesta", "idSalud", "Respuesta") VALUES (184, 4, 10, 4680);
INSERT INTO "residuospeligrosos"."RespuestaPregunta" ("idRespuesta", "idPreguntaEncuesta", "idSalud", "Respuesta") VALUES (185, 5, 10, 1);
INSERT INTO "residuospeligrosos"."RespuestaPregunta" ("idRespuesta", "idPreguntaEncuesta", "idSalud", "Respuesta") VALUES (186, 6, 10, 8762);
INSERT INTO "residuospeligrosos"."RespuestaPregunta" ("idRespuesta", "idPreguntaEncuesta", "idSalud", "Respuesta") VALUES (187, 7, 10, 3864);
INSERT INTO "residuospeligrosos"."RespuestaPregunta" ("idRespuesta", "idPreguntaEncuesta", "idSalud", "Respuesta") VALUES (188, 8, 10, 3410);
INSERT INTO "residuospeligrosos"."RespuestaPregunta" ("idRespuesta", "idPreguntaEncuesta", "idSalud", "Respuesta") VALUES (189, 9, 10, 8312);
INSERT INTO "residuospeligrosos"."RespuestaPregunta" ("idRespuesta", "idPreguntaEncuesta", "idSalud", "Respuesta") VALUES (190, 10, 10, 3964);
INSERT INTO "residuospeligrosos"."RespuestaPregunta" ("idRespuesta", "idPreguntaEncuesta", "idSalud", "Respuesta") VALUES (191, 11, 10, 1);
INSERT INTO "residuospeligrosos"."RespuestaPregunta" ("idRespuesta", "idPreguntaEncuesta", "idSalud", "Respuesta") VALUES (192, 12, 10, 1);
INSERT INTO "residuospeligrosos"."RespuestaPregunta" ("idRespuesta", "idPreguntaEncuesta", "idSalud", "Respuesta") VALUES (193, 13, 10, 1);
INSERT INTO "residuospeligrosos"."RespuestaPregunta" ("idRespuesta", "idPreguntaEncuesta", "idSalud", "Respuesta") VALUES (194, 14, 10, 1);
INSERT INTO "residuospeligrosos"."RespuestaPregunta" ("idRespuesta", "idPreguntaEncuesta", "idSalud", "Respuesta") VALUES (195, 15, 10, 1);
INSERT INTO "residuospeligrosos"."RespuestaPregunta" ("idRespuesta", "idPreguntaEncuesta", "idSalud", "Respuesta") VALUES (196, 16, 10, 5872);
INSERT INTO "residuospeligrosos"."RespuestaPregunta" ("idRespuesta", "idPreguntaEncuesta", "idSalud", "Respuesta") VALUES (197, 17, 10, 1);
INSERT INTO "residuospeligrosos"."RespuestaPregunta" ("idRespuesta", "idPreguntaEncuesta", "idSalud", "Respuesta") VALUES (198, 18, 10, 4156);
INSERT INTO "residuospeligrosos"."RespuestaPregunta" ("idRespuesta", "idPreguntaEncuesta", "idSalud", "Respuesta") VALUES (199, 19, 10, 1);
INSERT INTO "residuospeligrosos"."RespuestaPregunta" ("idRespuesta", "idPreguntaEncuesta", "idSalud", "Respuesta") VALUES (200, 20, 10, 3676);
INSERT INTO "residuospeligrosos"."RespuestaPregunta" ("idRespuesta", "idPreguntaEncuesta", "idSalud", "Respuesta") VALUES (201, 1, 11, 1);
INSERT INTO "residuospeligrosos"."RespuestaPregunta" ("idRespuesta", "idPreguntaEncuesta", "idSalud", "Respuesta") VALUES (202, 2, 11, 6967);
INSERT INTO "residuospeligrosos"."RespuestaPregunta" ("idRespuesta", "idPreguntaEncuesta", "idSalud", "Respuesta") VALUES (203, 3, 11, 1);
INSERT INTO "residuospeligrosos"."RespuestaPregunta" ("idRespuesta", "idPreguntaEncuesta", "idSalud", "Respuesta") VALUES (204, 4, 11, 5368);
INSERT INTO "residuospeligrosos"."RespuestaPregunta" ("idRespuesta", "idPreguntaEncuesta", "idSalud", "Respuesta") VALUES (205, 5, 11, 1);
INSERT INTO "residuospeligrosos"."RespuestaPregunta" ("idRespuesta", "idPreguntaEncuesta", "idSalud", "Respuesta") VALUES (206, 6, 11, 7960);
INSERT INTO "residuospeligrosos"."RespuestaPregunta" ("idRespuesta", "idPreguntaEncuesta", "idSalud", "Respuesta") VALUES (207, 7, 11, 5180);
INSERT INTO "residuospeligrosos"."RespuestaPregunta" ("idRespuesta", "idPreguntaEncuesta", "idSalud", "Respuesta") VALUES (208, 8, 11, 4693);
INSERT INTO "residuospeligrosos"."RespuestaPregunta" ("idRespuesta", "idPreguntaEncuesta", "idSalud", "Respuesta") VALUES (209, 9, 11, 2169);
INSERT INTO "residuospeligrosos"."RespuestaPregunta" ("idRespuesta", "idPreguntaEncuesta", "idSalud", "Respuesta") VALUES (210, 10, 11, 4998);
INSERT INTO "residuospeligrosos"."RespuestaPregunta" ("idRespuesta", "idPreguntaEncuesta", "idSalud", "Respuesta") VALUES (211, 11, 11, 1);
INSERT INTO "residuospeligrosos"."RespuestaPregunta" ("idRespuesta", "idPreguntaEncuesta", "idSalud", "Respuesta") VALUES (212, 12, 11, 1);
INSERT INTO "residuospeligrosos"."RespuestaPregunta" ("idRespuesta", "idPreguntaEncuesta", "idSalud", "Respuesta") VALUES (213, 13, 11, 1);
INSERT INTO "residuospeligrosos"."RespuestaPregunta" ("idRespuesta", "idPreguntaEncuesta", "idSalud", "Respuesta") VALUES (214, 14, 11, 1);
INSERT INTO "residuospeligrosos"."RespuestaPregunta" ("idRespuesta", "idPreguntaEncuesta", "idSalud", "Respuesta") VALUES (215, 15, 11, 1);
INSERT INTO "residuospeligrosos"."RespuestaPregunta" ("idRespuesta", "idPreguntaEncuesta", "idSalud", "Respuesta") VALUES (216, 16, 11, 7957);
INSERT INTO "residuospeligrosos"."RespuestaPregunta" ("idRespuesta", "idPreguntaEncuesta", "idSalud", "Respuesta") VALUES (217, 17, 11, 1);
INSERT INTO "residuospeligrosos"."RespuestaPregunta" ("idRespuesta", "idPreguntaEncuesta", "idSalud", "Respuesta") VALUES (218, 18, 11, 2839);
INSERT INTO "residuospeligrosos"."RespuestaPregunta" ("idRespuesta", "idPreguntaEncuesta", "idSalud", "Respuesta") VALUES (219, 19, 11, 1);
INSERT INTO "residuospeligrosos"."RespuestaPregunta" ("idRespuesta", "idPreguntaEncuesta", "idSalud", "Respuesta") VALUES (220, 20, 11, 2440);
INSERT INTO "residuospeligrosos"."RespuestaPregunta" ("idRespuesta", "idPreguntaEncuesta", "idSalud", "Respuesta") VALUES (221, 1, 12, 1);
INSERT INTO "residuospeligrosos"."RespuestaPregunta" ("idRespuesta", "idPreguntaEncuesta", "idSalud", "Respuesta") VALUES (222, 2, 12, 7562);
INSERT INTO "residuospeligrosos"."RespuestaPregunta" ("idRespuesta", "idPreguntaEncuesta", "idSalud", "Respuesta") VALUES (223, 3, 12, 1);
INSERT INTO "residuospeligrosos"."RespuestaPregunta" ("idRespuesta", "idPreguntaEncuesta", "idSalud", "Respuesta") VALUES (224, 4, 12, 7635);
INSERT INTO "residuospeligrosos"."RespuestaPregunta" ("idRespuesta", "idPreguntaEncuesta", "idSalud", "Respuesta") VALUES (225, 5, 12, 1);
INSERT INTO "residuospeligrosos"."RespuestaPregunta" ("idRespuesta", "idPreguntaEncuesta", "idSalud", "Respuesta") VALUES (226, 6, 12, 2274);
INSERT INTO "residuospeligrosos"."RespuestaPregunta" ("idRespuesta", "idPreguntaEncuesta", "idSalud", "Respuesta") VALUES (227, 7, 12, 2715);
INSERT INTO "residuospeligrosos"."RespuestaPregunta" ("idRespuesta", "idPreguntaEncuesta", "idSalud", "Respuesta") VALUES (228, 8, 12, 1560);
INSERT INTO "residuospeligrosos"."RespuestaPregunta" ("idRespuesta", "idPreguntaEncuesta", "idSalud", "Respuesta") VALUES (229, 9, 12, 8396);
INSERT INTO "residuospeligrosos"."RespuestaPregunta" ("idRespuesta", "idPreguntaEncuesta", "idSalud", "Respuesta") VALUES (230, 10, 12, 2432);
INSERT INTO "residuospeligrosos"."RespuestaPregunta" ("idRespuesta", "idPreguntaEncuesta", "idSalud", "Respuesta") VALUES (231, 11, 12, 1);
INSERT INTO "residuospeligrosos"."RespuestaPregunta" ("idRespuesta", "idPreguntaEncuesta", "idSalud", "Respuesta") VALUES (232, 12, 12, 1);
INSERT INTO "residuospeligrosos"."RespuestaPregunta" ("idRespuesta", "idPreguntaEncuesta", "idSalud", "Respuesta") VALUES (233, 13, 12, 1);
INSERT INTO "residuospeligrosos"."RespuestaPregunta" ("idRespuesta", "idPreguntaEncuesta", "idSalud", "Respuesta") VALUES (234, 14, 12, 1);
INSERT INTO "residuospeligrosos"."RespuestaPregunta" ("idRespuesta", "idPreguntaEncuesta", "idSalud", "Respuesta") VALUES (235, 15, 12, 1);
INSERT INTO "residuospeligrosos"."RespuestaPregunta" ("idRespuesta", "idPreguntaEncuesta", "idSalud", "Respuesta") VALUES (236, 16, 12, 4576);
INSERT INTO "residuospeligrosos"."RespuestaPregunta" ("idRespuesta", "idPreguntaEncuesta", "idSalud", "Respuesta") VALUES (237, 17, 12, 1);
INSERT INTO "residuospeligrosos"."RespuestaPregunta" ("idRespuesta", "idPreguntaEncuesta", "idSalud", "Respuesta") VALUES (238, 18, 12, 7802);
INSERT INTO "residuospeligrosos"."RespuestaPregunta" ("idRespuesta", "idPreguntaEncuesta", "idSalud", "Respuesta") VALUES (239, 19, 12, 1);
INSERT INTO "residuospeligrosos"."RespuestaPregunta" ("idRespuesta", "idPreguntaEncuesta", "idSalud", "Respuesta") VALUES (240, 20, 12, 5490);
INSERT INTO "residuospeligrosos"."RespuestaPregunta" ("idRespuesta", "idPreguntaEncuesta", "idSalud", "Respuesta") VALUES (241, 1, 13, 1);
INSERT INTO "residuospeligrosos"."RespuestaPregunta" ("idRespuesta", "idPreguntaEncuesta", "idSalud", "Respuesta") VALUES (242, 2, 13, 6550);
INSERT INTO "residuospeligrosos"."RespuestaPregunta" ("idRespuesta", "idPreguntaEncuesta", "idSalud", "Respuesta") VALUES (243, 3, 13, 1);
INSERT INTO "residuospeligrosos"."RespuestaPregunta" ("idRespuesta", "idPreguntaEncuesta", "idSalud", "Respuesta") VALUES (244, 4, 13, 5135);
INSERT INTO "residuospeligrosos"."RespuestaPregunta" ("idRespuesta", "idPreguntaEncuesta", "idSalud", "Respuesta") VALUES (245, 5, 13, 1);
INSERT INTO "residuospeligrosos"."RespuestaPregunta" ("idRespuesta", "idPreguntaEncuesta", "idSalud", "Respuesta") VALUES (246, 6, 13, 3554);
INSERT INTO "residuospeligrosos"."RespuestaPregunta" ("idRespuesta", "idPreguntaEncuesta", "idSalud", "Respuesta") VALUES (247, 7, 13, 1056);
INSERT INTO "residuospeligrosos"."RespuestaPregunta" ("idRespuesta", "idPreguntaEncuesta", "idSalud", "Respuesta") VALUES (248, 8, 13, 1389);
INSERT INTO "residuospeligrosos"."RespuestaPregunta" ("idRespuesta", "idPreguntaEncuesta", "idSalud", "Respuesta") VALUES (249, 9, 13, 8357);
INSERT INTO "residuospeligrosos"."RespuestaPregunta" ("idRespuesta", "idPreguntaEncuesta", "idSalud", "Respuesta") VALUES (250, 10, 13, 7863);
INSERT INTO "residuospeligrosos"."RespuestaPregunta" ("idRespuesta", "idPreguntaEncuesta", "idSalud", "Respuesta") VALUES (251, 11, 13, 1);
INSERT INTO "residuospeligrosos"."RespuestaPregunta" ("idRespuesta", "idPreguntaEncuesta", "idSalud", "Respuesta") VALUES (252, 12, 13, 1);
INSERT INTO "residuospeligrosos"."RespuestaPregunta" ("idRespuesta", "idPreguntaEncuesta", "idSalud", "Respuesta") VALUES (253, 13, 13, 1);
INSERT INTO "residuospeligrosos"."RespuestaPregunta" ("idRespuesta", "idPreguntaEncuesta", "idSalud", "Respuesta") VALUES (254, 14, 13, 1);
INSERT INTO "residuospeligrosos"."RespuestaPregunta" ("idRespuesta", "idPreguntaEncuesta", "idSalud", "Respuesta") VALUES (255, 15, 13, 1);
INSERT INTO "residuospeligrosos"."RespuestaPregunta" ("idRespuesta", "idPreguntaEncuesta", "idSalud", "Respuesta") VALUES (256, 16, 13, 3381);
INSERT INTO "residuospeligrosos"."RespuestaPregunta" ("idRespuesta", "idPreguntaEncuesta", "idSalud", "Respuesta") VALUES (257, 17, 13, 1);
INSERT INTO "residuospeligrosos"."RespuestaPregunta" ("idRespuesta", "idPreguntaEncuesta", "idSalud", "Respuesta") VALUES (258, 18, 13, 2027);
INSERT INTO "residuospeligrosos"."RespuestaPregunta" ("idRespuesta", "idPreguntaEncuesta", "idSalud", "Respuesta") VALUES (259, 19, 13, 1);
INSERT INTO "residuospeligrosos"."RespuestaPregunta" ("idRespuesta", "idPreguntaEncuesta", "idSalud", "Respuesta") VALUES (260, 20, 13, 4579);
INSERT INTO "residuospeligrosos"."RespuestaPregunta" ("idRespuesta", "idPreguntaEncuesta", "idSalud", "Respuesta") VALUES (261, 1, 14, 1);
INSERT INTO "residuospeligrosos"."RespuestaPregunta" ("idRespuesta", "idPreguntaEncuesta", "idSalud", "Respuesta") VALUES (262, 2, 14, 3121);
INSERT INTO "residuospeligrosos"."RespuestaPregunta" ("idRespuesta", "idPreguntaEncuesta", "idSalud", "Respuesta") VALUES (263, 3, 14, 1);
INSERT INTO "residuospeligrosos"."RespuestaPregunta" ("idRespuesta", "idPreguntaEncuesta", "idSalud", "Respuesta") VALUES (264, 4, 14, 8005);
INSERT INTO "residuospeligrosos"."RespuestaPregunta" ("idRespuesta", "idPreguntaEncuesta", "idSalud", "Respuesta") VALUES (265, 5, 14, 1);
INSERT INTO "residuospeligrosos"."RespuestaPregunta" ("idRespuesta", "idPreguntaEncuesta", "idSalud", "Respuesta") VALUES (266, 6, 14, 3682);
INSERT INTO "residuospeligrosos"."RespuestaPregunta" ("idRespuesta", "idPreguntaEncuesta", "idSalud", "Respuesta") VALUES (267, 7, 14, 6365);
INSERT INTO "residuospeligrosos"."RespuestaPregunta" ("idRespuesta", "idPreguntaEncuesta", "idSalud", "Respuesta") VALUES (268, 8, 14, 2296);
INSERT INTO "residuospeligrosos"."RespuestaPregunta" ("idRespuesta", "idPreguntaEncuesta", "idSalud", "Respuesta") VALUES (269, 9, 14, 5565);
INSERT INTO "residuospeligrosos"."RespuestaPregunta" ("idRespuesta", "idPreguntaEncuesta", "idSalud", "Respuesta") VALUES (270, 10, 14, 6046);
INSERT INTO "residuospeligrosos"."RespuestaPregunta" ("idRespuesta", "idPreguntaEncuesta", "idSalud", "Respuesta") VALUES (271, 11, 14, 1);
INSERT INTO "residuospeligrosos"."RespuestaPregunta" ("idRespuesta", "idPreguntaEncuesta", "idSalud", "Respuesta") VALUES (272, 12, 14, 1);
INSERT INTO "residuospeligrosos"."RespuestaPregunta" ("idRespuesta", "idPreguntaEncuesta", "idSalud", "Respuesta") VALUES (273, 13, 14, 1);
INSERT INTO "residuospeligrosos"."RespuestaPregunta" ("idRespuesta", "idPreguntaEncuesta", "idSalud", "Respuesta") VALUES (274, 14, 14, 1);
INSERT INTO "residuospeligrosos"."RespuestaPregunta" ("idRespuesta", "idPreguntaEncuesta", "idSalud", "Respuesta") VALUES (275, 15, 14, 1);
INSERT INTO "residuospeligrosos"."RespuestaPregunta" ("idRespuesta", "idPreguntaEncuesta", "idSalud", "Respuesta") VALUES (276, 16, 14, 3380);
INSERT INTO "residuospeligrosos"."RespuestaPregunta" ("idRespuesta", "idPreguntaEncuesta", "idSalud", "Respuesta") VALUES (277, 17, 14, 1);
INSERT INTO "residuospeligrosos"."RespuestaPregunta" ("idRespuesta", "idPreguntaEncuesta", "idSalud", "Respuesta") VALUES (278, 18, 14, 2987);
INSERT INTO "residuospeligrosos"."RespuestaPregunta" ("idRespuesta", "idPreguntaEncuesta", "idSalud", "Respuesta") VALUES (279, 19, 14, 1);
INSERT INTO "residuospeligrosos"."RespuestaPregunta" ("idRespuesta", "idPreguntaEncuesta", "idSalud", "Respuesta") VALUES (280, 20, 14, 2310);
INSERT INTO "residuospeligrosos"."RespuestaPregunta" ("idRespuesta", "idPreguntaEncuesta", "idSalud", "Respuesta") VALUES (281, 1, 15, 1);
INSERT INTO "residuospeligrosos"."RespuestaPregunta" ("idRespuesta", "idPreguntaEncuesta", "idSalud", "Respuesta") VALUES (282, 2, 15, 1564);
INSERT INTO "residuospeligrosos"."RespuestaPregunta" ("idRespuesta", "idPreguntaEncuesta", "idSalud", "Respuesta") VALUES (283, 3, 15, 1);
INSERT INTO "residuospeligrosos"."RespuestaPregunta" ("idRespuesta", "idPreguntaEncuesta", "idSalud", "Respuesta") VALUES (284, 4, 15, 6219);
INSERT INTO "residuospeligrosos"."RespuestaPregunta" ("idRespuesta", "idPreguntaEncuesta", "idSalud", "Respuesta") VALUES (285, 5, 15, 1);
INSERT INTO "residuospeligrosos"."RespuestaPregunta" ("idRespuesta", "idPreguntaEncuesta", "idSalud", "Respuesta") VALUES (286, 6, 15, 6998);
INSERT INTO "residuospeligrosos"."RespuestaPregunta" ("idRespuesta", "idPreguntaEncuesta", "idSalud", "Respuesta") VALUES (287, 7, 15, 8047);
INSERT INTO "residuospeligrosos"."RespuestaPregunta" ("idRespuesta", "idPreguntaEncuesta", "idSalud", "Respuesta") VALUES (288, 8, 15, 5579);
INSERT INTO "residuospeligrosos"."RespuestaPregunta" ("idRespuesta", "idPreguntaEncuesta", "idSalud", "Respuesta") VALUES (289, 9, 15, 2296);
INSERT INTO "residuospeligrosos"."RespuestaPregunta" ("idRespuesta", "idPreguntaEncuesta", "idSalud", "Respuesta") VALUES (290, 10, 15, 2450);
INSERT INTO "residuospeligrosos"."RespuestaPregunta" ("idRespuesta", "idPreguntaEncuesta", "idSalud", "Respuesta") VALUES (291, 11, 15, 1);
INSERT INTO "residuospeligrosos"."RespuestaPregunta" ("idRespuesta", "idPreguntaEncuesta", "idSalud", "Respuesta") VALUES (292, 12, 15, 1);
INSERT INTO "residuospeligrosos"."RespuestaPregunta" ("idRespuesta", "idPreguntaEncuesta", "idSalud", "Respuesta") VALUES (293, 13, 15, 1);
INSERT INTO "residuospeligrosos"."RespuestaPregunta" ("idRespuesta", "idPreguntaEncuesta", "idSalud", "Respuesta") VALUES (294, 14, 15, 1);
INSERT INTO "residuospeligrosos"."RespuestaPregunta" ("idRespuesta", "idPreguntaEncuesta", "idSalud", "Respuesta") VALUES (295, 15, 15, 1);
INSERT INTO "residuospeligrosos"."RespuestaPregunta" ("idRespuesta", "idPreguntaEncuesta", "idSalud", "Respuesta") VALUES (296, 16, 15, 7391);
INSERT INTO "residuospeligrosos"."RespuestaPregunta" ("idRespuesta", "idPreguntaEncuesta", "idSalud", "Respuesta") VALUES (297, 17, 15, 1);
INSERT INTO "residuospeligrosos"."RespuestaPregunta" ("idRespuesta", "idPreguntaEncuesta", "idSalud", "Respuesta") VALUES (298, 18, 15, 7061);
INSERT INTO "residuospeligrosos"."RespuestaPregunta" ("idRespuesta", "idPreguntaEncuesta", "idSalud", "Respuesta") VALUES (299, 19, 15, 1);
INSERT INTO "residuospeligrosos"."RespuestaPregunta" ("idRespuesta", "idPreguntaEncuesta", "idSalud", "Respuesta") VALUES (300, 20, 15, 2568);
INSERT INTO "residuospeligrosos"."RespuestaPregunta" ("idRespuesta", "idPreguntaEncuesta", "idSalud", "Respuesta") VALUES (301, 1, 16, 1);
INSERT INTO "residuospeligrosos"."RespuestaPregunta" ("idRespuesta", "idPreguntaEncuesta", "idSalud", "Respuesta") VALUES (302, 2, 16, 2131);
INSERT INTO "residuospeligrosos"."RespuestaPregunta" ("idRespuesta", "idPreguntaEncuesta", "idSalud", "Respuesta") VALUES (303, 3, 16, 1);
INSERT INTO "residuospeligrosos"."RespuestaPregunta" ("idRespuesta", "idPreguntaEncuesta", "idSalud", "Respuesta") VALUES (304, 4, 16, 6167);
INSERT INTO "residuospeligrosos"."RespuestaPregunta" ("idRespuesta", "idPreguntaEncuesta", "idSalud", "Respuesta") VALUES (305, 5, 16, 1);
INSERT INTO "residuospeligrosos"."RespuestaPregunta" ("idRespuesta", "idPreguntaEncuesta", "idSalud", "Respuesta") VALUES (306, 6, 16, 5676);
INSERT INTO "residuospeligrosos"."RespuestaPregunta" ("idRespuesta", "idPreguntaEncuesta", "idSalud", "Respuesta") VALUES (307, 7, 16, 3257);
INSERT INTO "residuospeligrosos"."RespuestaPregunta" ("idRespuesta", "idPreguntaEncuesta", "idSalud", "Respuesta") VALUES (308, 8, 16, 3848);
INSERT INTO "residuospeligrosos"."RespuestaPregunta" ("idRespuesta", "idPreguntaEncuesta", "idSalud", "Respuesta") VALUES (309, 9, 16, 7093);
INSERT INTO "residuospeligrosos"."RespuestaPregunta" ("idRespuesta", "idPreguntaEncuesta", "idSalud", "Respuesta") VALUES (310, 10, 16, 4667);
INSERT INTO "residuospeligrosos"."RespuestaPregunta" ("idRespuesta", "idPreguntaEncuesta", "idSalud", "Respuesta") VALUES (311, 11, 16, 1);
INSERT INTO "residuospeligrosos"."RespuestaPregunta" ("idRespuesta", "idPreguntaEncuesta", "idSalud", "Respuesta") VALUES (312, 12, 16, 1);
INSERT INTO "residuospeligrosos"."RespuestaPregunta" ("idRespuesta", "idPreguntaEncuesta", "idSalud", "Respuesta") VALUES (313, 13, 16, 1);
INSERT INTO "residuospeligrosos"."RespuestaPregunta" ("idRespuesta", "idPreguntaEncuesta", "idSalud", "Respuesta") VALUES (314, 14, 16, 1);
INSERT INTO "residuospeligrosos"."RespuestaPregunta" ("idRespuesta", "idPreguntaEncuesta", "idSalud", "Respuesta") VALUES (315, 15, 16, 1);
INSERT INTO "residuospeligrosos"."RespuestaPregunta" ("idRespuesta", "idPreguntaEncuesta", "idSalud", "Respuesta") VALUES (316, 16, 16, 6211);
INSERT INTO "residuospeligrosos"."RespuestaPregunta" ("idRespuesta", "idPreguntaEncuesta", "idSalud", "Respuesta") VALUES (317, 17, 16, 1);
INSERT INTO "residuospeligrosos"."RespuestaPregunta" ("idRespuesta", "idPreguntaEncuesta", "idSalud", "Respuesta") VALUES (318, 18, 16, 3835);
INSERT INTO "residuospeligrosos"."RespuestaPregunta" ("idRespuesta", "idPreguntaEncuesta", "idSalud", "Respuesta") VALUES (319, 19, 16, 1);
INSERT INTO "residuospeligrosos"."RespuestaPregunta" ("idRespuesta", "idPreguntaEncuesta", "idSalud", "Respuesta") VALUES (320, 20, 16, 6674);
INSERT INTO "residuospeligrosos"."RespuestaPregunta" ("idRespuesta", "idPreguntaEncuesta", "idSalud", "Respuesta") VALUES (321, 1, 17, 1);
INSERT INTO "residuospeligrosos"."RespuestaPregunta" ("idRespuesta", "idPreguntaEncuesta", "idSalud", "Respuesta") VALUES (322, 2, 17, 3390);
INSERT INTO "residuospeligrosos"."RespuestaPregunta" ("idRespuesta", "idPreguntaEncuesta", "idSalud", "Respuesta") VALUES (323, 3, 17, 1);
INSERT INTO "residuospeligrosos"."RespuestaPregunta" ("idRespuesta", "idPreguntaEncuesta", "idSalud", "Respuesta") VALUES (324, 4, 17, 3583);
INSERT INTO "residuospeligrosos"."RespuestaPregunta" ("idRespuesta", "idPreguntaEncuesta", "idSalud", "Respuesta") VALUES (325, 5, 17, 1);
INSERT INTO "residuospeligrosos"."RespuestaPregunta" ("idRespuesta", "idPreguntaEncuesta", "idSalud", "Respuesta") VALUES (326, 6, 17, 3370);
INSERT INTO "residuospeligrosos"."RespuestaPregunta" ("idRespuesta", "idPreguntaEncuesta", "idSalud", "Respuesta") VALUES (327, 7, 17, 1056);
INSERT INTO "residuospeligrosos"."RespuestaPregunta" ("idRespuesta", "idPreguntaEncuesta", "idSalud", "Respuesta") VALUES (328, 8, 17, 7126);
INSERT INTO "residuospeligrosos"."RespuestaPregunta" ("idRespuesta", "idPreguntaEncuesta", "idSalud", "Respuesta") VALUES (329, 9, 17, 4832);
INSERT INTO "residuospeligrosos"."RespuestaPregunta" ("idRespuesta", "idPreguntaEncuesta", "idSalud", "Respuesta") VALUES (330, 10, 17, 987);
INSERT INTO "residuospeligrosos"."RespuestaPregunta" ("idRespuesta", "idPreguntaEncuesta", "idSalud", "Respuesta") VALUES (331, 11, 17, 1);
INSERT INTO "residuospeligrosos"."RespuestaPregunta" ("idRespuesta", "idPreguntaEncuesta", "idSalud", "Respuesta") VALUES (332, 12, 17, 1);
INSERT INTO "residuospeligrosos"."RespuestaPregunta" ("idRespuesta", "idPreguntaEncuesta", "idSalud", "Respuesta") VALUES (333, 13, 17, 1);
INSERT INTO "residuospeligrosos"."RespuestaPregunta" ("idRespuesta", "idPreguntaEncuesta", "idSalud", "Respuesta") VALUES (334, 14, 17, 1);
INSERT INTO "residuospeligrosos"."RespuestaPregunta" ("idRespuesta", "idPreguntaEncuesta", "idSalud", "Respuesta") VALUES (335, 15, 17, 1);
INSERT INTO "residuospeligrosos"."RespuestaPregunta" ("idRespuesta", "idPreguntaEncuesta", "idSalud", "Respuesta") VALUES (336, 16, 17, 2629);
INSERT INTO "residuospeligrosos"."RespuestaPregunta" ("idRespuesta", "idPreguntaEncuesta", "idSalud", "Respuesta") VALUES (337, 17, 17, 1);
INSERT INTO "residuospeligrosos"."RespuestaPregunta" ("idRespuesta", "idPreguntaEncuesta", "idSalud", "Respuesta") VALUES (338, 18, 17, 2778);
INSERT INTO "residuospeligrosos"."RespuestaPregunta" ("idRespuesta", "idPreguntaEncuesta", "idSalud", "Respuesta") VALUES (339, 19, 17, 1);
INSERT INTO "residuospeligrosos"."RespuestaPregunta" ("idRespuesta", "idPreguntaEncuesta", "idSalud", "Respuesta") VALUES (340, 20, 17, 2649);
INSERT INTO "residuospeligrosos"."RespuestaPregunta" ("idRespuesta", "idPreguntaEncuesta", "idSalud", "Respuesta") VALUES (341, 1, 18, 1);
INSERT INTO "residuospeligrosos"."RespuestaPregunta" ("idRespuesta", "idPreguntaEncuesta", "idSalud", "Respuesta") VALUES (342, 2, 18, 7205);
INSERT INTO "residuospeligrosos"."RespuestaPregunta" ("idRespuesta", "idPreguntaEncuesta", "idSalud", "Respuesta") VALUES (343, 3, 18, 1);
INSERT INTO "residuospeligrosos"."RespuestaPregunta" ("idRespuesta", "idPreguntaEncuesta", "idSalud", "Respuesta") VALUES (344, 4, 18, 4295);
INSERT INTO "residuospeligrosos"."RespuestaPregunta" ("idRespuesta", "idPreguntaEncuesta", "idSalud", "Respuesta") VALUES (345, 5, 18, 1);
INSERT INTO "residuospeligrosos"."RespuestaPregunta" ("idRespuesta", "idPreguntaEncuesta", "idSalud", "Respuesta") VALUES (346, 6, 18, 2475);
INSERT INTO "residuospeligrosos"."RespuestaPregunta" ("idRespuesta", "idPreguntaEncuesta", "idSalud", "Respuesta") VALUES (347, 7, 18, 5079);
INSERT INTO "residuospeligrosos"."RespuestaPregunta" ("idRespuesta", "idPreguntaEncuesta", "idSalud", "Respuesta") VALUES (348, 8, 18, 5353);
INSERT INTO "residuospeligrosos"."RespuestaPregunta" ("idRespuesta", "idPreguntaEncuesta", "idSalud", "Respuesta") VALUES (349, 9, 18, 5929);
INSERT INTO "residuospeligrosos"."RespuestaPregunta" ("idRespuesta", "idPreguntaEncuesta", "idSalud", "Respuesta") VALUES (350, 10, 18, 7047);
INSERT INTO "residuospeligrosos"."RespuestaPregunta" ("idRespuesta", "idPreguntaEncuesta", "idSalud", "Respuesta") VALUES (351, 11, 18, 1);
INSERT INTO "residuospeligrosos"."RespuestaPregunta" ("idRespuesta", "idPreguntaEncuesta", "idSalud", "Respuesta") VALUES (352, 12, 18, 1);
INSERT INTO "residuospeligrosos"."RespuestaPregunta" ("idRespuesta", "idPreguntaEncuesta", "idSalud", "Respuesta") VALUES (353, 13, 18, 1);
INSERT INTO "residuospeligrosos"."RespuestaPregunta" ("idRespuesta", "idPreguntaEncuesta", "idSalud", "Respuesta") VALUES (354, 14, 18, 1);
INSERT INTO "residuospeligrosos"."RespuestaPregunta" ("idRespuesta", "idPreguntaEncuesta", "idSalud", "Respuesta") VALUES (355, 15, 18, 1);
INSERT INTO "residuospeligrosos"."RespuestaPregunta" ("idRespuesta", "idPreguntaEncuesta", "idSalud", "Respuesta") VALUES (356, 16, 18, 4595);
INSERT INTO "residuospeligrosos"."RespuestaPregunta" ("idRespuesta", "idPreguntaEncuesta", "idSalud", "Respuesta") VALUES (357, 17, 18, 1);
INSERT INTO "residuospeligrosos"."RespuestaPregunta" ("idRespuesta", "idPreguntaEncuesta", "idSalud", "Respuesta") VALUES (358, 18, 18, 8323);
INSERT INTO "residuospeligrosos"."RespuestaPregunta" ("idRespuesta", "idPreguntaEncuesta", "idSalud", "Respuesta") VALUES (359, 19, 18, 1);
INSERT INTO "residuospeligrosos"."RespuestaPregunta" ("idRespuesta", "idPreguntaEncuesta", "idSalud", "Respuesta") VALUES (360, 20, 18, 8481);


INSERT INTO "residuospeligrosos"."SectorEstablecimiento" ("idSector", "Sector") VALUES (1, 'Sector Privado Con Fines De Lucro       ');
INSERT INTO "residuospeligrosos"."SectorEstablecimiento" ("idSector", "Sector") VALUES (2, 'Sector Público                          ');
INSERT INTO "residuospeligrosos"."SectorEstablecimiento" ("idSector", "Sector") VALUES (3, 'Sector Privado Sin Fines De Lucro       ');

INSERT INTO "residuospeligrosos"."TipoEstablecimiento" ("idTipo", "Tipo") VALUES (1, 'Agudo                                   ');
INSERT INTO "residuospeligrosos"."TipoEstablecimiento" ("idTipo", "Tipo") VALUES (2, 'Clínicas Generales Sin Especialidad     ');
INSERT INTO "residuospeligrosos"."TipoEstablecimiento" ("idTipo", "Tipo") VALUES (3, 'Crónico                                 ');
INSERT INTO "residuospeligrosos"."TipoEstablecimiento" ("idTipo", "Tipo") VALUES (4, 'Establecimientos Sin Internación        ');
INSERT INTO "residuospeligrosos"."TipoEstablecimiento" ("idTipo", "Tipo") VALUES (5, 'Sin Tipo (hospitales Básicos)           ');

INSERT INTO "residuospeligrosos"."ClasesEstablecimiento" ("idClases", "Clase") VALUES (1, 'Centro Clinico-quirurgico Ambulatorio (hospital Del Dia)    ');
INSERT INTO "residuospeligrosos"."ClasesEstablecimiento" ("idClases", "Clase") VALUES (2, 'Centro De Especialidades                                    ');
INSERT INTO "residuospeligrosos"."ClasesEstablecimiento" ("idClases", "Clase") VALUES (3, 'Centro De Salud A                                           ');
INSERT INTO "residuospeligrosos"."ClasesEstablecimiento" ("idClases", "Clase") VALUES (4, 'Centro De Salud B                                           ');
INSERT INTO "residuospeligrosos"."ClasesEstablecimiento" ("idClases", "Clase") VALUES (5, 'Centro De Salud C                                           ');
INSERT INTO "residuospeligrosos"."ClasesEstablecimiento" ("idClases", "Clase") VALUES (6, 'Centros Especializados                                      ');
INSERT INTO "residuospeligrosos"."ClasesEstablecimiento" ("idClases", "Clase") VALUES (7, 'Clínica General                                             ');
INSERT INTO "residuospeligrosos"."ClasesEstablecimiento" ("idClases", "Clase") VALUES (8, 'Clínica Privada Especializada En Gineco-obstetricia         ');
INSERT INTO "residuospeligrosos"."ClasesEstablecimiento" ("idClases", "Clase") VALUES (9, 'Clínica Privada Especializada En Pediátrica                 ');
INSERT INTO "residuospeligrosos"."ClasesEstablecimiento" ("idClases", "Clase") VALUES (10, 'Clínica Privada Especializada En Psiquiatría                ');
INSERT INTO "residuospeligrosos"."ClasesEstablecimiento" ("idClases", "Clase") VALUES (11, 'Clínica Privada Especializada En Traumatología              ');
INSERT INTO "residuospeligrosos"."ClasesEstablecimiento" ("idClases", "Clase") VALUES (12, 'Consultorio General                                         ');
INSERT INTO "residuospeligrosos"."ClasesEstablecimiento" ("idClases", "Clase") VALUES (13, 'Dispensario Médico (policlínico)                            ');
INSERT INTO "residuospeligrosos"."ClasesEstablecimiento" ("idClases", "Clase") VALUES (14, 'Hospital Básico                                             ');
INSERT INTO "residuospeligrosos"."ClasesEstablecimiento" ("idClases", "Clase") VALUES (15, 'Hospital De Especialidades                                  ');
INSERT INTO "residuospeligrosos"."ClasesEstablecimiento" ("idClases", "Clase") VALUES (16, 'Hospital De Infectologia                                    ');
INSERT INTO "residuospeligrosos"."ClasesEstablecimiento" ("idClases", "Clase") VALUES (17, 'Hospital Dermatológico (leprocomios)                        ');
INSERT INTO "residuospeligrosos"."ClasesEstablecimiento" ("idClases", "Clase") VALUES (18, 'Hospital General                                            ');
INSERT INTO "residuospeligrosos"."ClasesEstablecimiento" ("idClases", "Clase") VALUES (19, 'Hospital Geriátrico                                         ');
INSERT INTO "residuospeligrosos"."ClasesEstablecimiento" ("idClases", "Clase") VALUES (20, 'Hospital Gineco-obstetrico                                  ');
INSERT INTO "residuospeligrosos"."ClasesEstablecimiento" ("idClases", "Clase") VALUES (21, 'Hospital Neumológico (antituberculoso)                      ');
INSERT INTO "residuospeligrosos"."ClasesEstablecimiento" ("idClases", "Clase") VALUES (22, 'Hospital Oncológico                                         ');
INSERT INTO "residuospeligrosos"."ClasesEstablecimiento" ("idClases", "Clase") VALUES (23, 'Hospital Pediátrico                                         ');
INSERT INTO "residuospeligrosos"."ClasesEstablecimiento" ("idClases", "Clase") VALUES (24, 'Hospital Psiquiátrico Y Sanatorio De Alcóholicos            ');
INSERT INTO "residuospeligrosos"."ClasesEstablecimiento" ("idClases", "Clase") VALUES (25, 'Otras Clínicas Especializadas                               ');
INSERT INTO "residuospeligrosos"."ClasesEstablecimiento" ("idClases", "Clase") VALUES (26, 'Otros Establecimientos Sin Internación                      ');
INSERT INTO "residuospeligrosos"."ClasesEstablecimiento" ("idClases", "Clase") VALUES (27, 'Puesto De Salud                                             ');
INSERT INTO "residuospeligrosos"."ClasesEstablecimiento" ("idClases", "Clase") VALUES (28, 'Subcentro De Salud                                          ');

INSERT INTO "residuospeligrosos"."ClasesTiposEs" ("idClaseTipo", "idClase", "idTipo") VALUES (1, 1, 4);
INSERT INTO "residuospeligrosos"."ClasesTiposEs" ("idClaseTipo", "idClase", "idTipo") VALUES (2, 2, 4);
INSERT INTO "residuospeligrosos"."ClasesTiposEs" ("idClaseTipo", "idClase", "idTipo") VALUES (3, 3, 4);
INSERT INTO "residuospeligrosos"."ClasesTiposEs" ("idClaseTipo", "idClase", "idTipo") VALUES (4, 4, 4);
INSERT INTO "residuospeligrosos"."ClasesTiposEs" ("idClaseTipo", "idClase", "idTipo") VALUES (5, 5, 4);
INSERT INTO "residuospeligrosos"."ClasesTiposEs" ("idClaseTipo", "idClase", "idTipo") VALUES (6, 6, 4);
INSERT INTO "residuospeligrosos"."ClasesTiposEs" ("idClaseTipo", "idClase", "idTipo") VALUES (7, 7, 2);
INSERT INTO "residuospeligrosos"."ClasesTiposEs" ("idClaseTipo", "idClase", "idTipo") VALUES (8, 8, 1);
INSERT INTO "residuospeligrosos"."ClasesTiposEs" ("idClaseTipo", "idClase", "idTipo") VALUES (9, 9, 1);
INSERT INTO "residuospeligrosos"."ClasesTiposEs" ("idClaseTipo", "idClase", "idTipo") VALUES (10, 10, 3);
INSERT INTO "residuospeligrosos"."ClasesTiposEs" ("idClaseTipo", "idClase", "idTipo") VALUES (11, 11, 1);
INSERT INTO "residuospeligrosos"."ClasesTiposEs" ("idClaseTipo", "idClase", "idTipo") VALUES (12, 12, 4);
INSERT INTO "residuospeligrosos"."ClasesTiposEs" ("idClaseTipo", "idClase", "idTipo") VALUES (13, 13, 4);
INSERT INTO "residuospeligrosos"."ClasesTiposEs" ("idClaseTipo", "idClase", "idTipo") VALUES (14, 14, 5);
INSERT INTO "residuospeligrosos"."ClasesTiposEs" ("idClaseTipo", "idClase", "idTipo") VALUES (15, 15, 1);
INSERT INTO "residuospeligrosos"."ClasesTiposEs" ("idClaseTipo", "idClase", "idTipo") VALUES (16, 16, 1);
INSERT INTO "residuospeligrosos"."ClasesTiposEs" ("idClaseTipo", "idClase", "idTipo") VALUES (17, 17, 3);
INSERT INTO "residuospeligrosos"."ClasesTiposEs" ("idClaseTipo", "idClase", "idTipo") VALUES (18, 18, 1);
INSERT INTO "residuospeligrosos"."ClasesTiposEs" ("idClaseTipo", "idClase", "idTipo") VALUES (19, 19, 3);
INSERT INTO "residuospeligrosos"."ClasesTiposEs" ("idClaseTipo", "idClase", "idTipo") VALUES (20, 20, 1);
INSERT INTO "residuospeligrosos"."ClasesTiposEs" ("idClaseTipo", "idClase", "idTipo") VALUES (21, 21, 1);
INSERT INTO "residuospeligrosos"."ClasesTiposEs" ("idClaseTipo", "idClase", "idTipo") VALUES (22, 22, 1);
INSERT INTO "residuospeligrosos"."ClasesTiposEs" ("idClaseTipo", "idClase", "idTipo") VALUES (23, 23, 1);
INSERT INTO "residuospeligrosos"."ClasesTiposEs" ("idClaseTipo", "idClase", "idTipo") VALUES (24, 24, 3);
INSERT INTO "residuospeligrosos"."ClasesTiposEs" ("idClaseTipo", "idClase", "idTipo") VALUES (25, 25, 1);
INSERT INTO "residuospeligrosos"."ClasesTiposEs" ("idClaseTipo", "idClase", "idTipo") VALUES (26, 25, 2);
INSERT INTO "residuospeligrosos"."ClasesTiposEs" ("idClaseTipo", "idClase", "idTipo") VALUES (27, 26, 1);
INSERT INTO "residuospeligrosos"."ClasesTiposEs" ("idClaseTipo", "idClase", "idTipo") VALUES (28, 27, 4);
INSERT INTO "residuospeligrosos"."ClasesTiposEs" ("idClaseTipo", "idClase", "idTipo") VALUES (29, 28, 4);



INSERT INTO "residuospeligrosos"."EntidadSectorEs" ("idEntidadSector", "idEntidad", "idSector") VALUES (1, 1, 1);
INSERT INTO "residuospeligrosos"."EntidadSectorEs" ("idEntidadSector", "idEntidad", "idSector") VALUES (2, 2, 2);
INSERT INTO "residuospeligrosos"."EntidadSectorEs" ("idEntidadSector", "idEntidad", "idSector") VALUES (3, 3, 2);
INSERT INTO "residuospeligrosos"."EntidadSectorEs" ("idEntidadSector", "idEntidad", "idSector") VALUES (4, 4, 2);
INSERT INTO "residuospeligrosos"."EntidadSectorEs" ("idEntidadSector", "idEntidad", "idSector") VALUES (5, 5, 3);
INSERT INTO "residuospeligrosos"."EntidadSectorEs" ("idEntidadSector", "idEntidad", "idSector") VALUES (6, 5, 1);
INSERT INTO "residuospeligrosos"."EntidadSectorEs" ("idEntidadSector", "idEntidad", "idSector") VALUES (7, 6, 2);
INSERT INTO "residuospeligrosos"."EntidadSectorEs" ("idEntidadSector", "idEntidad", "idSector") VALUES (8, 7, 2);
INSERT INTO "residuospeligrosos"."EntidadSectorEs" ("idEntidadSector", "idEntidad", "idSector") VALUES (9, 8, 1);
INSERT INTO "residuospeligrosos"."EntidadSectorEs" ("idEntidadSector", "idEntidad", "idSector") VALUES (10, 8, 2);
INSERT INTO "residuospeligrosos"."EntidadSectorEs" ("idEntidadSector", "idEntidad", "idSector") VALUES (11, 8, 3);
INSERT INTO "residuospeligrosos"."EntidadSectorEs" ("idEntidadSector", "idEntidad", "idSector") VALUES (12, 9, 2);
INSERT INTO "residuospeligrosos"."EntidadSectorEs" ("idEntidadSector", "idEntidad", "idSector") VALUES (13, 10, 2);
INSERT INTO "residuospeligrosos"."EntidadSectorEs" ("idEntidadSector", "idEntidad", "idSector") VALUES (14, 11, 2);
INSERT INTO "residuospeligrosos"."EntidadSectorEs" ("idEntidadSector", "idEntidad", "idSector") VALUES (15, 12, 2);
INSERT INTO "residuospeligrosos"."EntidadSectorEs" ("idEntidadSector", "idEntidad", "idSector") VALUES (16, 13, 2);
INSERT INTO "residuospeligrosos"."EntidadSectorEs" ("idEntidadSector", "idEntidad", "idSector") VALUES (17, 14, 2);
INSERT INTO "residuospeligrosos"."EntidadSectorEs" ("idEntidadSector", "idEntidad", "idSector") VALUES (18, 15, 2);
INSERT INTO "residuospeligrosos"."EntidadSectorEs" ("idEntidadSector", "idEntidad", "idSector") VALUES (19, 16, 2);
INSERT INTO "residuospeligrosos"."EntidadSectorEs" ("idEntidadSector", "idEntidad", "idSector") VALUES (20, 17, 2);
INSERT INTO "residuospeligrosos"."EntidadSectorEs" ("idEntidadSector", "idEntidad", "idSector") VALUES (21, 18, 2);


INSERT INTO "residuospeligrosos"."Salud" ("idSalud", "idClasesTipos", "idEntidadSector") VALUES (1, 1, 1);
INSERT INTO "residuospeligrosos"."Salud" ("idSalud", "idClasesTipos", "idEntidadSector") VALUES (2, 1, 2);
INSERT INTO "residuospeligrosos"."Salud" ("idSalud", "idClasesTipos", "idEntidadSector") VALUES (3, 1, 3);
INSERT INTO "residuospeligrosos"."Salud" ("idSalud", "idClasesTipos", "idEntidadSector") VALUES (4, 2, 4);
INSERT INTO "residuospeligrosos"."Salud" ("idSalud", "idClasesTipos", "idEntidadSector") VALUES (5, 3, 5);
INSERT INTO "residuospeligrosos"."Salud" ("idSalud", "idClasesTipos", "idEntidadSector") VALUES (6, 3, 6);
INSERT INTO "residuospeligrosos"."Salud" ("idSalud", "idClasesTipos", "idEntidadSector") VALUES (7, 3, 7);
INSERT INTO "residuospeligrosos"."Salud" ("idSalud", "idClasesTipos", "idEntidadSector") VALUES (8, 3, 2);
INSERT INTO "residuospeligrosos"."Salud" ("idSalud", "idClasesTipos", "idEntidadSector") VALUES (9, 3, 3);
INSERT INTO "residuospeligrosos"."Salud" ("idSalud", "idClasesTipos", "idEntidadSector") VALUES (10, 3, 8);
INSERT INTO "residuospeligrosos"."Salud" ("idSalud", "idClasesTipos", "idEntidadSector") VALUES (11, 3, 4);
INSERT INTO "residuospeligrosos"."Salud" ("idSalud", "idClasesTipos", "idEntidadSector") VALUES (12, 3, 9);
INSERT INTO "residuospeligrosos"."Salud" ("idSalud", "idClasesTipos", "idEntidadSector") VALUES (13, 3, 10);
INSERT INTO "residuospeligrosos"."Salud" ("idSalud", "idClasesTipos", "idEntidadSector") VALUES (14, 4, 5);
INSERT INTO "residuospeligrosos"."Salud" ("idSalud", "idClasesTipos", "idEntidadSector") VALUES (15, 4, 6);
INSERT INTO "residuospeligrosos"."Salud" ("idSalud", "idClasesTipos", "idEntidadSector") VALUES (16, 4, 11);
INSERT INTO "residuospeligrosos"."Salud" ("idSalud", "idClasesTipos", "idEntidadSector") VALUES (17, 4, 12);
INSERT INTO "residuospeligrosos"."Salud" ("idSalud", "idClasesTipos", "idEntidadSector") VALUES (18, 4, 13);
INSERT INTO "residuospeligrosos"."Salud" ("idSalud", "idClasesTipos", "idEntidadSector") VALUES (19, 4, 7);
INSERT INTO "residuospeligrosos"."Salud" ("idSalud", "idClasesTipos", "idEntidadSector") VALUES (20, 4, 2);
INSERT INTO "residuospeligrosos"."Salud" ("idSalud", "idClasesTipos", "idEntidadSector") VALUES (21, 4, 3);
INSERT INTO "residuospeligrosos"."Salud" ("idSalud", "idClasesTipos", "idEntidadSector") VALUES (22, 4, 14);
INSERT INTO "residuospeligrosos"."Salud" ("idSalud", "idClasesTipos", "idEntidadSector") VALUES (23, 4, 1);
INSERT INTO "residuospeligrosos"."Salud" ("idSalud", "idClasesTipos", "idEntidadSector") VALUES (24, 4, 8);
INSERT INTO "residuospeligrosos"."Salud" ("idSalud", "idClasesTipos", "idEntidadSector") VALUES (25, 4, 4);
INSERT INTO "residuospeligrosos"."Salud" ("idSalud", "idClasesTipos", "idEntidadSector") VALUES (26, 4, 9);
INSERT INTO "residuospeligrosos"."Salud" ("idSalud", "idClasesTipos", "idEntidadSector") VALUES (27, 4, 10);
INSERT INTO "residuospeligrosos"."Salud" ("idSalud", "idClasesTipos", "idEntidadSector") VALUES (28, 5, 15);
INSERT INTO "residuospeligrosos"."Salud" ("idSalud", "idClasesTipos", "idEntidadSector") VALUES (29, 5, 7);
INSERT INTO "residuospeligrosos"."Salud" ("idSalud", "idClasesTipos", "idEntidadSector") VALUES (30, 5, 2);
INSERT INTO "residuospeligrosos"."Salud" ("idSalud", "idClasesTipos", "idEntidadSector") VALUES (31, 5, 3);
INSERT INTO "residuospeligrosos"."Salud" ("idSalud", "idClasesTipos", "idEntidadSector") VALUES (32, 5, 14);
INSERT INTO "residuospeligrosos"."Salud" ("idSalud", "idClasesTipos", "idEntidadSector") VALUES (33, 5, 8);
INSERT INTO "residuospeligrosos"."Salud" ("idSalud", "idClasesTipos", "idEntidadSector") VALUES (34, 5, 4);
INSERT INTO "residuospeligrosos"."Salud" ("idSalud", "idClasesTipos", "idEntidadSector") VALUES (35, 5, 10);
INSERT INTO "residuospeligrosos"."Salud" ("idSalud", "idClasesTipos", "idEntidadSector") VALUES (36, 6, 2);
INSERT INTO "residuospeligrosos"."Salud" ("idSalud", "idClasesTipos", "idEntidadSector") VALUES (37, 6, 8);
INSERT INTO "residuospeligrosos"."Salud" ("idSalud", "idClasesTipos", "idEntidadSector") VALUES (38, 7, 8);
INSERT INTO "residuospeligrosos"."Salud" ("idSalud", "idClasesTipos", "idEntidadSector") VALUES (39, 7, 4);
INSERT INTO "residuospeligrosos"."Salud" ("idSalud", "idClasesTipos", "idEntidadSector") VALUES (40, 8, 8);
INSERT INTO "residuospeligrosos"."Salud" ("idSalud", "idClasesTipos", "idEntidadSector") VALUES (41, 8, 4);
INSERT INTO "residuospeligrosos"."Salud" ("idSalud", "idClasesTipos", "idEntidadSector") VALUES (42, 9, 8);
INSERT INTO "residuospeligrosos"."Salud" ("idSalud", "idClasesTipos", "idEntidadSector") VALUES (43, 10, 4);
INSERT INTO "residuospeligrosos"."Salud" ("idSalud", "idClasesTipos", "idEntidadSector") VALUES (44, 11, 8);
INSERT INTO "residuospeligrosos"."Salud" ("idSalud", "idClasesTipos", "idEntidadSector") VALUES (45, 12, 16);
INSERT INTO "residuospeligrosos"."Salud" ("idSalud", "idClasesTipos", "idEntidadSector") VALUES (46, 12, 13);
INSERT INTO "residuospeligrosos"."Salud" ("idSalud", "idClasesTipos", "idEntidadSector") VALUES (47, 12, 1);
INSERT INTO "residuospeligrosos"."Salud" ("idSalud", "idClasesTipos", "idEntidadSector") VALUES (48, 12, 10);
INSERT INTO "residuospeligrosos"."Salud" ("idSalud", "idClasesTipos", "idEntidadSector") VALUES (49, 13, 16);
INSERT INTO "residuospeligrosos"."Salud" ("idSalud", "idClasesTipos", "idEntidadSector") VALUES (50, 13, 5);
INSERT INTO "residuospeligrosos"."Salud" ("idSalud", "idClasesTipos", "idEntidadSector") VALUES (51, 13, 6);
INSERT INTO "residuospeligrosos"."Salud" ("idSalud", "idClasesTipos", "idEntidadSector") VALUES (52, 13, 12);
INSERT INTO "residuospeligrosos"."Salud" ("idSalud", "idClasesTipos", "idEntidadSector") VALUES (53, 13, 13);
INSERT INTO "residuospeligrosos"."Salud" ("idSalud", "idClasesTipos", "idEntidadSector") VALUES (54, 13, 7);
INSERT INTO "residuospeligrosos"."Salud" ("idSalud", "idClasesTipos", "idEntidadSector") VALUES (55, 13, 2);
INSERT INTO "residuospeligrosos"."Salud" ("idSalud", "idClasesTipos", "idEntidadSector") VALUES (56, 13, 3);
INSERT INTO "residuospeligrosos"."Salud" ("idSalud", "idClasesTipos", "idEntidadSector") VALUES (57, 13, 14);
INSERT INTO "residuospeligrosos"."Salud" ("idSalud", "idClasesTipos", "idEntidadSector") VALUES (58, 13, 1);
INSERT INTO "residuospeligrosos"."Salud" ("idSalud", "idClasesTipos", "idEntidadSector") VALUES (59, 13, 8);
INSERT INTO "residuospeligrosos"."Salud" ("idSalud", "idClasesTipos", "idEntidadSector") VALUES (60, 13, 17);
INSERT INTO "residuospeligrosos"."Salud" ("idSalud", "idClasesTipos", "idEntidadSector") VALUES (61, 13, 9);
INSERT INTO "residuospeligrosos"."Salud" ("idSalud", "idClasesTipos", "idEntidadSector") VALUES (62, 13, 10);
INSERT INTO "residuospeligrosos"."Salud" ("idSalud", "idClasesTipos", "idEntidadSector") VALUES (63, 14, 18);
INSERT INTO "residuospeligrosos"."Salud" ("idSalud", "idClasesTipos", "idEntidadSector") VALUES (64, 14, 6);
INSERT INTO "residuospeligrosos"."Salud" ("idSalud", "idClasesTipos", "idEntidadSector") VALUES (65, 14, 12);
INSERT INTO "residuospeligrosos"."Salud" ("idSalud", "idClasesTipos", "idEntidadSector") VALUES (66, 14, 2);
INSERT INTO "residuospeligrosos"."Salud" ("idSalud", "idClasesTipos", "idEntidadSector") VALUES (67, 14, 3);
INSERT INTO "residuospeligrosos"."Salud" ("idSalud", "idClasesTipos", "idEntidadSector") VALUES (68, 14, 4);
INSERT INTO "residuospeligrosos"."Salud" ("idSalud", "idClasesTipos", "idEntidadSector") VALUES (69, 15, 6);
INSERT INTO "residuospeligrosos"."Salud" ("idSalud", "idClasesTipos", "idEntidadSector") VALUES (70, 15, 12);
INSERT INTO "residuospeligrosos"."Salud" ("idSalud", "idClasesTipos", "idEntidadSector") VALUES (71, 15, 2);
INSERT INTO "residuospeligrosos"."Salud" ("idSalud", "idClasesTipos", "idEntidadSector") VALUES (72, 15, 8);
INSERT INTO "residuospeligrosos"."Salud" ("idSalud", "idClasesTipos", "idEntidadSector") VALUES (73, 16, 2);
INSERT INTO "residuospeligrosos"."Salud" ("idSalud", "idClasesTipos", "idEntidadSector") VALUES (74, 17, 2);
INSERT INTO "residuospeligrosos"."Salud" ("idSalud", "idClasesTipos", "idEntidadSector") VALUES (75, 18, 6);
INSERT INTO "residuospeligrosos"."Salud" ("idSalud", "idClasesTipos", "idEntidadSector") VALUES (76, 18, 11);
INSERT INTO "residuospeligrosos"."Salud" ("idSalud", "idClasesTipos", "idEntidadSector") VALUES (77, 18, 12);
INSERT INTO "residuospeligrosos"."Salud" ("idSalud", "idClasesTipos", "idEntidadSector") VALUES (78, 18, 13);
INSERT INTO "residuospeligrosos"."Salud" ("idSalud", "idClasesTipos", "idEntidadSector") VALUES (79, 18, 2);
INSERT INTO "residuospeligrosos"."Salud" ("idSalud", "idClasesTipos", "idEntidadSector") VALUES (80, 18, 3);
INSERT INTO "residuospeligrosos"."Salud" ("idSalud", "idClasesTipos", "idEntidadSector") VALUES (81, 18, 14);
INSERT INTO "residuospeligrosos"."Salud" ("idSalud", "idClasesTipos", "idEntidadSector") VALUES (82, 18, 1);
INSERT INTO "residuospeligrosos"."Salud" ("idSalud", "idClasesTipos", "idEntidadSector") VALUES (83, 18, 8);
INSERT INTO "residuospeligrosos"."Salud" ("idSalud", "idClasesTipos", "idEntidadSector") VALUES (84, 18, 19);
INSERT INTO "residuospeligrosos"."Salud" ("idSalud", "idClasesTipos", "idEntidadSector") VALUES (85, 18, 9);
INSERT INTO "residuospeligrosos"."Salud" ("idSalud", "idClasesTipos", "idEntidadSector") VALUES (86, 18, 20);
INSERT INTO "residuospeligrosos"."Salud" ("idSalud", "idClasesTipos", "idEntidadSector") VALUES (87, 18, 21);
INSERT INTO "residuospeligrosos"."Salud" ("idSalud", "idClasesTipos", "idEntidadSector") VALUES (88, 19, 2);
INSERT INTO "residuospeligrosos"."Salud" ("idSalud", "idClasesTipos", "idEntidadSector") VALUES (89, 20, 11);
INSERT INTO "residuospeligrosos"."Salud" ("idSalud", "idClasesTipos", "idEntidadSector") VALUES (90, 20, 2);
INSERT INTO "residuospeligrosos"."Salud" ("idSalud", "idClasesTipos", "idEntidadSector") VALUES (91, 20, 3);
INSERT INTO "residuospeligrosos"."Salud" ("idSalud", "idClasesTipos", "idEntidadSector") VALUES (92, 20, 4);
INSERT INTO "residuospeligrosos"."Salud" ("idSalud", "idClasesTipos", "idEntidadSector") VALUES (93, 21, 2);
INSERT INTO "residuospeligrosos"."Salud" ("idSalud", "idClasesTipos", "idEntidadSector") VALUES (94, 22, 9);
INSERT INTO "residuospeligrosos"."Salud" ("idSalud", "idClasesTipos", "idEntidadSector") VALUES (95, 23, 11);
INSERT INTO "residuospeligrosos"."Salud" ("idSalud", "idClasesTipos", "idEntidadSector") VALUES (96, 23, 2);
INSERT INTO "residuospeligrosos"."Salud" ("idSalud", "idClasesTipos", "idEntidadSector") VALUES (97, 24, 11);
INSERT INTO "residuospeligrosos"."Salud" ("idSalud", "idClasesTipos", "idEntidadSector") VALUES (98, 24, 2);
INSERT INTO "residuospeligrosos"."Salud" ("idSalud", "idClasesTipos", "idEntidadSector") VALUES (99, 24, 8);
INSERT INTO "residuospeligrosos"."Salud" ("idSalud", "idClasesTipos", "idEntidadSector") VALUES (100, 24, 4);
INSERT INTO "residuospeligrosos"."Salud" ("idSalud", "idClasesTipos", "idEntidadSector") VALUES (101, 25, 8);
INSERT INTO "residuospeligrosos"."Salud" ("idSalud", "idClasesTipos", "idEntidadSector") VALUES (102, 26, 8);
INSERT INTO "residuospeligrosos"."Salud" ("idSalud", "idClasesTipos", "idEntidadSector") VALUES (103, 27, 15);
INSERT INTO "residuospeligrosos"."Salud" ("idSalud", "idClasesTipos", "idEntidadSector") VALUES (104, 27, 2);
INSERT INTO "residuospeligrosos"."Salud" ("idSalud", "idClasesTipos", "idEntidadSector") VALUES (105, 27, 3);
INSERT INTO "residuospeligrosos"."Salud" ("idSalud", "idClasesTipos", "idEntidadSector") VALUES (106, 27, 14);
INSERT INTO "residuospeligrosos"."Salud" ("idSalud", "idClasesTipos", "idEntidadSector") VALUES (107, 27, 1);
INSERT INTO "residuospeligrosos"."Salud" ("idSalud", "idClasesTipos", "idEntidadSector") VALUES (108, 27, 8);
INSERT INTO "residuospeligrosos"."Salud" ("idSalud", "idClasesTipos", "idEntidadSector") VALUES (109, 27, 4);
INSERT INTO "residuospeligrosos"."Salud" ("idSalud", "idClasesTipos", "idEntidadSector") VALUES (110, 28, 2);
INSERT INTO "residuospeligrosos"."Salud" ("idSalud", "idClasesTipos", "idEntidadSector") VALUES (111, 29, 6);
INSERT INTO "residuospeligrosos"."Salud" ("idSalud", "idClasesTipos", "idEntidadSector") VALUES (112, 29, 7);
INSERT INTO "residuospeligrosos"."Salud" ("idSalud", "idClasesTipos", "idEntidadSector") VALUES (113, 29, 2);
INSERT INTO "residuospeligrosos"."Salud" ("idSalud", "idClasesTipos", "idEntidadSector") VALUES (114, 13, 4);
INSERT INTO "residuospeligrosos"."Salud" ("idSalud", "idClasesTipos", "idEntidadSector") VALUES (115, 26, 15);
INSERT INTO "residuospeligrosos"."Salud" ("idSalud", "idClasesTipos", "idEntidadSector") VALUES (116, 26, 2);
INSERT INTO "residuospeligrosos"."Salud" ("idSalud", "idClasesTipos", "idEntidadSector") VALUES (117, 26, 3);
INSERT INTO "residuospeligrosos"."Salud" ("idSalud", "idClasesTipos", "idEntidadSector") VALUES (118, 26, 14);
INSERT INTO "residuospeligrosos"."Salud" ("idSalud", "idClasesTipos", "idEntidadSector") VALUES (119, 26, 1);
INSERT INTO "residuospeligrosos"."Salud" ("idSalud", "idClasesTipos", "idEntidadSector") VALUES (120, 26, 4);


INSERT INTO "residuospeligrosos"."ParroquiaSalud" ("idParroquiaSalud", "idParroquia", "idSalud") VALUES (1, 1, 75);
INSERT INTO "residuospeligrosos"."ParroquiaSalud" ("idParroquiaSalud", "idParroquia", "idSalud") VALUES (2, 1, 57);
INSERT INTO "residuospeligrosos"."ParroquiaSalud" ("idParroquiaSalud", "idParroquia", "idSalud") VALUES (3, 1, 70);
INSERT INTO "residuospeligrosos"."ParroquiaSalud" ("idParroquiaSalud", "idParroquia", "idSalud") VALUES (4, 1, 72);
INSERT INTO "residuospeligrosos"."ParroquiaSalud" ("idParroquiaSalud", "idParroquia", "idSalud") VALUES (5, 1, 62);
INSERT INTO "residuospeligrosos"."ParroquiaSalud" ("idParroquiaSalud", "idParroquia", "idSalud") VALUES (6, 1, 9);
INSERT INTO "residuospeligrosos"."ParroquiaSalud" ("idParroquiaSalud", "idParroquia", "idSalud") VALUES (7, 1, 44);
INSERT INTO "residuospeligrosos"."ParroquiaSalud" ("idParroquiaSalud", "idParroquia", "idSalud") VALUES (8, 1, 63);
INSERT INTO "residuospeligrosos"."ParroquiaSalud" ("idParroquiaSalud", "idParroquia", "idSalud") VALUES (9, 1, 17);
INSERT INTO "residuospeligrosos"."ParroquiaSalud" ("idParroquiaSalud", "idParroquia", "idSalud") VALUES (10, 1, 63);
INSERT INTO "residuospeligrosos"."ParroquiaSalud" ("idParroquiaSalud", "idParroquia", "idSalud") VALUES (11, 1, 34);
INSERT INTO "residuospeligrosos"."ParroquiaSalud" ("idParroquiaSalud", "idParroquia", "idSalud") VALUES (12, 1, 70);
INSERT INTO "residuospeligrosos"."ParroquiaSalud" ("idParroquiaSalud", "idParroquia", "idSalud") VALUES (13, 1, 45);
INSERT INTO "residuospeligrosos"."ParroquiaSalud" ("idParroquiaSalud", "idParroquia", "idSalud") VALUES (14, 1, 74);
INSERT INTO "residuospeligrosos"."ParroquiaSalud" ("idParroquiaSalud", "idParroquia", "idSalud") VALUES (15, 1, 75);
INSERT INTO "residuospeligrosos"."ParroquiaSalud" ("idParroquiaSalud", "idParroquia", "idSalud") VALUES (16, 1, 84);
INSERT INTO "residuospeligrosos"."ParroquiaSalud" ("idParroquiaSalud", "idParroquia", "idSalud") VALUES (17, 1, 72);
INSERT INTO "residuospeligrosos"."ParroquiaSalud" ("idParroquiaSalud", "idParroquia", "idSalud") VALUES (18, 1, 69);
INSERT INTO "residuospeligrosos"."ParroquiaSalud" ("idParroquiaSalud", "idParroquia", "idSalud") VALUES (19, 1, 46);
INSERT INTO "residuospeligrosos"."ParroquiaSalud" ("idParroquiaSalud", "idParroquia", "idSalud") VALUES (20, 1, 27);
INSERT INTO "residuospeligrosos"."ParroquiaSalud" ("idParroquiaSalud", "idParroquia", "idSalud") VALUES (21, 1, 109);
INSERT INTO "residuospeligrosos"."ParroquiaSalud" ("idParroquiaSalud", "idParroquia", "idSalud") VALUES (22, 1, 92);
INSERT INTO "residuospeligrosos"."ParroquiaSalud" ("idParroquiaSalud", "idParroquia", "idSalud") VALUES (23, 1, 103);
INSERT INTO "residuospeligrosos"."ParroquiaSalud" ("idParroquiaSalud", "idParroquia", "idSalud") VALUES (24, 1, 85);
INSERT INTO "residuospeligrosos"."ParroquiaSalud" ("idParroquiaSalud", "idParroquia", "idSalud") VALUES (25, 1, 53);
INSERT INTO "residuospeligrosos"."ParroquiaSalud" ("idParroquiaSalud", "idParroquia", "idSalud") VALUES (26, 1, 104);
INSERT INTO "residuospeligrosos"."ParroquiaSalud" ("idParroquiaSalud", "idParroquia", "idSalud") VALUES (27, 1, 13);
INSERT INTO "residuospeligrosos"."ParroquiaSalud" ("idParroquiaSalud", "idParroquia", "idSalud") VALUES (28, 1, 72);
INSERT INTO "residuospeligrosos"."ParroquiaSalud" ("idParroquiaSalud", "idParroquia", "idSalud") VALUES (29, 1, 48);
INSERT INTO "residuospeligrosos"."ParroquiaSalud" ("idParroquiaSalud", "idParroquia", "idSalud") VALUES (30, 1, 57);
INSERT INTO "residuospeligrosos"."ParroquiaSalud" ("idParroquiaSalud", "idParroquia", "idSalud") VALUES (31, 1, 69);
INSERT INTO "residuospeligrosos"."ParroquiaSalud" ("idParroquiaSalud", "idParroquia", "idSalud") VALUES (32, 1, 100);
INSERT INTO "residuospeligrosos"."ParroquiaSalud" ("idParroquiaSalud", "idParroquia", "idSalud") VALUES (33, 1, 105);
INSERT INTO "residuospeligrosos"."ParroquiaSalud" ("idParroquiaSalud", "idParroquia", "idSalud") VALUES (34, 1, 60);
INSERT INTO "residuospeligrosos"."ParroquiaSalud" ("idParroquiaSalud", "idParroquia", "idSalud") VALUES (35, 1, 89);
INSERT INTO "residuospeligrosos"."ParroquiaSalud" ("idParroquiaSalud", "idParroquia", "idSalud") VALUES (36, 2, 55);
INSERT INTO "residuospeligrosos"."ParroquiaSalud" ("idParroquiaSalud", "idParroquia", "idSalud") VALUES (37, 2, 112);
INSERT INTO "residuospeligrosos"."ParroquiaSalud" ("idParroquiaSalud", "idParroquia", "idSalud") VALUES (38, 3, 1);
INSERT INTO "residuospeligrosos"."ParroquiaSalud" ("idParroquiaSalud", "idParroquia", "idSalud") VALUES (39, 3, 66);
INSERT INTO "residuospeligrosos"."ParroquiaSalud" ("idParroquiaSalud", "idParroquia", "idSalud") VALUES (40, 3, 118);
INSERT INTO "residuospeligrosos"."ParroquiaSalud" ("idParroquiaSalud", "idParroquia", "idSalud") VALUES (41, 3, 114);
INSERT INTO "residuospeligrosos"."ParroquiaSalud" ("idParroquiaSalud", "idParroquia", "idSalud") VALUES (42, 4, 79);
INSERT INTO "residuospeligrosos"."ParroquiaSalud" ("idParroquiaSalud", "idParroquia", "idSalud") VALUES (43, 4, 81);
INSERT INTO "residuospeligrosos"."ParroquiaSalud" ("idParroquiaSalud", "idParroquia", "idSalud") VALUES (44, 4, 46);
INSERT INTO "residuospeligrosos"."ParroquiaSalud" ("idParroquiaSalud", "idParroquia", "idSalud") VALUES (45, 4, 2);
INSERT INTO "residuospeligrosos"."ParroquiaSalud" ("idParroquiaSalud", "idParroquia", "idSalud") VALUES (46, 4, 15);
INSERT INTO "residuospeligrosos"."ParroquiaSalud" ("idParroquiaSalud", "idParroquia", "idSalud") VALUES (47, 4, 102);
INSERT INTO "residuospeligrosos"."ParroquiaSalud" ("idParroquiaSalud", "idParroquia", "idSalud") VALUES (48, 5, 76);
INSERT INTO "residuospeligrosos"."ParroquiaSalud" ("idParroquiaSalud", "idParroquia", "idSalud") VALUES (49, 5, 73);
INSERT INTO "residuospeligrosos"."ParroquiaSalud" ("idParroquiaSalud", "idParroquia", "idSalud") VALUES (50, 5, 82);
INSERT INTO "residuospeligrosos"."ParroquiaSalud" ("idParroquiaSalud", "idParroquia", "idSalud") VALUES (51, 5, 7);
INSERT INTO "residuospeligrosos"."ParroquiaSalud" ("idParroquiaSalud", "idParroquia", "idSalud") VALUES (52, 5, 108);
INSERT INTO "residuospeligrosos"."ParroquiaSalud" ("idParroquiaSalud", "idParroquia", "idSalud") VALUES (53, 6, 7);
INSERT INTO "residuospeligrosos"."ParroquiaSalud" ("idParroquiaSalud", "idParroquia", "idSalud") VALUES (54, 6, 79);
INSERT INTO "residuospeligrosos"."ParroquiaSalud" ("idParroquiaSalud", "idParroquia", "idSalud") VALUES (55, 6, 102);
INSERT INTO "residuospeligrosos"."ParroquiaSalud" ("idParroquiaSalud", "idParroquia", "idSalud") VALUES (56, 6, 86);
INSERT INTO "residuospeligrosos"."ParroquiaSalud" ("idParroquiaSalud", "idParroquia", "idSalud") VALUES (57, 7, 72);
INSERT INTO "residuospeligrosos"."ParroquiaSalud" ("idParroquiaSalud", "idParroquia", "idSalud") VALUES (58, 7, 25);
INSERT INTO "residuospeligrosos"."ParroquiaSalud" ("idParroquiaSalud", "idParroquia", "idSalud") VALUES (59, 7, 101);
INSERT INTO "residuospeligrosos"."ParroquiaSalud" ("idParroquiaSalud", "idParroquia", "idSalud") VALUES (60, 8, 87);
INSERT INTO "residuospeligrosos"."ParroquiaSalud" ("idParroquiaSalud", "idParroquia", "idSalud") VALUES (61, 9, 63);
INSERT INTO "residuospeligrosos"."ParroquiaSalud" ("idParroquiaSalud", "idParroquia", "idSalud") VALUES (62, 9, 57);
INSERT INTO "residuospeligrosos"."ParroquiaSalud" ("idParroquiaSalud", "idParroquia", "idSalud") VALUES (63, 10, 89);
INSERT INTO "residuospeligrosos"."ParroquiaSalud" ("idParroquiaSalud", "idParroquia", "idSalud") VALUES (64, 10, 82);
INSERT INTO "residuospeligrosos"."ParroquiaSalud" ("idParroquiaSalud", "idParroquia", "idSalud") VALUES (65, 10, 41);
INSERT INTO "residuospeligrosos"."ParroquiaSalud" ("idParroquiaSalud", "idParroquia", "idSalud") VALUES (66, 11, 78);
INSERT INTO "residuospeligrosos"."ParroquiaSalud" ("idParroquiaSalud", "idParroquia", "idSalud") VALUES (67, 12, 92);
INSERT INTO "residuospeligrosos"."ParroquiaSalud" ("idParroquiaSalud", "idParroquia", "idSalud") VALUES (68, 12, 71);
INSERT INTO "residuospeligrosos"."ParroquiaSalud" ("idParroquiaSalud", "idParroquia", "idSalud") VALUES (69, 13, 17);
INSERT INTO "residuospeligrosos"."ParroquiaSalud" ("idParroquiaSalud", "idParroquia", "idSalud") VALUES (70, 14, 5);
INSERT INTO "residuospeligrosos"."ParroquiaSalud" ("idParroquiaSalud", "idParroquia", "idSalud") VALUES (71, 14, 119);
INSERT INTO "residuospeligrosos"."ParroquiaSalud" ("idParroquiaSalud", "idParroquia", "idSalud") VALUES (72, 14, 73);
INSERT INTO "residuospeligrosos"."ParroquiaSalud" ("idParroquiaSalud", "idParroquia", "idSalud") VALUES (73, 14, 16);
INSERT INTO "residuospeligrosos"."ParroquiaSalud" ("idParroquiaSalud", "idParroquia", "idSalud") VALUES (74, 15, 60);
INSERT INTO "residuospeligrosos"."ParroquiaSalud" ("idParroquiaSalud", "idParroquia", "idSalud") VALUES (75, 15, 10);
INSERT INTO "residuospeligrosos"."ParroquiaSalud" ("idParroquiaSalud", "idParroquia", "idSalud") VALUES (76, 16, 69);
INSERT INTO "residuospeligrosos"."ParroquiaSalud" ("idParroquiaSalud", "idParroquia", "idSalud") VALUES (77, 17, 15);
INSERT INTO "residuospeligrosos"."ParroquiaSalud" ("idParroquiaSalud", "idParroquia", "idSalud") VALUES (78, 17, 67);
INSERT INTO "residuospeligrosos"."ParroquiaSalud" ("idParroquiaSalud", "idParroquia", "idSalud") VALUES (79, 17, 12);
INSERT INTO "residuospeligrosos"."ParroquiaSalud" ("idParroquiaSalud", "idParroquia", "idSalud") VALUES (80, 18, 81);
INSERT INTO "residuospeligrosos"."ParroquiaSalud" ("idParroquiaSalud", "idParroquia", "idSalud") VALUES (81, 18, 114);
INSERT INTO "residuospeligrosos"."ParroquiaSalud" ("idParroquiaSalud", "idParroquia", "idSalud") VALUES (82, 18, 101);
INSERT INTO "residuospeligrosos"."ParroquiaSalud" ("idParroquiaSalud", "idParroquia", "idSalud") VALUES (83, 19, 105);
INSERT INTO "residuospeligrosos"."ParroquiaSalud" ("idParroquiaSalud", "idParroquia", "idSalud") VALUES (84, 20, 39);
INSERT INTO "residuospeligrosos"."ParroquiaSalud" ("idParroquiaSalud", "idParroquia", "idSalud") VALUES (85, 20, 54);
INSERT INTO "residuospeligrosos"."ParroquiaSalud" ("idParroquiaSalud", "idParroquia", "idSalud") VALUES (86, 21, 47);
INSERT INTO "residuospeligrosos"."ParroquiaSalud" ("idParroquiaSalud", "idParroquia", "idSalud") VALUES (87, 21, 31);
INSERT INTO "residuospeligrosos"."ParroquiaSalud" ("idParroquiaSalud", "idParroquia", "idSalud") VALUES (88, 22, 2);
INSERT INTO "residuospeligrosos"."ParroquiaSalud" ("idParroquiaSalud", "idParroquia", "idSalud") VALUES (89, 22, 3);
INSERT INTO "residuospeligrosos"."ParroquiaSalud" ("idParroquiaSalud", "idParroquia", "idSalud") VALUES (90, 22, 6);
INSERT INTO "residuospeligrosos"."ParroquiaSalud" ("idParroquiaSalud", "idParroquia", "idSalud") VALUES (91, 22, 89);
INSERT INTO "residuospeligrosos"."ParroquiaSalud" ("idParroquiaSalud", "idParroquia", "idSalud") VALUES (92, 23, 100);
INSERT INTO "residuospeligrosos"."ParroquiaSalud" ("idParroquiaSalud", "idParroquia", "idSalud") VALUES (93, 23, 12);
INSERT INTO "residuospeligrosos"."ParroquiaSalud" ("idParroquiaSalud", "idParroquia", "idSalud") VALUES (94, 24, 36);
INSERT INTO "residuospeligrosos"."ParroquiaSalud" ("idParroquiaSalud", "idParroquia", "idSalud") VALUES (95, 25, 107);
INSERT INTO "residuospeligrosos"."ParroquiaSalud" ("idParroquiaSalud", "idParroquia", "idSalud") VALUES (96, 26, 109);
INSERT INTO "residuospeligrosos"."ParroquiaSalud" ("idParroquiaSalud", "idParroquia", "idSalud") VALUES (97, 27, 69);
INSERT INTO "residuospeligrosos"."ParroquiaSalud" ("idParroquiaSalud", "idParroquia", "idSalud") VALUES (98, 28, 61);
INSERT INTO "residuospeligrosos"."ParroquiaSalud" ("idParroquiaSalud", "idParroquia", "idSalud") VALUES (99, 29, 105);
INSERT INTO "residuospeligrosos"."ParroquiaSalud" ("idParroquiaSalud", "idParroquia", "idSalud") VALUES (100, 30, 27);
INSERT INTO "residuospeligrosos"."ParroquiaSalud" ("idParroquiaSalud", "idParroquia", "idSalud") VALUES (101, 30, 76);
INSERT INTO "residuospeligrosos"."ParroquiaSalud" ("idParroquiaSalud", "idParroquia", "idSalud") VALUES (102, 31, 89);
INSERT INTO "residuospeligrosos"."ParroquiaSalud" ("idParroquiaSalud", "idParroquia", "idSalud") VALUES (103, 31, 44);
INSERT INTO "residuospeligrosos"."ParroquiaSalud" ("idParroquiaSalud", "idParroquia", "idSalud") VALUES (104, 31, 92);
INSERT INTO "residuospeligrosos"."ParroquiaSalud" ("idParroquiaSalud", "idParroquia", "idSalud") VALUES (105, 32, 15);
INSERT INTO "residuospeligrosos"."ParroquiaSalud" ("idParroquiaSalud", "idParroquia", "idSalud") VALUES (106, 32, 26);
INSERT INTO "residuospeligrosos"."ParroquiaSalud" ("idParroquiaSalud", "idParroquia", "idSalud") VALUES (107, 33, 90);
INSERT INTO "residuospeligrosos"."ParroquiaSalud" ("idParroquiaSalud", "idParroquia", "idSalud") VALUES (108, 33, 51);
INSERT INTO "residuospeligrosos"."ParroquiaSalud" ("idParroquiaSalud", "idParroquia", "idSalud") VALUES (109, 34, 79);
INSERT INTO "residuospeligrosos"."ParroquiaSalud" ("idParroquiaSalud", "idParroquia", "idSalud") VALUES (110, 35, 38);
INSERT INTO "residuospeligrosos"."ParroquiaSalud" ("idParroquiaSalud", "idParroquia", "idSalud") VALUES (111, 36, 26);
INSERT INTO "residuospeligrosos"."ParroquiaSalud" ("idParroquiaSalud", "idParroquia", "idSalud") VALUES (112, 37, 49);
INSERT INTO "residuospeligrosos"."ParroquiaSalud" ("idParroquiaSalud", "idParroquia", "idSalud") VALUES (113, 37, 93);
INSERT INTO "residuospeligrosos"."ParroquiaSalud" ("idParroquiaSalud", "idParroquia", "idSalud") VALUES (114, 38, 49);
INSERT INTO "residuospeligrosos"."ParroquiaSalud" ("idParroquiaSalud", "idParroquia", "idSalud") VALUES (115, 39, 44);
INSERT INTO "residuospeligrosos"."ParroquiaSalud" ("idParroquiaSalud", "idParroquia", "idSalud") VALUES (116, 39, 98);
INSERT INTO "residuospeligrosos"."ParroquiaSalud" ("idParroquiaSalud", "idParroquia", "idSalud") VALUES (117, 39, 24);
INSERT INTO "residuospeligrosos"."ParroquiaSalud" ("idParroquiaSalud", "idParroquia", "idSalud") VALUES (118, 40, 119);
INSERT INTO "residuospeligrosos"."ParroquiaSalud" ("idParroquiaSalud", "idParroquia", "idSalud") VALUES (119, 41, 101);
INSERT INTO "residuospeligrosos"."ParroquiaSalud" ("idParroquiaSalud", "idParroquia", "idSalud") VALUES (120, 42, 2);
INSERT INTO "residuospeligrosos"."ParroquiaSalud" ("idParroquiaSalud", "idParroquia", "idSalud") VALUES (121, 43, 38);
INSERT INTO "residuospeligrosos"."ParroquiaSalud" ("idParroquiaSalud", "idParroquia", "idSalud") VALUES (122, 44, 42);
INSERT INTO "residuospeligrosos"."ParroquiaSalud" ("idParroquiaSalud", "idParroquia", "idSalud") VALUES (123, 45, 83);
INSERT INTO "residuospeligrosos"."ParroquiaSalud" ("idParroquiaSalud", "idParroquia", "idSalud") VALUES (124, 45, 9);
INSERT INTO "residuospeligrosos"."ParroquiaSalud" ("idParroquiaSalud", "idParroquia", "idSalud") VALUES (125, 45, 21);
INSERT INTO "residuospeligrosos"."ParroquiaSalud" ("idParroquiaSalud", "idParroquia", "idSalud") VALUES (126, 46, 28);
INSERT INTO "residuospeligrosos"."ParroquiaSalud" ("idParroquiaSalud", "idParroquia", "idSalud") VALUES (127, 46, 90);
INSERT INTO "residuospeligrosos"."ParroquiaSalud" ("idParroquiaSalud", "idParroquia", "idSalud") VALUES (128, 47, 85);
INSERT INTO "residuospeligrosos"."ParroquiaSalud" ("idParroquiaSalud", "idParroquia", "idSalud") VALUES (129, 47, 102);
INSERT INTO "residuospeligrosos"."ParroquiaSalud" ("idParroquiaSalud", "idParroquia", "idSalud") VALUES (130, 47, 44);
INSERT INTO "residuospeligrosos"."ParroquiaSalud" ("idParroquiaSalud", "idParroquia", "idSalud") VALUES (131, 48, 74);
INSERT INTO "residuospeligrosos"."ParroquiaSalud" ("idParroquiaSalud", "idParroquia", "idSalud") VALUES (132, 49, 18);
INSERT INTO "residuospeligrosos"."ParroquiaSalud" ("idParroquiaSalud", "idParroquia", "idSalud") VALUES (133, 51, 115);
INSERT INTO "residuospeligrosos"."ParroquiaSalud" ("idParroquiaSalud", "idParroquia", "idSalud") VALUES (134, 51, 43);
INSERT INTO "residuospeligrosos"."ParroquiaSalud" ("idParroquiaSalud", "idParroquia", "idSalud") VALUES (135, 53, 75);
INSERT INTO "residuospeligrosos"."ParroquiaSalud" ("idParroquiaSalud", "idParroquia", "idSalud") VALUES (136, 53, 34);
INSERT INTO "residuospeligrosos"."ParroquiaSalud" ("idParroquiaSalud", "idParroquia", "idSalud") VALUES (137, 55, 89);
INSERT INTO "residuospeligrosos"."ParroquiaSalud" ("idParroquiaSalud", "idParroquia", "idSalud") VALUES (138, 56, 9);
INSERT INTO "residuospeligrosos"."ParroquiaSalud" ("idParroquiaSalud", "idParroquia", "idSalud") VALUES (139, 57, 65);
INSERT INTO "residuospeligrosos"."ParroquiaSalud" ("idParroquiaSalud", "idParroquia", "idSalud") VALUES (140, 58, 103);
INSERT INTO "residuospeligrosos"."ParroquiaSalud" ("idParroquiaSalud", "idParroquia", "idSalud") VALUES (141, 58, 95);
INSERT INTO "residuospeligrosos"."ParroquiaSalud" ("idParroquiaSalud", "idParroquia", "idSalud") VALUES (142, 58, 42);
INSERT INTO "residuospeligrosos"."ParroquiaSalud" ("idParroquiaSalud", "idParroquia", "idSalud") VALUES (143, 58, 113);
INSERT INTO "residuospeligrosos"."ParroquiaSalud" ("idParroquiaSalud", "idParroquia", "idSalud") VALUES (144, 58, 97);
INSERT INTO "residuospeligrosos"."ParroquiaSalud" ("idParroquiaSalud", "idParroquia", "idSalud") VALUES (145, 58, 79);
INSERT INTO "residuospeligrosos"."ParroquiaSalud" ("idParroquiaSalud", "idParroquia", "idSalud") VALUES (146, 58, 85);
INSERT INTO "residuospeligrosos"."ParroquiaSalud" ("idParroquiaSalud", "idParroquia", "idSalud") VALUES (147, 58, 71);
INSERT INTO "residuospeligrosos"."ParroquiaSalud" ("idParroquiaSalud", "idParroquia", "idSalud") VALUES (148, 58, 31);
INSERT INTO "residuospeligrosos"."ParroquiaSalud" ("idParroquiaSalud", "idParroquia", "idSalud") VALUES (149, 58, 37);
INSERT INTO "residuospeligrosos"."ParroquiaSalud" ("idParroquiaSalud", "idParroquia", "idSalud") VALUES (150, 58, 29);
INSERT INTO "residuospeligrosos"."ParroquiaSalud" ("idParroquiaSalud", "idParroquia", "idSalud") VALUES (151, 58, 49);
INSERT INTO "residuospeligrosos"."ParroquiaSalud" ("idParroquiaSalud", "idParroquia", "idSalud") VALUES (152, 58, 52);
INSERT INTO "residuospeligrosos"."ParroquiaSalud" ("idParroquiaSalud", "idParroquia", "idSalud") VALUES (153, 58, 84);
INSERT INTO "residuospeligrosos"."ParroquiaSalud" ("idParroquiaSalud", "idParroquia", "idSalud") VALUES (154, 59, 77);
INSERT INTO "residuospeligrosos"."ParroquiaSalud" ("idParroquiaSalud", "idParroquia", "idSalud") VALUES (155, 59, 28);
INSERT INTO "residuospeligrosos"."ParroquiaSalud" ("idParroquiaSalud", "idParroquia", "idSalud") VALUES (156, 59, 120);
INSERT INTO "residuospeligrosos"."ParroquiaSalud" ("idParroquiaSalud", "idParroquia", "idSalud") VALUES (157, 59, 48);
INSERT INTO "residuospeligrosos"."ParroquiaSalud" ("idParroquiaSalud", "idParroquia", "idSalud") VALUES (158, 59, 48);
INSERT INTO "residuospeligrosos"."ParroquiaSalud" ("idParroquiaSalud", "idParroquia", "idSalud") VALUES (159, 59, 120);
INSERT INTO "residuospeligrosos"."ParroquiaSalud" ("idParroquiaSalud", "idParroquia", "idSalud") VALUES (160, 59, 108);
INSERT INTO "residuospeligrosos"."ParroquiaSalud" ("idParroquiaSalud", "idParroquia", "idSalud") VALUES (161, 59, 105);
INSERT INTO "residuospeligrosos"."ParroquiaSalud" ("idParroquiaSalud", "idParroquia", "idSalud") VALUES (162, 59, 63);
INSERT INTO "residuospeligrosos"."ParroquiaSalud" ("idParroquiaSalud", "idParroquia", "idSalud") VALUES (163, 59, 45);
INSERT INTO "residuospeligrosos"."ParroquiaSalud" ("idParroquiaSalud", "idParroquia", "idSalud") VALUES (164, 59, 99);
INSERT INTO "residuospeligrosos"."ParroquiaSalud" ("idParroquiaSalud", "idParroquia", "idSalud") VALUES (165, 59, 105);
INSERT INTO "residuospeligrosos"."ParroquiaSalud" ("idParroquiaSalud", "idParroquia", "idSalud") VALUES (166, 59, 45);
INSERT INTO "residuospeligrosos"."ParroquiaSalud" ("idParroquiaSalud", "idParroquia", "idSalud") VALUES (167, 62, 80);
INSERT INTO "residuospeligrosos"."ParroquiaSalud" ("idParroquiaSalud", "idParroquia", "idSalud") VALUES (168, 63, 87);
INSERT INTO "residuospeligrosos"."ParroquiaSalud" ("idParroquiaSalud", "idParroquia", "idSalud") VALUES (169, 63, 9);
INSERT INTO "residuospeligrosos"."ParroquiaSalud" ("idParroquiaSalud", "idParroquia", "idSalud") VALUES (170, 63, 90);
INSERT INTO "residuospeligrosos"."ParroquiaSalud" ("idParroquiaSalud", "idParroquia", "idSalud") VALUES (171, 64, 66);
INSERT INTO "residuospeligrosos"."ParroquiaSalud" ("idParroquiaSalud", "idParroquia", "idSalud") VALUES (172, 64, 9);
INSERT INTO "residuospeligrosos"."ParroquiaSalud" ("idParroquiaSalud", "idParroquia", "idSalud") VALUES (173, 64, 104);
INSERT INTO "residuospeligrosos"."ParroquiaSalud" ("idParroquiaSalud", "idParroquia", "idSalud") VALUES (174, 64, 81);
INSERT INTO "residuospeligrosos"."ParroquiaSalud" ("idParroquiaSalud", "idParroquia", "idSalud") VALUES (175, 67, 10);
INSERT INTO "residuospeligrosos"."ParroquiaSalud" ("idParroquiaSalud", "idParroquia", "idSalud") VALUES (176, 67, 43);
INSERT INTO "residuospeligrosos"."ParroquiaSalud" ("idParroquiaSalud", "idParroquia", "idSalud") VALUES (177, 70, 17);
INSERT INTO "residuospeligrosos"."ParroquiaSalud" ("idParroquiaSalud", "idParroquia", "idSalud") VALUES (178, 70, 64);
INSERT INTO "residuospeligrosos"."ParroquiaSalud" ("idParroquiaSalud", "idParroquia", "idSalud") VALUES (179, 70, 55);
INSERT INTO "residuospeligrosos"."ParroquiaSalud" ("idParroquiaSalud", "idParroquia", "idSalud") VALUES (180, 70, 25);
INSERT INTO "residuospeligrosos"."ParroquiaSalud" ("idParroquiaSalud", "idParroquia", "idSalud") VALUES (181, 71, 9);
INSERT INTO "residuospeligrosos"."ParroquiaSalud" ("idParroquiaSalud", "idParroquia", "idSalud") VALUES (182, 71, 98);
INSERT INTO "residuospeligrosos"."ParroquiaSalud" ("idParroquiaSalud", "idParroquia", "idSalud") VALUES (183, 72, 7);
INSERT INTO "residuospeligrosos"."ParroquiaSalud" ("idParroquiaSalud", "idParroquia", "idSalud") VALUES (184, 73, 60);
INSERT INTO "residuospeligrosos"."ParroquiaSalud" ("idParroquiaSalud", "idParroquia", "idSalud") VALUES (185, 74, 72);
INSERT INTO "residuospeligrosos"."ParroquiaSalud" ("idParroquiaSalud", "idParroquia", "idSalud") VALUES (186, 74, 15);
INSERT INTO "residuospeligrosos"."ParroquiaSalud" ("idParroquiaSalud", "idParroquia", "idSalud") VALUES (187, 75, 77);
INSERT INTO "residuospeligrosos"."ParroquiaSalud" ("idParroquiaSalud", "idParroquia", "idSalud") VALUES (188, 75, 100);
INSERT INTO "residuospeligrosos"."ParroquiaSalud" ("idParroquiaSalud", "idParroquia", "idSalud") VALUES (189, 75, 96);
INSERT INTO "residuospeligrosos"."ParroquiaSalud" ("idParroquiaSalud", "idParroquia", "idSalud") VALUES (190, 75, 47);
INSERT INTO "residuospeligrosos"."ParroquiaSalud" ("idParroquiaSalud", "idParroquia", "idSalud") VALUES (191, 75, 120);
INSERT INTO "residuospeligrosos"."ParroquiaSalud" ("idParroquiaSalud", "idParroquia", "idSalud") VALUES (192, 77, 26);
INSERT INTO "residuospeligrosos"."ParroquiaSalud" ("idParroquiaSalud", "idParroquia", "idSalud") VALUES (193, 77, 43);
INSERT INTO "residuospeligrosos"."ParroquiaSalud" ("idParroquiaSalud", "idParroquia", "idSalud") VALUES (194, 77, 87);
INSERT INTO "residuospeligrosos"."ParroquiaSalud" ("idParroquiaSalud", "idParroquia", "idSalud") VALUES (195, 78, 15);
INSERT INTO "residuospeligrosos"."ParroquiaSalud" ("idParroquiaSalud", "idParroquia", "idSalud") VALUES (196, 78, 10);
INSERT INTO "residuospeligrosos"."ParroquiaSalud" ("idParroquiaSalud", "idParroquia", "idSalud") VALUES (197, 80, 69);
INSERT INTO "residuospeligrosos"."ParroquiaSalud" ("idParroquiaSalud", "idParroquia", "idSalud") VALUES (198, 82, 25);
INSERT INTO "residuospeligrosos"."ParroquiaSalud" ("idParroquiaSalud", "idParroquia", "idSalud") VALUES (199, 82, 28);
INSERT INTO "residuospeligrosos"."ParroquiaSalud" ("idParroquiaSalud", "idParroquia", "idSalud") VALUES (200, 82, 102);
INSERT INTO "residuospeligrosos"."ParroquiaSalud" ("idParroquiaSalud", "idParroquia", "idSalud") VALUES (201, 82, 17);
INSERT INTO "residuospeligrosos"."ParroquiaSalud" ("idParroquiaSalud", "idParroquia", "idSalud") VALUES (202, 82, 79);
INSERT INTO "residuospeligrosos"."ParroquiaSalud" ("idParroquiaSalud", "idParroquia", "idSalud") VALUES (203, 82, 21);
INSERT INTO "residuospeligrosos"."ParroquiaSalud" ("idParroquiaSalud", "idParroquia", "idSalud") VALUES (204, 82, 46);
INSERT INTO "residuospeligrosos"."ParroquiaSalud" ("idParroquiaSalud", "idParroquia", "idSalud") VALUES (205, 82, 120);
INSERT INTO "residuospeligrosos"."ParroquiaSalud" ("idParroquiaSalud", "idParroquia", "idSalud") VALUES (206, 82, 8);
INSERT INTO "residuospeligrosos"."ParroquiaSalud" ("idParroquiaSalud", "idParroquia", "idSalud") VALUES (207, 82, 56);
INSERT INTO "residuospeligrosos"."ParroquiaSalud" ("idParroquiaSalud", "idParroquia", "idSalud") VALUES (208, 82, 34);
INSERT INTO "residuospeligrosos"."ParroquiaSalud" ("idParroquiaSalud", "idParroquia", "idSalud") VALUES (209, 85, 46);
INSERT INTO "residuospeligrosos"."ParroquiaSalud" ("idParroquiaSalud", "idParroquia", "idSalud") VALUES (210, 85, 63);
INSERT INTO "residuospeligrosos"."ParroquiaSalud" ("idParroquiaSalud", "idParroquia", "idSalud") VALUES (211, 86, 68);
INSERT INTO "residuospeligrosos"."ParroquiaSalud" ("idParroquiaSalud", "idParroquia", "idSalud") VALUES (212, 87, 30);
INSERT INTO "residuospeligrosos"."ParroquiaSalud" ("idParroquiaSalud", "idParroquia", "idSalud") VALUES (213, 87, 31);
INSERT INTO "residuospeligrosos"."ParroquiaSalud" ("idParroquiaSalud", "idParroquia", "idSalud") VALUES (214, 89, 104);
INSERT INTO "residuospeligrosos"."ParroquiaSalud" ("idParroquiaSalud", "idParroquia", "idSalud") VALUES (215, 89, 84);
INSERT INTO "residuospeligrosos"."ParroquiaSalud" ("idParroquiaSalud", "idParroquia", "idSalud") VALUES (216, 89, 36);
INSERT INTO "residuospeligrosos"."ParroquiaSalud" ("idParroquiaSalud", "idParroquia", "idSalud") VALUES (217, 89, 74);
INSERT INTO "residuospeligrosos"."ParroquiaSalud" ("idParroquiaSalud", "idParroquia", "idSalud") VALUES (218, 91, 39);
INSERT INTO "residuospeligrosos"."ParroquiaSalud" ("idParroquiaSalud", "idParroquia", "idSalud") VALUES (219, 91, 120);
INSERT INTO "residuospeligrosos"."ParroquiaSalud" ("idParroquiaSalud", "idParroquia", "idSalud") VALUES (220, 93, 115);
INSERT INTO "residuospeligrosos"."ParroquiaSalud" ("idParroquiaSalud", "idParroquia", "idSalud") VALUES (221, 93, 45);
INSERT INTO "residuospeligrosos"."ParroquiaSalud" ("idParroquiaSalud", "idParroquia", "idSalud") VALUES (222, 93, 71);
INSERT INTO "residuospeligrosos"."ParroquiaSalud" ("idParroquiaSalud", "idParroquia", "idSalud") VALUES (223, 93, 5);
INSERT INTO "residuospeligrosos"."ParroquiaSalud" ("idParroquiaSalud", "idParroquia", "idSalud") VALUES (224, 125, 68);
INSERT INTO "residuospeligrosos"."ParroquiaSalud" ("idParroquiaSalud", "idParroquia", "idSalud") VALUES (225, 125, 4);
INSERT INTO "residuospeligrosos"."ParroquiaSalud" ("idParroquiaSalud", "idParroquia", "idSalud") VALUES (226, 125, 8);
INSERT INTO "residuospeligrosos"."ParroquiaSalud" ("idParroquiaSalud", "idParroquia", "idSalud") VALUES (227, 125, 78);
INSERT INTO "residuospeligrosos"."ParroquiaSalud" ("idParroquiaSalud", "idParroquia", "idSalud") VALUES (228, 125, 100);
INSERT INTO "residuospeligrosos"."ParroquiaSalud" ("idParroquiaSalud", "idParroquia", "idSalud") VALUES (229, 132, 6);
INSERT INTO "residuospeligrosos"."ParroquiaSalud" ("idParroquiaSalud", "idParroquia", "idSalud") VALUES (230, 136, 77);
INSERT INTO "residuospeligrosos"."ParroquiaSalud" ("idParroquiaSalud", "idParroquia", "idSalud") VALUES (231, 140, 89);
INSERT INTO "residuospeligrosos"."ParroquiaSalud" ("idParroquiaSalud", "idParroquia", "idSalud") VALUES (232, 140, 18);
INSERT INTO "residuospeligrosos"."ParroquiaSalud" ("idParroquiaSalud", "idParroquia", "idSalud") VALUES (233, 140, 89);
INSERT INTO "residuospeligrosos"."ParroquiaSalud" ("idParroquiaSalud", "idParroquia", "idSalud") VALUES (234, 140, 2);
INSERT INTO "residuospeligrosos"."ParroquiaSalud" ("idParroquiaSalud", "idParroquia", "idSalud") VALUES (235, 143, 20);
INSERT INTO "residuospeligrosos"."ParroquiaSalud" ("idParroquiaSalud", "idParroquia", "idSalud") VALUES (236, 143, 111);
INSERT INTO "residuospeligrosos"."ParroquiaSalud" ("idParroquiaSalud", "idParroquia", "idSalud") VALUES (237, 143, 56);
INSERT INTO "residuospeligrosos"."ParroquiaSalud" ("idParroquiaSalud", "idParroquia", "idSalud") VALUES (238, 143, 95);
INSERT INTO "residuospeligrosos"."ParroquiaSalud" ("idParroquiaSalud", "idParroquia", "idSalud") VALUES (239, 144, 61);
INSERT INTO "residuospeligrosos"."ParroquiaSalud" ("idParroquiaSalud", "idParroquia", "idSalud") VALUES (240, 144, 96);
INSERT INTO "residuospeligrosos"."ParroquiaSalud" ("idParroquiaSalud", "idParroquia", "idSalud") VALUES (241, 147, 31);
INSERT INTO "residuospeligrosos"."ParroquiaSalud" ("idParroquiaSalud", "idParroquia", "idSalud") VALUES (242, 147, 47);
INSERT INTO "residuospeligrosos"."ParroquiaSalud" ("idParroquiaSalud", "idParroquia", "idSalud") VALUES (243, 147, 87);
INSERT INTO "residuospeligrosos"."ParroquiaSalud" ("idParroquiaSalud", "idParroquia", "idSalud") VALUES (244, 147, 88);
INSERT INTO "residuospeligrosos"."ParroquiaSalud" ("idParroquiaSalud", "idParroquia", "idSalud") VALUES (245, 147, 28);
INSERT INTO "residuospeligrosos"."ParroquiaSalud" ("idParroquiaSalud", "idParroquia", "idSalud") VALUES (246, 147, 31);
INSERT INTO "residuospeligrosos"."ParroquiaSalud" ("idParroquiaSalud", "idParroquia", "idSalud") VALUES (247, 147, 102);
INSERT INTO "residuospeligrosos"."ParroquiaSalud" ("idParroquiaSalud", "idParroquia", "idSalud") VALUES (248, 147, 4);
INSERT INTO "residuospeligrosos"."ParroquiaSalud" ("idParroquiaSalud", "idParroquia", "idSalud") VALUES (249, 147, 7);
INSERT INTO "residuospeligrosos"."ParroquiaSalud" ("idParroquiaSalud", "idParroquia", "idSalud") VALUES (250, 147, 44);
INSERT INTO "residuospeligrosos"."ParroquiaSalud" ("idParroquiaSalud", "idParroquia", "idSalud") VALUES (251, 147, 111);
INSERT INTO "residuospeligrosos"."ParroquiaSalud" ("idParroquiaSalud", "idParroquia", "idSalud") VALUES (252, 147, 44);
INSERT INTO "residuospeligrosos"."ParroquiaSalud" ("idParroquiaSalud", "idParroquia", "idSalud") VALUES (253, 148, 15);
INSERT INTO "residuospeligrosos"."ParroquiaSalud" ("idParroquiaSalud", "idParroquia", "idSalud") VALUES (254, 148, 112);
INSERT INTO "residuospeligrosos"."ParroquiaSalud" ("idParroquiaSalud", "idParroquia", "idSalud") VALUES (255, 148, 38);
INSERT INTO "residuospeligrosos"."ParroquiaSalud" ("idParroquiaSalud", "idParroquia", "idSalud") VALUES (256, 148, 105);
INSERT INTO "residuospeligrosos"."ParroquiaSalud" ("idParroquiaSalud", "idParroquia", "idSalud") VALUES (257, 149, 19);
INSERT INTO "residuospeligrosos"."ParroquiaSalud" ("idParroquiaSalud", "idParroquia", "idSalud") VALUES (258, 149, 72);
INSERT INTO "residuospeligrosos"."ParroquiaSalud" ("idParroquiaSalud", "idParroquia", "idSalud") VALUES (259, 155, 36);
INSERT INTO "residuospeligrosos"."ParroquiaSalud" ("idParroquiaSalud", "idParroquia", "idSalud") VALUES (260, 156, 114);
INSERT INTO "residuospeligrosos"."ParroquiaSalud" ("idParroquiaSalud", "idParroquia", "idSalud") VALUES (261, 156, 48);
INSERT INTO "residuospeligrosos"."ParroquiaSalud" ("idParroquiaSalud", "idParroquia", "idSalud") VALUES (262, 159, 43);
INSERT INTO "residuospeligrosos"."ParroquiaSalud" ("idParroquiaSalud", "idParroquia", "idSalud") VALUES (263, 159, 111);
INSERT INTO "residuospeligrosos"."ParroquiaSalud" ("idParroquiaSalud", "idParroquia", "idSalud") VALUES (264, 159, 74);
INSERT INTO "residuospeligrosos"."ParroquiaSalud" ("idParroquiaSalud", "idParroquia", "idSalud") VALUES (265, 160, 7);
INSERT INTO "residuospeligrosos"."ParroquiaSalud" ("idParroquiaSalud", "idParroquia", "idSalud") VALUES (266, 162, 63);
INSERT INTO "residuospeligrosos"."ParroquiaSalud" ("idParroquiaSalud", "idParroquia", "idSalud") VALUES (267, 162, 41);
INSERT INTO "residuospeligrosos"."ParroquiaSalud" ("idParroquiaSalud", "idParroquia", "idSalud") VALUES (268, 170, 52);
INSERT INTO "residuospeligrosos"."ParroquiaSalud" ("idParroquiaSalud", "idParroquia", "idSalud") VALUES (269, 178, 112);
INSERT INTO "residuospeligrosos"."ParroquiaSalud" ("idParroquiaSalud", "idParroquia", "idSalud") VALUES (270, 178, 16);
INSERT INTO "residuospeligrosos"."ParroquiaSalud" ("idParroquiaSalud", "idParroquia", "idSalud") VALUES (271, 184, 91);
INSERT INTO "residuospeligrosos"."ParroquiaSalud" ("idParroquiaSalud", "idParroquia", "idSalud") VALUES (272, 184, 22);
INSERT INTO "residuospeligrosos"."ParroquiaSalud" ("idParroquiaSalud", "idParroquia", "idSalud") VALUES (273, 184, 111);
INSERT INTO "residuospeligrosos"."ParroquiaSalud" ("idParroquiaSalud", "idParroquia", "idSalud") VALUES (274, 184, 93);
INSERT INTO "residuospeligrosos"."ParroquiaSalud" ("idParroquiaSalud", "idParroquia", "idSalud") VALUES (275, 188, 115);
INSERT INTO "residuospeligrosos"."ParroquiaSalud" ("idParroquiaSalud", "idParroquia", "idSalud") VALUES (276, 188, 110);
INSERT INTO "residuospeligrosos"."ParroquiaSalud" ("idParroquiaSalud", "idParroquia", "idSalud") VALUES (277, 188, 81);
INSERT INTO "residuospeligrosos"."ParroquiaSalud" ("idParroquiaSalud", "idParroquia", "idSalud") VALUES (278, 188, 66);
INSERT INTO "residuospeligrosos"."ParroquiaSalud" ("idParroquiaSalud", "idParroquia", "idSalud") VALUES (279, 188, 89);
INSERT INTO "residuospeligrosos"."ParroquiaSalud" ("idParroquiaSalud", "idParroquia", "idSalud") VALUES (280, 188, 20);
INSERT INTO "residuospeligrosos"."ParroquiaSalud" ("idParroquiaSalud", "idParroquia", "idSalud") VALUES (281, 188, 2);
INSERT INTO "residuospeligrosos"."ParroquiaSalud" ("idParroquiaSalud", "idParroquia", "idSalud") VALUES (282, 188, 13);
INSERT INTO "residuospeligrosos"."ParroquiaSalud" ("idParroquiaSalud", "idParroquia", "idSalud") VALUES (283, 188, 71);
INSERT INTO "residuospeligrosos"."ParroquiaSalud" ("idParroquiaSalud", "idParroquia", "idSalud") VALUES (284, 199, 60);
INSERT INTO "residuospeligrosos"."ParroquiaSalud" ("idParroquiaSalud", "idParroquia", "idSalud") VALUES (285, 199, 50);
INSERT INTO "residuospeligrosos"."ParroquiaSalud" ("idParroquiaSalud", "idParroquia", "idSalud") VALUES (286, 201, 69);
INSERT INTO "residuospeligrosos"."ParroquiaSalud" ("idParroquiaSalud", "idParroquia", "idSalud") VALUES (287, 201, 99);
INSERT INTO "residuospeligrosos"."ParroquiaSalud" ("idParroquiaSalud", "idParroquia", "idSalud") VALUES (288, 227, 24);
INSERT INTO "residuospeligrosos"."ParroquiaSalud" ("idParroquiaSalud", "idParroquia", "idSalud") VALUES (289, 227, 118);
INSERT INTO "residuospeligrosos"."ParroquiaSalud" ("idParroquiaSalud", "idParroquia", "idSalud") VALUES (290, 227, 36);
INSERT INTO "residuospeligrosos"."ParroquiaSalud" ("idParroquiaSalud", "idParroquia", "idSalud") VALUES (291, 227, 92);
INSERT INTO "residuospeligrosos"."ParroquiaSalud" ("idParroquiaSalud", "idParroquia", "idSalud") VALUES (292, 229, 17);
INSERT INTO "residuospeligrosos"."ParroquiaSalud" ("idParroquiaSalud", "idParroquia", "idSalud") VALUES (293, 229, 25);
INSERT INTO "residuospeligrosos"."ParroquiaSalud" ("idParroquiaSalud", "idParroquia", "idSalud") VALUES (294, 229, 99);
INSERT INTO "residuospeligrosos"."ParroquiaSalud" ("idParroquiaSalud", "idParroquia", "idSalud") VALUES (295, 229, 75);
INSERT INTO "residuospeligrosos"."ParroquiaSalud" ("idParroquiaSalud", "idParroquia", "idSalud") VALUES (296, 229, 40);
INSERT INTO "residuospeligrosos"."ParroquiaSalud" ("idParroquiaSalud", "idParroquia", "idSalud") VALUES (297, 229, 109);
INSERT INTO "residuospeligrosos"."ParroquiaSalud" ("idParroquiaSalud", "idParroquia", "idSalud") VALUES (298, 229, 11);
INSERT INTO "residuospeligrosos"."ParroquiaSalud" ("idParroquiaSalud", "idParroquia", "idSalud") VALUES (299, 229, 97);
INSERT INTO "residuospeligrosos"."ParroquiaSalud" ("idParroquiaSalud", "idParroquia", "idSalud") VALUES (300, 229, 48);
INSERT INTO "residuospeligrosos"."ParroquiaSalud" ("idParroquiaSalud", "idParroquia", "idSalud") VALUES (301, 229, 39);
INSERT INTO "residuospeligrosos"."ParroquiaSalud" ("idParroquiaSalud", "idParroquia", "idSalud") VALUES (302, 229, 81);
INSERT INTO "residuospeligrosos"."ParroquiaSalud" ("idParroquiaSalud", "idParroquia", "idSalud") VALUES (303, 229, 18);
INSERT INTO "residuospeligrosos"."ParroquiaSalud" ("idParroquiaSalud", "idParroquia", "idSalud") VALUES (304, 229, 64);
INSERT INTO "residuospeligrosos"."ParroquiaSalud" ("idParroquiaSalud", "idParroquia", "idSalud") VALUES (305, 233, 10);
INSERT INTO "residuospeligrosos"."ParroquiaSalud" ("idParroquiaSalud", "idParroquia", "idSalud") VALUES (306, 242, 6);
INSERT INTO "residuospeligrosos"."ParroquiaSalud" ("idParroquiaSalud", "idParroquia", "idSalud") VALUES (307, 242, 88);
INSERT INTO "residuospeligrosos"."ParroquiaSalud" ("idParroquiaSalud", "idParroquia", "idSalud") VALUES (308, 247, 43);
INSERT INTO "residuospeligrosos"."ParroquiaSalud" ("idParroquiaSalud", "idParroquia", "idSalud") VALUES (309, 250, 93);
INSERT INTO "residuospeligrosos"."ParroquiaSalud" ("idParroquiaSalud", "idParroquia", "idSalud") VALUES (310, 250, 74);
INSERT INTO "residuospeligrosos"."ParroquiaSalud" ("idParroquiaSalud", "idParroquia", "idSalud") VALUES (311, 258, 24);
INSERT INTO "residuospeligrosos"."ParroquiaSalud" ("idParroquiaSalud", "idParroquia", "idSalud") VALUES (312, 259, 42);
INSERT INTO "residuospeligrosos"."ParroquiaSalud" ("idParroquiaSalud", "idParroquia", "idSalud") VALUES (313, 259, 118);
INSERT INTO "residuospeligrosos"."ParroquiaSalud" ("idParroquiaSalud", "idParroquia", "idSalud") VALUES (314, 259, 75);
INSERT INTO "residuospeligrosos"."ParroquiaSalud" ("idParroquiaSalud", "idParroquia", "idSalud") VALUES (315, 259, 31);
INSERT INTO "residuospeligrosos"."ParroquiaSalud" ("idParroquiaSalud", "idParroquia", "idSalud") VALUES (316, 259, 27);
INSERT INTO "residuospeligrosos"."ParroquiaSalud" ("idParroquiaSalud", "idParroquia", "idSalud") VALUES (317, 260, 20);
INSERT INTO "residuospeligrosos"."ParroquiaSalud" ("idParroquiaSalud", "idParroquia", "idSalud") VALUES (318, 260, 9);
INSERT INTO "residuospeligrosos"."ParroquiaSalud" ("idParroquiaSalud", "idParroquia", "idSalud") VALUES (319, 260, 13);
INSERT INTO "residuospeligrosos"."ParroquiaSalud" ("idParroquiaSalud", "idParroquia", "idSalud") VALUES (320, 263, 55);
INSERT INTO "residuospeligrosos"."ParroquiaSalud" ("idParroquiaSalud", "idParroquia", "idSalud") VALUES (321, 263, 7);
INSERT INTO "residuospeligrosos"."ParroquiaSalud" ("idParroquiaSalud", "idParroquia", "idSalud") VALUES (322, 263, 43);
INSERT INTO "residuospeligrosos"."ParroquiaSalud" ("idParroquiaSalud", "idParroquia", "idSalud") VALUES (323, 264, 116);
INSERT INTO "residuospeligrosos"."ParroquiaSalud" ("idParroquiaSalud", "idParroquia", "idSalud") VALUES (324, 276, 21);
INSERT INTO "residuospeligrosos"."ParroquiaSalud" ("idParroquiaSalud", "idParroquia", "idSalud") VALUES (325, 276, 83);
INSERT INTO "residuospeligrosos"."ParroquiaSalud" ("idParroquiaSalud", "idParroquia", "idSalud") VALUES (326, 277, 29);
INSERT INTO "residuospeligrosos"."ParroquiaSalud" ("idParroquiaSalud", "idParroquia", "idSalud") VALUES (327, 277, 20);
INSERT INTO "residuospeligrosos"."ParroquiaSalud" ("idParroquiaSalud", "idParroquia", "idSalud") VALUES (328, 277, 94);
INSERT INTO "residuospeligrosos"."ParroquiaSalud" ("idParroquiaSalud", "idParroquia", "idSalud") VALUES (329, 294, 7);
INSERT INTO "residuospeligrosos"."ParroquiaSalud" ("idParroquiaSalud", "idParroquia", "idSalud") VALUES (330, 294, 29);
INSERT INTO "residuospeligrosos"."ParroquiaSalud" ("idParroquiaSalud", "idParroquia", "idSalud") VALUES (331, 296, 107);
INSERT INTO "residuospeligrosos"."ParroquiaSalud" ("idParroquiaSalud", "idParroquia", "idSalud") VALUES (332, 307, 48);
INSERT INTO "residuospeligrosos"."ParroquiaSalud" ("idParroquiaSalud", "idParroquia", "idSalud") VALUES (333, 307, 70);
INSERT INTO "residuospeligrosos"."ParroquiaSalud" ("idParroquiaSalud", "idParroquia", "idSalud") VALUES (334, 316, 50);
INSERT INTO "residuospeligrosos"."ParroquiaSalud" ("idParroquiaSalud", "idParroquia", "idSalud") VALUES (335, 316, 115);
INSERT INTO "residuospeligrosos"."ParroquiaSalud" ("idParroquiaSalud", "idParroquia", "idSalud") VALUES (336, 325, 11);
INSERT INTO "residuospeligrosos"."ParroquiaSalud" ("idParroquiaSalud", "idParroquia", "idSalud") VALUES (337, 325, 67);
INSERT INTO "residuospeligrosos"."ParroquiaSalud" ("idParroquiaSalud", "idParroquia", "idSalud") VALUES (338, 325, 104);
INSERT INTO "residuospeligrosos"."ParroquiaSalud" ("idParroquiaSalud", "idParroquia", "idSalud") VALUES (339, 325, 27);
INSERT INTO "residuospeligrosos"."ParroquiaSalud" ("idParroquiaSalud", "idParroquia", "idSalud") VALUES (340, 325, 80);
INSERT INTO "residuospeligrosos"."ParroquiaSalud" ("idParroquiaSalud", "idParroquia", "idSalud") VALUES (341, 325, 64);
INSERT INTO "residuospeligrosos"."ParroquiaSalud" ("idParroquiaSalud", "idParroquia", "idSalud") VALUES (342, 325, 61);
INSERT INTO "residuospeligrosos"."ParroquiaSalud" ("idParroquiaSalud", "idParroquia", "idSalud") VALUES (343, 325, 31);
INSERT INTO "residuospeligrosos"."ParroquiaSalud" ("idParroquiaSalud", "idParroquia", "idSalud") VALUES (344, 325, 100);
INSERT INTO "residuospeligrosos"."ParroquiaSalud" ("idParroquiaSalud", "idParroquia", "idSalud") VALUES (345, 325, 76);
INSERT INTO "residuospeligrosos"."ParroquiaSalud" ("idParroquiaSalud", "idParroquia", "idSalud") VALUES (346, 325, 14);
INSERT INTO "residuospeligrosos"."ParroquiaSalud" ("idParroquiaSalud", "idParroquia", "idSalud") VALUES (347, 325, 111);
INSERT INTO "residuospeligrosos"."ParroquiaSalud" ("idParroquiaSalud", "idParroquia", "idSalud") VALUES (348, 325, 107);
INSERT INTO "residuospeligrosos"."ParroquiaSalud" ("idParroquiaSalud", "idParroquia", "idSalud") VALUES (349, 325, 66);
INSERT INTO "residuospeligrosos"."ParroquiaSalud" ("idParroquiaSalud", "idParroquia", "idSalud") VALUES (350, 325, 96);
INSERT INTO "residuospeligrosos"."ParroquiaSalud" ("idParroquiaSalud", "idParroquia", "idSalud") VALUES (351, 325, 81);
INSERT INTO "residuospeligrosos"."ParroquiaSalud" ("idParroquiaSalud", "idParroquia", "idSalud") VALUES (352, 325, 30);
INSERT INTO "residuospeligrosos"."ParroquiaSalud" ("idParroquiaSalud", "idParroquia", "idSalud") VALUES (353, 325, 98);
INSERT INTO "residuospeligrosos"."ParroquiaSalud" ("idParroquiaSalud", "idParroquia", "idSalud") VALUES (354, 325, 96);
INSERT INTO "residuospeligrosos"."ParroquiaSalud" ("idParroquiaSalud", "idParroquia", "idSalud") VALUES (355, 325, 32);
INSERT INTO "residuospeligrosos"."ParroquiaSalud" ("idParroquiaSalud", "idParroquia", "idSalud") VALUES (356, 325, 28);
INSERT INTO "residuospeligrosos"."ParroquiaSalud" ("idParroquiaSalud", "idParroquia", "idSalud") VALUES (357, 325, 61);
INSERT INTO "residuospeligrosos"."ParroquiaSalud" ("idParroquiaSalud", "idParroquia", "idSalud") VALUES (358, 325, 80);
INSERT INTO "residuospeligrosos"."ParroquiaSalud" ("idParroquiaSalud", "idParroquia", "idSalud") VALUES (359, 325, 78);
INSERT INTO "residuospeligrosos"."ParroquiaSalud" ("idParroquiaSalud", "idParroquia", "idSalud") VALUES (360, 325, 63);
INSERT INTO "residuospeligrosos"."ParroquiaSalud" ("idParroquiaSalud", "idParroquia", "idSalud") VALUES (361, 325, 71);
INSERT INTO "residuospeligrosos"."ParroquiaSalud" ("idParroquiaSalud", "idParroquia", "idSalud") VALUES (362, 325, 32);
INSERT INTO "residuospeligrosos"."ParroquiaSalud" ("idParroquiaSalud", "idParroquia", "idSalud") VALUES (363, 325, 72);
INSERT INTO "residuospeligrosos"."ParroquiaSalud" ("idParroquiaSalud", "idParroquia", "idSalud") VALUES (364, 325, 34);
INSERT INTO "residuospeligrosos"."ParroquiaSalud" ("idParroquiaSalud", "idParroquia", "idSalud") VALUES (365, 325, 114);
INSERT INTO "residuospeligrosos"."ParroquiaSalud" ("idParroquiaSalud", "idParroquia", "idSalud") VALUES (366, 325, 114);
INSERT INTO "residuospeligrosos"."ParroquiaSalud" ("idParroquiaSalud", "idParroquia", "idSalud") VALUES (367, 325, 36);
INSERT INTO "residuospeligrosos"."ParroquiaSalud" ("idParroquiaSalud", "idParroquia", "idSalud") VALUES (368, 325, 24);
INSERT INTO "residuospeligrosos"."ParroquiaSalud" ("idParroquiaSalud", "idParroquia", "idSalud") VALUES (369, 325, 54);
INSERT INTO "residuospeligrosos"."ParroquiaSalud" ("idParroquiaSalud", "idParroquia", "idSalud") VALUES (370, 325, 63);
INSERT INTO "residuospeligrosos"."ParroquiaSalud" ("idParroquiaSalud", "idParroquia", "idSalud") VALUES (371, 325, 112);
INSERT INTO "residuospeligrosos"."ParroquiaSalud" ("idParroquiaSalud", "idParroquia", "idSalud") VALUES (372, 325, 63);
INSERT INTO "residuospeligrosos"."ParroquiaSalud" ("idParroquiaSalud", "idParroquia", "idSalud") VALUES (373, 325, 60);
INSERT INTO "residuospeligrosos"."ParroquiaSalud" ("idParroquiaSalud", "idParroquia", "idSalud") VALUES (374, 325, 97);
INSERT INTO "residuospeligrosos"."ParroquiaSalud" ("idParroquiaSalud", "idParroquia", "idSalud") VALUES (375, 325, 16);
INSERT INTO "residuospeligrosos"."ParroquiaSalud" ("idParroquiaSalud", "idParroquia", "idSalud") VALUES (376, 325, 75);
INSERT INTO "residuospeligrosos"."ParroquiaSalud" ("idParroquiaSalud", "idParroquia", "idSalud") VALUES (377, 325, 108);
INSERT INTO "residuospeligrosos"."ParroquiaSalud" ("idParroquiaSalud", "idParroquia", "idSalud") VALUES (378, 325, 18);
INSERT INTO "residuospeligrosos"."ParroquiaSalud" ("idParroquiaSalud", "idParroquia", "idSalud") VALUES (379, 325, 97);
INSERT INTO "residuospeligrosos"."ParroquiaSalud" ("idParroquiaSalud", "idParroquia", "idSalud") VALUES (380, 325, 67);
INSERT INTO "residuospeligrosos"."ParroquiaSalud" ("idParroquiaSalud", "idParroquia", "idSalud") VALUES (381, 325, 46);
INSERT INTO "residuospeligrosos"."ParroquiaSalud" ("idParroquiaSalud", "idParroquia", "idSalud") VALUES (382, 325, 94);
INSERT INTO "residuospeligrosos"."ParroquiaSalud" ("idParroquiaSalud", "idParroquia", "idSalud") VALUES (383, 325, 2);
INSERT INTO "residuospeligrosos"."ParroquiaSalud" ("idParroquiaSalud", "idParroquia", "idSalud") VALUES (384, 325, 91);
INSERT INTO "residuospeligrosos"."ParroquiaSalud" ("idParroquiaSalud", "idParroquia", "idSalud") VALUES (385, 325, 112);
INSERT INTO "residuospeligrosos"."ParroquiaSalud" ("idParroquiaSalud", "idParroquia", "idSalud") VALUES (386, 325, 19);
INSERT INTO "residuospeligrosos"."ParroquiaSalud" ("idParroquiaSalud", "idParroquia", "idSalud") VALUES (387, 325, 12);
INSERT INTO "residuospeligrosos"."ParroquiaSalud" ("idParroquiaSalud", "idParroquia", "idSalud") VALUES (388, 325, 34);
INSERT INTO "residuospeligrosos"."ParroquiaSalud" ("idParroquiaSalud", "idParroquia", "idSalud") VALUES (389, 325, 40);
INSERT INTO "residuospeligrosos"."ParroquiaSalud" ("idParroquiaSalud", "idParroquia", "idSalud") VALUES (390, 325, 61);
INSERT INTO "residuospeligrosos"."ParroquiaSalud" ("idParroquiaSalud", "idParroquia", "idSalud") VALUES (391, 325, 65);
INSERT INTO "residuospeligrosos"."ParroquiaSalud" ("idParroquiaSalud", "idParroquia", "idSalud") VALUES (392, 329, 7);
INSERT INTO "residuospeligrosos"."ParroquiaSalud" ("idParroquiaSalud", "idParroquia", "idSalud") VALUES (393, 329, 76);
INSERT INTO "residuospeligrosos"."ParroquiaSalud" ("idParroquiaSalud", "idParroquia", "idSalud") VALUES (394, 329, 5);
INSERT INTO "residuospeligrosos"."ParroquiaSalud" ("idParroquiaSalud", "idParroquia", "idSalud") VALUES (395, 333, 68);
INSERT INTO "residuospeligrosos"."ParroquiaSalud" ("idParroquiaSalud", "idParroquia", "idSalud") VALUES (396, 333, 63);
INSERT INTO "residuospeligrosos"."ParroquiaSalud" ("idParroquiaSalud", "idParroquia", "idSalud") VALUES (397, 333, 68);
INSERT INTO "residuospeligrosos"."ParroquiaSalud" ("idParroquiaSalud", "idParroquia", "idSalud") VALUES (398, 333, 58);
INSERT INTO "residuospeligrosos"."ParroquiaSalud" ("idParroquiaSalud", "idParroquia", "idSalud") VALUES (399, 336, 19);
INSERT INTO "residuospeligrosos"."ParroquiaSalud" ("idParroquiaSalud", "idParroquia", "idSalud") VALUES (400, 336, 82);
INSERT INTO "residuospeligrosos"."ParroquiaSalud" ("idParroquiaSalud", "idParroquia", "idSalud") VALUES (401, 336, 14);
INSERT INTO "residuospeligrosos"."ParroquiaSalud" ("idParroquiaSalud", "idParroquia", "idSalud") VALUES (402, 336, 108);
INSERT INTO "residuospeligrosos"."ParroquiaSalud" ("idParroquiaSalud", "idParroquia", "idSalud") VALUES (403, 336, 108);
INSERT INTO "residuospeligrosos"."ParroquiaSalud" ("idParroquiaSalud", "idParroquia", "idSalud") VALUES (404, 336, 75);
INSERT INTO "residuospeligrosos"."ParroquiaSalud" ("idParroquiaSalud", "idParroquia", "idSalud") VALUES (405, 336, 19);
INSERT INTO "residuospeligrosos"."ParroquiaSalud" ("idParroquiaSalud", "idParroquia", "idSalud") VALUES (406, 336, 87);
INSERT INTO "residuospeligrosos"."ParroquiaSalud" ("idParroquiaSalud", "idParroquia", "idSalud") VALUES (407, 336, 115);
INSERT INTO "residuospeligrosos"."ParroquiaSalud" ("idParroquiaSalud", "idParroquia", "idSalud") VALUES (408, 342, 17);
INSERT INTO "residuospeligrosos"."ParroquiaSalud" ("idParroquiaSalud", "idParroquia", "idSalud") VALUES (409, 342, 49);
INSERT INTO "residuospeligrosos"."ParroquiaSalud" ("idParroquiaSalud", "idParroquia", "idSalud") VALUES (410, 342, 87);
INSERT INTO "residuospeligrosos"."ParroquiaSalud" ("idParroquiaSalud", "idParroquia", "idSalud") VALUES (411, 342, 66);
INSERT INTO "residuospeligrosos"."ParroquiaSalud" ("idParroquiaSalud", "idParroquia", "idSalud") VALUES (412, 342, 82);
INSERT INTO "residuospeligrosos"."ParroquiaSalud" ("idParroquiaSalud", "idParroquia", "idSalud") VALUES (413, 342, 66);
INSERT INTO "residuospeligrosos"."ParroquiaSalud" ("idParroquiaSalud", "idParroquia", "idSalud") VALUES (414, 347, 89);
INSERT INTO "residuospeligrosos"."ParroquiaSalud" ("idParroquiaSalud", "idParroquia", "idSalud") VALUES (415, 351, 3);
INSERT INTO "residuospeligrosos"."ParroquiaSalud" ("idParroquiaSalud", "idParroquia", "idSalud") VALUES (416, 356, 13);
INSERT INTO "residuospeligrosos"."ParroquiaSalud" ("idParroquiaSalud", "idParroquia", "idSalud") VALUES (417, 356, 105);
INSERT INTO "residuospeligrosos"."ParroquiaSalud" ("idParroquiaSalud", "idParroquia", "idSalud") VALUES (418, 364, 119);
INSERT INTO "residuospeligrosos"."ParroquiaSalud" ("idParroquiaSalud", "idParroquia", "idSalud") VALUES (419, 369, 19);
INSERT INTO "residuospeligrosos"."ParroquiaSalud" ("idParroquiaSalud", "idParroquia", "idSalud") VALUES (420, 369, 51);
INSERT INTO "residuospeligrosos"."ParroquiaSalud" ("idParroquiaSalud", "idParroquia", "idSalud") VALUES (421, 369, 74);
INSERT INTO "residuospeligrosos"."ParroquiaSalud" ("idParroquiaSalud", "idParroquia", "idSalud") VALUES (422, 373, 23);
INSERT INTO "residuospeligrosos"."ParroquiaSalud" ("idParroquiaSalud", "idParroquia", "idSalud") VALUES (423, 385, 13);
INSERT INTO "residuospeligrosos"."ParroquiaSalud" ("idParroquiaSalud", "idParroquia", "idSalud") VALUES (424, 385, 100);
INSERT INTO "residuospeligrosos"."ParroquiaSalud" ("idParroquiaSalud", "idParroquia", "idSalud") VALUES (425, 385, 56);
INSERT INTO "residuospeligrosos"."ParroquiaSalud" ("idParroquiaSalud", "idParroquia", "idSalud") VALUES (426, 385, 70);
INSERT INTO "residuospeligrosos"."ParroquiaSalud" ("idParroquiaSalud", "idParroquia", "idSalud") VALUES (427, 385, 57);
INSERT INTO "residuospeligrosos"."ParroquiaSalud" ("idParroquiaSalud", "idParroquia", "idSalud") VALUES (428, 388, 78);
INSERT INTO "residuospeligrosos"."ParroquiaSalud" ("idParroquiaSalud", "idParroquia", "idSalud") VALUES (429, 388, 66);
INSERT INTO "residuospeligrosos"."ParroquiaSalud" ("idParroquiaSalud", "idParroquia", "idSalud") VALUES (430, 388, 39);
INSERT INTO "residuospeligrosos"."ParroquiaSalud" ("idParroquiaSalud", "idParroquia", "idSalud") VALUES (431, 400, 26);
INSERT INTO "residuospeligrosos"."ParroquiaSalud" ("idParroquiaSalud", "idParroquia", "idSalud") VALUES (432, 409, 33);
INSERT INTO "residuospeligrosos"."ParroquiaSalud" ("idParroquiaSalud", "idParroquia", "idSalud") VALUES (433, 410, 43);
INSERT INTO "residuospeligrosos"."ParroquiaSalud" ("idParroquiaSalud", "idParroquia", "idSalud") VALUES (434, 410, 53);
INSERT INTO "residuospeligrosos"."ParroquiaSalud" ("idParroquiaSalud", "idParroquia", "idSalud") VALUES (435, 426, 33);
INSERT INTO "residuospeligrosos"."ParroquiaSalud" ("idParroquiaSalud", "idParroquia", "idSalud") VALUES (436, 426, 64);
INSERT INTO "residuospeligrosos"."ParroquiaSalud" ("idParroquiaSalud", "idParroquia", "idSalud") VALUES (437, 426, 67);
INSERT INTO "residuospeligrosos"."ParroquiaSalud" ("idParroquiaSalud", "idParroquia", "idSalud") VALUES (438, 426, 59);
INSERT INTO "residuospeligrosos"."ParroquiaSalud" ("idParroquiaSalud", "idParroquia", "idSalud") VALUES (439, 426, 29);
INSERT INTO "residuospeligrosos"."ParroquiaSalud" ("idParroquiaSalud", "idParroquia", "idSalud") VALUES (440, 426, 5);
INSERT INTO "residuospeligrosos"."ParroquiaSalud" ("idParroquiaSalud", "idParroquia", "idSalud") VALUES (441, 426, 109);
INSERT INTO "residuospeligrosos"."ParroquiaSalud" ("idParroquiaSalud", "idParroquia", "idSalud") VALUES (442, 426, 57);
INSERT INTO "residuospeligrosos"."ParroquiaSalud" ("idParroquiaSalud", "idParroquia", "idSalud") VALUES (443, 426, 85);
INSERT INTO "residuospeligrosos"."ParroquiaSalud" ("idParroquiaSalud", "idParroquia", "idSalud") VALUES (444, 426, 27);
INSERT INTO "residuospeligrosos"."ParroquiaSalud" ("idParroquiaSalud", "idParroquia", "idSalud") VALUES (445, 426, 4);
INSERT INTO "residuospeligrosos"."ParroquiaSalud" ("idParroquiaSalud", "idParroquia", "idSalud") VALUES (446, 426, 99);
INSERT INTO "residuospeligrosos"."ParroquiaSalud" ("idParroquiaSalud", "idParroquia", "idSalud") VALUES (447, 426, 41);
INSERT INTO "residuospeligrosos"."ParroquiaSalud" ("idParroquiaSalud", "idParroquia", "idSalud") VALUES (448, 426, 43);
INSERT INTO "residuospeligrosos"."ParroquiaSalud" ("idParroquiaSalud", "idParroquia", "idSalud") VALUES (449, 426, 18);
INSERT INTO "residuospeligrosos"."ParroquiaSalud" ("idParroquiaSalud", "idParroquia", "idSalud") VALUES (450, 426, 42);
INSERT INTO "residuospeligrosos"."ParroquiaSalud" ("idParroquiaSalud", "idParroquia", "idSalud") VALUES (451, 426, 62);
INSERT INTO "residuospeligrosos"."ParroquiaSalud" ("idParroquiaSalud", "idParroquia", "idSalud") VALUES (452, 426, 50);
INSERT INTO "residuospeligrosos"."ParroquiaSalud" ("idParroquiaSalud", "idParroquia", "idSalud") VALUES (453, 426, 8);
INSERT INTO "residuospeligrosos"."ParroquiaSalud" ("idParroquiaSalud", "idParroquia", "idSalud") VALUES (454, 426, 68);
INSERT INTO "residuospeligrosos"."ParroquiaSalud" ("idParroquiaSalud", "idParroquia", "idSalud") VALUES (455, 426, 36);
INSERT INTO "residuospeligrosos"."ParroquiaSalud" ("idParroquiaSalud", "idParroquia", "idSalud") VALUES (456, 426, 43);
INSERT INTO "residuospeligrosos"."ParroquiaSalud" ("idParroquiaSalud", "idParroquia", "idSalud") VALUES (457, 430, 23);
INSERT INTO "residuospeligrosos"."ParroquiaSalud" ("idParroquiaSalud", "idParroquia", "idSalud") VALUES (458, 430, 60);
INSERT INTO "residuospeligrosos"."ParroquiaSalud" ("idParroquiaSalud", "idParroquia", "idSalud") VALUES (459, 430, 34);
INSERT INTO "residuospeligrosos"."ParroquiaSalud" ("idParroquiaSalud", "idParroquia", "idSalud") VALUES (460, 433, 10);
INSERT INTO "residuospeligrosos"."ParroquiaSalud" ("idParroquiaSalud", "idParroquia", "idSalud") VALUES (461, 433, 57);
INSERT INTO "residuospeligrosos"."ParroquiaSalud" ("idParroquiaSalud", "idParroquia", "idSalud") VALUES (462, 433, 11);
INSERT INTO "residuospeligrosos"."ParroquiaSalud" ("idParroquiaSalud", "idParroquia", "idSalud") VALUES (463, 442, 6);
INSERT INTO "residuospeligrosos"."ParroquiaSalud" ("idParroquiaSalud", "idParroquia", "idSalud") VALUES (464, 446, 82);
INSERT INTO "residuospeligrosos"."ParroquiaSalud" ("idParroquiaSalud", "idParroquia", "idSalud") VALUES (465, 451, 68);
INSERT INTO "residuospeligrosos"."ParroquiaSalud" ("idParroquiaSalud", "idParroquia", "idSalud") VALUES (466, 468, 10);
INSERT INTO "residuospeligrosos"."ParroquiaSalud" ("idParroquiaSalud", "idParroquia", "idSalud") VALUES (467, 468, 92);
INSERT INTO "residuospeligrosos"."ParroquiaSalud" ("idParroquiaSalud", "idParroquia", "idSalud") VALUES (468, 468, 118);
INSERT INTO "residuospeligrosos"."ParroquiaSalud" ("idParroquiaSalud", "idParroquia", "idSalud") VALUES (469, 468, 27);
INSERT INTO "residuospeligrosos"."ParroquiaSalud" ("idParroquiaSalud", "idParroquia", "idSalud") VALUES (470, 483, 3);
INSERT INTO "residuospeligrosos"."ParroquiaSalud" ("idParroquiaSalud", "idParroquia", "idSalud") VALUES (471, 483, 97);
INSERT INTO "residuospeligrosos"."ParroquiaSalud" ("idParroquiaSalud", "idParroquia", "idSalud") VALUES (472, 493, 89);
INSERT INTO "residuospeligrosos"."ParroquiaSalud" ("idParroquiaSalud", "idParroquia", "idSalud") VALUES (473, 493, 111);
INSERT INTO "residuospeligrosos"."ParroquiaSalud" ("idParroquiaSalud", "idParroquia", "idSalud") VALUES (474, 493, 102);
INSERT INTO "residuospeligrosos"."ParroquiaSalud" ("idParroquiaSalud", "idParroquia", "idSalud") VALUES (475, 497, 83);
INSERT INTO "residuospeligrosos"."ParroquiaSalud" ("idParroquiaSalud", "idParroquia", "idSalud") VALUES (476, 497, 46);
INSERT INTO "residuospeligrosos"."ParroquiaSalud" ("idParroquiaSalud", "idParroquia", "idSalud") VALUES (477, 497, 8);
INSERT INTO "residuospeligrosos"."ParroquiaSalud" ("idParroquiaSalud", "idParroquia", "idSalud") VALUES (478, 497, 15);
INSERT INTO "residuospeligrosos"."ParroquiaSalud" ("idParroquiaSalud", "idParroquia", "idSalud") VALUES (479, 497, 113);
INSERT INTO "residuospeligrosos"."ParroquiaSalud" ("idParroquiaSalud", "idParroquia", "idSalud") VALUES (480, 497, 52);
INSERT INTO "residuospeligrosos"."ParroquiaSalud" ("idParroquiaSalud", "idParroquia", "idSalud") VALUES (481, 497, 74);
INSERT INTO "residuospeligrosos"."ParroquiaSalud" ("idParroquiaSalud", "idParroquia", "idSalud") VALUES (482, 497, 32);
INSERT INTO "residuospeligrosos"."ParroquiaSalud" ("idParroquiaSalud", "idParroquia", "idSalud") VALUES (483, 497, 47);
INSERT INTO "residuospeligrosos"."ParroquiaSalud" ("idParroquiaSalud", "idParroquia", "idSalud") VALUES (484, 497, 113);
INSERT INTO "residuospeligrosos"."ParroquiaSalud" ("idParroquiaSalud", "idParroquia", "idSalud") VALUES (485, 497, 18);
INSERT INTO "residuospeligrosos"."ParroquiaSalud" ("idParroquiaSalud", "idParroquia", "idSalud") VALUES (486, 497, 7);
INSERT INTO "residuospeligrosos"."ParroquiaSalud" ("idParroquiaSalud", "idParroquia", "idSalud") VALUES (487, 497, 50);
INSERT INTO "residuospeligrosos"."ParroquiaSalud" ("idParroquiaSalud", "idParroquia", "idSalud") VALUES (488, 497, 51);
INSERT INTO "residuospeligrosos"."ParroquiaSalud" ("idParroquiaSalud", "idParroquia", "idSalud") VALUES (489, 497, 40);
INSERT INTO "residuospeligrosos"."ParroquiaSalud" ("idParroquiaSalud", "idParroquia", "idSalud") VALUES (490, 497, 22);
INSERT INTO "residuospeligrosos"."ParroquiaSalud" ("idParroquiaSalud", "idParroquia", "idSalud") VALUES (491, 500, 25);
INSERT INTO "residuospeligrosos"."ParroquiaSalud" ("idParroquiaSalud", "idParroquia", "idSalud") VALUES (492, 500, 75);
INSERT INTO "residuospeligrosos"."ParroquiaSalud" ("idParroquiaSalud", "idParroquia", "idSalud") VALUES (493, 500, 113);
INSERT INTO "residuospeligrosos"."ParroquiaSalud" ("idParroquiaSalud", "idParroquia", "idSalud") VALUES (494, 500, 50);
INSERT INTO "residuospeligrosos"."ParroquiaSalud" ("idParroquiaSalud", "idParroquia", "idSalud") VALUES (495, 500, 56);
INSERT INTO "residuospeligrosos"."ParroquiaSalud" ("idParroquiaSalud", "idParroquia", "idSalud") VALUES (496, 500, 87);
INSERT INTO "residuospeligrosos"."ParroquiaSalud" ("idParroquiaSalud", "idParroquia", "idSalud") VALUES (497, 500, 107);
INSERT INTO "residuospeligrosos"."ParroquiaSalud" ("idParroquiaSalud", "idParroquia", "idSalud") VALUES (498, 503, 25);
INSERT INTO "residuospeligrosos"."ParroquiaSalud" ("idParroquiaSalud", "idParroquia", "idSalud") VALUES (499, 503, 79);
INSERT INTO "residuospeligrosos"."ParroquiaSalud" ("idParroquiaSalud", "idParroquia", "idSalud") VALUES (500, 503, 45);
INSERT INTO "residuospeligrosos"."ParroquiaSalud" ("idParroquiaSalud", "idParroquia", "idSalud") VALUES (501, 510, 8);
INSERT INTO "residuospeligrosos"."ParroquiaSalud" ("idParroquiaSalud", "idParroquia", "idSalud") VALUES (502, 510, 10);
INSERT INTO "residuospeligrosos"."ParroquiaSalud" ("idParroquiaSalud", "idParroquia", "idSalud") VALUES (503, 510, 93);
INSERT INTO "residuospeligrosos"."ParroquiaSalud" ("idParroquiaSalud", "idParroquia", "idSalud") VALUES (504, 511, 107);
INSERT INTO "residuospeligrosos"."ParroquiaSalud" ("idParroquiaSalud", "idParroquia", "idSalud") VALUES (505, 512, 27);
INSERT INTO "residuospeligrosos"."ParroquiaSalud" ("idParroquiaSalud", "idParroquia", "idSalud") VALUES (506, 512, 48);
INSERT INTO "residuospeligrosos"."ParroquiaSalud" ("idParroquiaSalud", "idParroquia", "idSalud") VALUES (507, 513, 23);
INSERT INTO "residuospeligrosos"."ParroquiaSalud" ("idParroquiaSalud", "idParroquia", "idSalud") VALUES (508, 513, 31);
INSERT INTO "residuospeligrosos"."ParroquiaSalud" ("idParroquiaSalud", "idParroquia", "idSalud") VALUES (509, 513, 92);
INSERT INTO "residuospeligrosos"."ParroquiaSalud" ("idParroquiaSalud", "idParroquia", "idSalud") VALUES (510, 513, 3);
INSERT INTO "residuospeligrosos"."ParroquiaSalud" ("idParroquiaSalud", "idParroquia", "idSalud") VALUES (511, 514, 51);
INSERT INTO "residuospeligrosos"."ParroquiaSalud" ("idParroquiaSalud", "idParroquia", "idSalud") VALUES (512, 514, 105);
INSERT INTO "residuospeligrosos"."ParroquiaSalud" ("idParroquiaSalud", "idParroquia", "idSalud") VALUES (513, 515, 77);
INSERT INTO "residuospeligrosos"."ParroquiaSalud" ("idParroquiaSalud", "idParroquia", "idSalud") VALUES (514, 515, 115);
INSERT INTO "residuospeligrosos"."ParroquiaSalud" ("idParroquiaSalud", "idParroquia", "idSalud") VALUES (515, 515, 75);
INSERT INTO "residuospeligrosos"."ParroquiaSalud" ("idParroquiaSalud", "idParroquia", "idSalud") VALUES (516, 515, 29);
INSERT INTO "residuospeligrosos"."ParroquiaSalud" ("idParroquiaSalud", "idParroquia", "idSalud") VALUES (517, 517, 34);
INSERT INTO "residuospeligrosos"."ParroquiaSalud" ("idParroquiaSalud", "idParroquia", "idSalud") VALUES (518, 517, 82);
INSERT INTO "residuospeligrosos"."ParroquiaSalud" ("idParroquiaSalud", "idParroquia", "idSalud") VALUES (519, 519, 106);
INSERT INTO "residuospeligrosos"."ParroquiaSalud" ("idParroquiaSalud", "idParroquia", "idSalud") VALUES (520, 519, 70);
INSERT INTO "residuospeligrosos"."ParroquiaSalud" ("idParroquiaSalud", "idParroquia", "idSalud") VALUES (521, 522, 29);
INSERT INTO "residuospeligrosos"."ParroquiaSalud" ("idParroquiaSalud", "idParroquia", "idSalud") VALUES (522, 522, 114);
INSERT INTO "residuospeligrosos"."ParroquiaSalud" ("idParroquiaSalud", "idParroquia", "idSalud") VALUES (523, 526, 19);
INSERT INTO "residuospeligrosos"."ParroquiaSalud" ("idParroquiaSalud", "idParroquia", "idSalud") VALUES (524, 526, 47);
INSERT INTO "residuospeligrosos"."ParroquiaSalud" ("idParroquiaSalud", "idParroquia", "idSalud") VALUES (525, 526, 93);
INSERT INTO "residuospeligrosos"."ParroquiaSalud" ("idParroquiaSalud", "idParroquia", "idSalud") VALUES (526, 526, 108);
INSERT INTO "residuospeligrosos"."ParroquiaSalud" ("idParroquiaSalud", "idParroquia", "idSalud") VALUES (527, 526, 41);
INSERT INTO "residuospeligrosos"."ParroquiaSalud" ("idParroquiaSalud", "idParroquia", "idSalud") VALUES (528, 526, 113);
INSERT INTO "residuospeligrosos"."ParroquiaSalud" ("idParroquiaSalud", "idParroquia", "idSalud") VALUES (529, 526, 94);
INSERT INTO "residuospeligrosos"."ParroquiaSalud" ("idParroquiaSalud", "idParroquia", "idSalud") VALUES (530, 528, 23);
INSERT INTO "residuospeligrosos"."ParroquiaSalud" ("idParroquiaSalud", "idParroquia", "idSalud") VALUES (531, 528, 76);
INSERT INTO "residuospeligrosos"."ParroquiaSalud" ("idParroquiaSalud", "idParroquia", "idSalud") VALUES (532, 528, 58);
INSERT INTO "residuospeligrosos"."ParroquiaSalud" ("idParroquiaSalud", "idParroquia", "idSalud") VALUES (533, 528, 120);
INSERT INTO "residuospeligrosos"."ParroquiaSalud" ("idParroquiaSalud", "idParroquia", "idSalud") VALUES (534, 528, 82);
INSERT INTO "residuospeligrosos"."ParroquiaSalud" ("idParroquiaSalud", "idParroquia", "idSalud") VALUES (535, 528, 107);
INSERT INTO "residuospeligrosos"."ParroquiaSalud" ("idParroquiaSalud", "idParroquia", "idSalud") VALUES (536, 528, 52);
INSERT INTO "residuospeligrosos"."ParroquiaSalud" ("idParroquiaSalud", "idParroquia", "idSalud") VALUES (537, 528, 89);
INSERT INTO "residuospeligrosos"."ParroquiaSalud" ("idParroquiaSalud", "idParroquia", "idSalud") VALUES (538, 528, 8);
INSERT INTO "residuospeligrosos"."ParroquiaSalud" ("idParroquiaSalud", "idParroquia", "idSalud") VALUES (539, 528, 77);
INSERT INTO "residuospeligrosos"."ParroquiaSalud" ("idParroquiaSalud", "idParroquia", "idSalud") VALUES (540, 528, 50);
INSERT INTO "residuospeligrosos"."ParroquiaSalud" ("idParroquiaSalud", "idParroquia", "idSalud") VALUES (541, 528, 51);
INSERT INTO "residuospeligrosos"."ParroquiaSalud" ("idParroquiaSalud", "idParroquia", "idSalud") VALUES (542, 528, 48);
INSERT INTO "residuospeligrosos"."ParroquiaSalud" ("idParroquiaSalud", "idParroquia", "idSalud") VALUES (543, 528, 114);
INSERT INTO "residuospeligrosos"."ParroquiaSalud" ("idParroquiaSalud", "idParroquia", "idSalud") VALUES (544, 529, 7);
INSERT INTO "residuospeligrosos"."ParroquiaSalud" ("idParroquiaSalud", "idParroquia", "idSalud") VALUES (545, 529, 85);
INSERT INTO "residuospeligrosos"."ParroquiaSalud" ("idParroquiaSalud", "idParroquia", "idSalud") VALUES (546, 529, 114);
INSERT INTO "residuospeligrosos"."ParroquiaSalud" ("idParroquiaSalud", "idParroquia", "idSalud") VALUES (547, 529, 41);
INSERT INTO "residuospeligrosos"."ParroquiaSalud" ("idParroquiaSalud", "idParroquia", "idSalud") VALUES (548, 529, 25);
INSERT INTO "residuospeligrosos"."ParroquiaSalud" ("idParroquiaSalud", "idParroquia", "idSalud") VALUES (549, 529, 27);
INSERT INTO "residuospeligrosos"."ParroquiaSalud" ("idParroquiaSalud", "idParroquia", "idSalud") VALUES (550, 533, 30);
INSERT INTO "residuospeligrosos"."ParroquiaSalud" ("idParroquiaSalud", "idParroquia", "idSalud") VALUES (551, 533, 31);
INSERT INTO "residuospeligrosos"."ParroquiaSalud" ("idParroquiaSalud", "idParroquia", "idSalud") VALUES (552, 534, 12);
INSERT INTO "residuospeligrosos"."ParroquiaSalud" ("idParroquiaSalud", "idParroquia", "idSalud") VALUES (553, 534, 104);
INSERT INTO "residuospeligrosos"."ParroquiaSalud" ("idParroquiaSalud", "idParroquia", "idSalud") VALUES (554, 535, 3);
INSERT INTO "residuospeligrosos"."ParroquiaSalud" ("idParroquiaSalud", "idParroquia", "idSalud") VALUES (555, 537, 13);
INSERT INTO "residuospeligrosos"."ParroquiaSalud" ("idParroquiaSalud", "idParroquia", "idSalud") VALUES (556, 537, 34);
INSERT INTO "residuospeligrosos"."ParroquiaSalud" ("idParroquiaSalud", "idParroquia", "idSalud") VALUES (557, 538, 56);
INSERT INTO "residuospeligrosos"."ParroquiaSalud" ("idParroquiaSalud", "idParroquia", "idSalud") VALUES (558, 538, 89);
INSERT INTO "residuospeligrosos"."ParroquiaSalud" ("idParroquiaSalud", "idParroquia", "idSalud") VALUES (559, 541, 47);
INSERT INTO "residuospeligrosos"."ParroquiaSalud" ("idParroquiaSalud", "idParroquia", "idSalud") VALUES (560, 542, 9);
INSERT INTO "residuospeligrosos"."ParroquiaSalud" ("idParroquiaSalud", "idParroquia", "idSalud") VALUES (561, 542, 61);
INSERT INTO "residuospeligrosos"."ParroquiaSalud" ("idParroquiaSalud", "idParroquia", "idSalud") VALUES (562, 543, 23);
INSERT INTO "residuospeligrosos"."ParroquiaSalud" ("idParroquiaSalud", "idParroquia", "idSalud") VALUES (563, 543, 7);
INSERT INTO "residuospeligrosos"."ParroquiaSalud" ("idParroquiaSalud", "idParroquia", "idSalud") VALUES (564, 545, 103);
INSERT INTO "residuospeligrosos"."ParroquiaSalud" ("idParroquiaSalud", "idParroquia", "idSalud") VALUES (565, 545, 64);
INSERT INTO "residuospeligrosos"."ParroquiaSalud" ("idParroquiaSalud", "idParroquia", "idSalud") VALUES (566, 545, 88);
INSERT INTO "residuospeligrosos"."ParroquiaSalud" ("idParroquiaSalud", "idParroquia", "idSalud") VALUES (567, 546, 108);
INSERT INTO "residuospeligrosos"."ParroquiaSalud" ("idParroquiaSalud", "idParroquia", "idSalud") VALUES (568, 546, 26);
INSERT INTO "residuospeligrosos"."ParroquiaSalud" ("idParroquiaSalud", "idParroquia", "idSalud") VALUES (569, 546, 72);
INSERT INTO "residuospeligrosos"."ParroquiaSalud" ("idParroquiaSalud", "idParroquia", "idSalud") VALUES (570, 546, 5);
INSERT INTO "residuospeligrosos"."ParroquiaSalud" ("idParroquiaSalud", "idParroquia", "idSalud") VALUES (571, 546, 52);
INSERT INTO "residuospeligrosos"."ParroquiaSalud" ("idParroquiaSalud", "idParroquia", "idSalud") VALUES (572, 546, 48);
INSERT INTO "residuospeligrosos"."ParroquiaSalud" ("idParroquiaSalud", "idParroquia", "idSalud") VALUES (573, 548, 118);
INSERT INTO "residuospeligrosos"."ParroquiaSalud" ("idParroquiaSalud", "idParroquia", "idSalud") VALUES (574, 548, 88);
INSERT INTO "residuospeligrosos"."ParroquiaSalud" ("idParroquiaSalud", "idParroquia", "idSalud") VALUES (575, 554, 86);
INSERT INTO "residuospeligrosos"."ParroquiaSalud" ("idParroquiaSalud", "idParroquia", "idSalud") VALUES (576, 554, 3);
INSERT INTO "residuospeligrosos"."ParroquiaSalud" ("idParroquiaSalud", "idParroquia", "idSalud") VALUES (577, 554, 54);
INSERT INTO "residuospeligrosos"."ParroquiaSalud" ("idParroquiaSalud", "idParroquia", "idSalud") VALUES (578, 554, 32);
INSERT INTO "residuospeligrosos"."ParroquiaSalud" ("idParroquiaSalud", "idParroquia", "idSalud") VALUES (579, 555, 74);
INSERT INTO "residuospeligrosos"."ParroquiaSalud" ("idParroquiaSalud", "idParroquia", "idSalud") VALUES (580, 555, 7);
INSERT INTO "residuospeligrosos"."ParroquiaSalud" ("idParroquiaSalud", "idParroquia", "idSalud") VALUES (581, 555, 75);
INSERT INTO "residuospeligrosos"."ParroquiaSalud" ("idParroquiaSalud", "idParroquia", "idSalud") VALUES (582, 562, 28);
INSERT INTO "residuospeligrosos"."ParroquiaSalud" ("idParroquiaSalud", "idParroquia", "idSalud") VALUES (583, 563, 43);
INSERT INTO "residuospeligrosos"."ParroquiaSalud" ("idParroquiaSalud", "idParroquia", "idSalud") VALUES (584, 565, 17);
INSERT INTO "residuospeligrosos"."ParroquiaSalud" ("idParroquiaSalud", "idParroquia", "idSalud") VALUES (585, 565, 75);
INSERT INTO "residuospeligrosos"."ParroquiaSalud" ("idParroquiaSalud", "idParroquia", "idSalud") VALUES (586, 565, 16);
INSERT INTO "residuospeligrosos"."ParroquiaSalud" ("idParroquiaSalud", "idParroquia", "idSalud") VALUES (587, 566, 105);
INSERT INTO "residuospeligrosos"."ParroquiaSalud" ("idParroquiaSalud", "idParroquia", "idSalud") VALUES (588, 566, 30);
INSERT INTO "residuospeligrosos"."ParroquiaSalud" ("idParroquiaSalud", "idParroquia", "idSalud") VALUES (589, 567, 76);
INSERT INTO "residuospeligrosos"."ParroquiaSalud" ("idParroquiaSalud", "idParroquia", "idSalud") VALUES (590, 567, 62);
INSERT INTO "residuospeligrosos"."ParroquiaSalud" ("idParroquiaSalud", "idParroquia", "idSalud") VALUES (591, 568, 120);
INSERT INTO "residuospeligrosos"."ParroquiaSalud" ("idParroquiaSalud", "idParroquia", "idSalud") VALUES (592, 568, 9);
INSERT INTO "residuospeligrosos"."ParroquiaSalud" ("idParroquiaSalud", "idParroquia", "idSalud") VALUES (593, 569, 16);
INSERT INTO "residuospeligrosos"."ParroquiaSalud" ("idParroquiaSalud", "idParroquia", "idSalud") VALUES (594, 569, 68);
INSERT INTO "residuospeligrosos"."ParroquiaSalud" ("idParroquiaSalud", "idParroquia", "idSalud") VALUES (595, 572, 84);
INSERT INTO "residuospeligrosos"."ParroquiaSalud" ("idParroquiaSalud", "idParroquia", "idSalud") VALUES (596, 577, 34);
INSERT INTO "residuospeligrosos"."ParroquiaSalud" ("idParroquiaSalud", "idParroquia", "idSalud") VALUES (597, 577, 4);
INSERT INTO "residuospeligrosos"."ParroquiaSalud" ("idParroquiaSalud", "idParroquia", "idSalud") VALUES (598, 577, 35);
INSERT INTO "residuospeligrosos"."ParroquiaSalud" ("idParroquiaSalud", "idParroquia", "idSalud") VALUES (599, 577, 66);
INSERT INTO "residuospeligrosos"."ParroquiaSalud" ("idParroquiaSalud", "idParroquia", "idSalud") VALUES (600, 577, 25);
INSERT INTO "residuospeligrosos"."ParroquiaSalud" ("idParroquiaSalud", "idParroquia", "idSalud") VALUES (601, 577, 76);
INSERT INTO "residuospeligrosos"."ParroquiaSalud" ("idParroquiaSalud", "idParroquia", "idSalud") VALUES (602, 580, 48);
INSERT INTO "residuospeligrosos"."ParroquiaSalud" ("idParroquiaSalud", "idParroquia", "idSalud") VALUES (603, 580, 107);
INSERT INTO "residuospeligrosos"."ParroquiaSalud" ("idParroquiaSalud", "idParroquia", "idSalud") VALUES (604, 582, 109);
INSERT INTO "residuospeligrosos"."ParroquiaSalud" ("idParroquiaSalud", "idParroquia", "idSalud") VALUES (605, 582, 99);
INSERT INTO "residuospeligrosos"."ParroquiaSalud" ("idParroquiaSalud", "idParroquia", "idSalud") VALUES (606, 582, 89);
INSERT INTO "residuospeligrosos"."ParroquiaSalud" ("idParroquiaSalud", "idParroquia", "idSalud") VALUES (607, 582, 61);
INSERT INTO "residuospeligrosos"."ParroquiaSalud" ("idParroquiaSalud", "idParroquia", "idSalud") VALUES (608, 582, 46);
INSERT INTO "residuospeligrosos"."ParroquiaSalud" ("idParroquiaSalud", "idParroquia", "idSalud") VALUES (609, 582, 99);
INSERT INTO "residuospeligrosos"."ParroquiaSalud" ("idParroquiaSalud", "idParroquia", "idSalud") VALUES (610, 582, 53);
INSERT INTO "residuospeligrosos"."ParroquiaSalud" ("idParroquiaSalud", "idParroquia", "idSalud") VALUES (611, 582, 84);
INSERT INTO "residuospeligrosos"."ParroquiaSalud" ("idParroquiaSalud", "idParroquia", "idSalud") VALUES (612, 582, 73);
INSERT INTO "residuospeligrosos"."ParroquiaSalud" ("idParroquiaSalud", "idParroquia", "idSalud") VALUES (613, 583, 116);
INSERT INTO "residuospeligrosos"."ParroquiaSalud" ("idParroquiaSalud", "idParroquia", "idSalud") VALUES (614, 585, 92);
INSERT INTO "residuospeligrosos"."ParroquiaSalud" ("idParroquiaSalud", "idParroquia", "idSalud") VALUES (615, 585, 51);
INSERT INTO "residuospeligrosos"."ParroquiaSalud" ("idParroquiaSalud", "idParroquia", "idSalud") VALUES (616, 589, 88);
INSERT INTO "residuospeligrosos"."ParroquiaSalud" ("idParroquiaSalud", "idParroquia", "idSalud") VALUES (617, 589, 71);
INSERT INTO "residuospeligrosos"."ParroquiaSalud" ("idParroquiaSalud", "idParroquia", "idSalud") VALUES (618, 589, 14);
INSERT INTO "residuospeligrosos"."ParroquiaSalud" ("idParroquiaSalud", "idParroquia", "idSalud") VALUES (619, 589, 87);
INSERT INTO "residuospeligrosos"."ParroquiaSalud" ("idParroquiaSalud", "idParroquia", "idSalud") VALUES (620, 589, 35);
INSERT INTO "residuospeligrosos"."ParroquiaSalud" ("idParroquiaSalud", "idParroquia", "idSalud") VALUES (621, 589, 19);
INSERT INTO "residuospeligrosos"."ParroquiaSalud" ("idParroquiaSalud", "idParroquia", "idSalud") VALUES (622, 589, 100);
INSERT INTO "residuospeligrosos"."ParroquiaSalud" ("idParroquiaSalud", "idParroquia", "idSalud") VALUES (623, 589, 100);
INSERT INTO "residuospeligrosos"."ParroquiaSalud" ("idParroquiaSalud", "idParroquia", "idSalud") VALUES (624, 593, 103);
INSERT INTO "residuospeligrosos"."ParroquiaSalud" ("idParroquiaSalud", "idParroquia", "idSalud") VALUES (625, 593, 33);
INSERT INTO "residuospeligrosos"."ParroquiaSalud" ("idParroquiaSalud", "idParroquia", "idSalud") VALUES (626, 593, 16);
INSERT INTO "residuospeligrosos"."ParroquiaSalud" ("idParroquiaSalud", "idParroquia", "idSalud") VALUES (627, 593, 73);
INSERT INTO "residuospeligrosos"."ParroquiaSalud" ("idParroquiaSalud", "idParroquia", "idSalud") VALUES (628, 593, 56);
INSERT INTO "residuospeligrosos"."ParroquiaSalud" ("idParroquiaSalud", "idParroquia", "idSalud") VALUES (629, 593, 105);
INSERT INTO "residuospeligrosos"."ParroquiaSalud" ("idParroquiaSalud", "idParroquia", "idSalud") VALUES (630, 593, 110);
INSERT INTO "residuospeligrosos"."ParroquiaSalud" ("idParroquiaSalud", "idParroquia", "idSalud") VALUES (631, 596, 1);
INSERT INTO "residuospeligrosos"."ParroquiaSalud" ("idParroquiaSalud", "idParroquia", "idSalud") VALUES (632, 596, 92);
INSERT INTO "residuospeligrosos"."ParroquiaSalud" ("idParroquiaSalud", "idParroquia", "idSalud") VALUES (633, 598, 116);
INSERT INTO "residuospeligrosos"."ParroquiaSalud" ("idParroquiaSalud", "idParroquia", "idSalud") VALUES (634, 600, 82);
INSERT INTO "residuospeligrosos"."ParroquiaSalud" ("idParroquiaSalud", "idParroquia", "idSalud") VALUES (635, 608, 56);
INSERT INTO "residuospeligrosos"."ParroquiaSalud" ("idParroquiaSalud", "idParroquia", "idSalud") VALUES (636, 608, 84);
INSERT INTO "residuospeligrosos"."ParroquiaSalud" ("idParroquiaSalud", "idParroquia", "idSalud") VALUES (637, 608, 70);
INSERT INTO "residuospeligrosos"."ParroquiaSalud" ("idParroquiaSalud", "idParroquia", "idSalud") VALUES (638, 609, 88);
INSERT INTO "residuospeligrosos"."ParroquiaSalud" ("idParroquiaSalud", "idParroquia", "idSalud") VALUES (639, 609, 101);
INSERT INTO "residuospeligrosos"."ParroquiaSalud" ("idParroquiaSalud", "idParroquia", "idSalud") VALUES (640, 611, 106);
INSERT INTO "residuospeligrosos"."ParroquiaSalud" ("idParroquiaSalud", "idParroquia", "idSalud") VALUES (641, 611, 5);
INSERT INTO "residuospeligrosos"."ParroquiaSalud" ("idParroquiaSalud", "idParroquia", "idSalud") VALUES (642, 611, 83);
INSERT INTO "residuospeligrosos"."ParroquiaSalud" ("idParroquiaSalud", "idParroquia", "idSalud") VALUES (643, 612, 5);
INSERT INTO "residuospeligrosos"."ParroquiaSalud" ("idParroquiaSalud", "idParroquia", "idSalud") VALUES (644, 612, 65);
INSERT INTO "residuospeligrosos"."ParroquiaSalud" ("idParroquiaSalud", "idParroquia", "idSalud") VALUES (645, 618, 50);
INSERT INTO "residuospeligrosos"."ParroquiaSalud" ("idParroquiaSalud", "idParroquia", "idSalud") VALUES (646, 618, 102);
INSERT INTO "residuospeligrosos"."ParroquiaSalud" ("idParroquiaSalud", "idParroquia", "idSalud") VALUES (647, 621, 109);
INSERT INTO "residuospeligrosos"."ParroquiaSalud" ("idParroquiaSalud", "idParroquia", "idSalud") VALUES (648, 621, 103);
INSERT INTO "residuospeligrosos"."ParroquiaSalud" ("idParroquiaSalud", "idParroquia", "idSalud") VALUES (649, 624, 32);
INSERT INTO "residuospeligrosos"."ParroquiaSalud" ("idParroquiaSalud", "idParroquia", "idSalud") VALUES (650, 624, 71);
INSERT INTO "residuospeligrosos"."ParroquiaSalud" ("idParroquiaSalud", "idParroquia", "idSalud") VALUES (651, 624, 75);
INSERT INTO "residuospeligrosos"."ParroquiaSalud" ("idParroquiaSalud", "idParroquia", "idSalud") VALUES (652, 624, 56);
INSERT INTO "residuospeligrosos"."ParroquiaSalud" ("idParroquiaSalud", "idParroquia", "idSalud") VALUES (653, 625, 118);
INSERT INTO "residuospeligrosos"."ParroquiaSalud" ("idParroquiaSalud", "idParroquia", "idSalud") VALUES (654, 625, 55);
INSERT INTO "residuospeligrosos"."ParroquiaSalud" ("idParroquiaSalud", "idParroquia", "idSalud") VALUES (655, 627, 50);
INSERT INTO "residuospeligrosos"."ParroquiaSalud" ("idParroquiaSalud", "idParroquia", "idSalud") VALUES (656, 627, 106);
INSERT INTO "residuospeligrosos"."ParroquiaSalud" ("idParroquiaSalud", "idParroquia", "idSalud") VALUES (657, 628, 56);
INSERT INTO "residuospeligrosos"."ParroquiaSalud" ("idParroquiaSalud", "idParroquia", "idSalud") VALUES (658, 628, 5);
INSERT INTO "residuospeligrosos"."ParroquiaSalud" ("idParroquiaSalud", "idParroquia", "idSalud") VALUES (659, 631, 52);
INSERT INTO "residuospeligrosos"."ParroquiaSalud" ("idParroquiaSalud", "idParroquia", "idSalud") VALUES (660, 631, 17);
INSERT INTO "residuospeligrosos"."ParroquiaSalud" ("idParroquiaSalud", "idParroquia", "idSalud") VALUES (661, 632, 30);
INSERT INTO "residuospeligrosos"."ParroquiaSalud" ("idParroquiaSalud", "idParroquia", "idSalud") VALUES (662, 632, 27);
INSERT INTO "residuospeligrosos"."ParroquiaSalud" ("idParroquiaSalud", "idParroquia", "idSalud") VALUES (663, 632, 7);
INSERT INTO "residuospeligrosos"."ParroquiaSalud" ("idParroquiaSalud", "idParroquia", "idSalud") VALUES (664, 632, 6);
INSERT INTO "residuospeligrosos"."ParroquiaSalud" ("idParroquiaSalud", "idParroquia", "idSalud") VALUES (665, 636, 24);
INSERT INTO "residuospeligrosos"."ParroquiaSalud" ("idParroquiaSalud", "idParroquia", "idSalud") VALUES (666, 636, 57);
INSERT INTO "residuospeligrosos"."ParroquiaSalud" ("idParroquiaSalud", "idParroquia", "idSalud") VALUES (667, 639, 19);
INSERT INTO "residuospeligrosos"."ParroquiaSalud" ("idParroquiaSalud", "idParroquia", "idSalud") VALUES (668, 639, 75);
INSERT INTO "residuospeligrosos"."ParroquiaSalud" ("idParroquiaSalud", "idParroquia", "idSalud") VALUES (669, 641, 5);
INSERT INTO "residuospeligrosos"."ParroquiaSalud" ("idParroquiaSalud", "idParroquia", "idSalud") VALUES (670, 641, 82);
INSERT INTO "residuospeligrosos"."ParroquiaSalud" ("idParroquiaSalud", "idParroquia", "idSalud") VALUES (671, 645, 62);
INSERT INTO "residuospeligrosos"."ParroquiaSalud" ("idParroquiaSalud", "idParroquia", "idSalud") VALUES (672, 646, 78);
INSERT INTO "residuospeligrosos"."ParroquiaSalud" ("idParroquiaSalud", "idParroquia", "idSalud") VALUES (673, 646, 88);
INSERT INTO "residuospeligrosos"."ParroquiaSalud" ("idParroquiaSalud", "idParroquia", "idSalud") VALUES (674, 646, 92);
INSERT INTO "residuospeligrosos"."ParroquiaSalud" ("idParroquiaSalud", "idParroquia", "idSalud") VALUES (675, 647, 45);
INSERT INTO "residuospeligrosos"."ParroquiaSalud" ("idParroquiaSalud", "idParroquia", "idSalud") VALUES (676, 647, 19);
INSERT INTO "residuospeligrosos"."ParroquiaSalud" ("idParroquiaSalud", "idParroquia", "idSalud") VALUES (677, 647, 35);
INSERT INTO "residuospeligrosos"."ParroquiaSalud" ("idParroquiaSalud", "idParroquia", "idSalud") VALUES (678, 647, 97);
INSERT INTO "residuospeligrosos"."ParroquiaSalud" ("idParroquiaSalud", "idParroquia", "idSalud") VALUES (679, 647, 87);
INSERT INTO "residuospeligrosos"."ParroquiaSalud" ("idParroquiaSalud", "idParroquia", "idSalud") VALUES (680, 647, 7);
INSERT INTO "residuospeligrosos"."ParroquiaSalud" ("idParroquiaSalud", "idParroquia", "idSalud") VALUES (681, 647, 9);
INSERT INTO "residuospeligrosos"."ParroquiaSalud" ("idParroquiaSalud", "idParroquia", "idSalud") VALUES (682, 647, 118);
INSERT INTO "residuospeligrosos"."ParroquiaSalud" ("idParroquiaSalud", "idParroquia", "idSalud") VALUES (683, 647, 8);
INSERT INTO "residuospeligrosos"."ParroquiaSalud" ("idParroquiaSalud", "idParroquia", "idSalud") VALUES (684, 647, 51);
INSERT INTO "residuospeligrosos"."ParroquiaSalud" ("idParroquiaSalud", "idParroquia", "idSalud") VALUES (685, 647, 118);
INSERT INTO "residuospeligrosos"."ParroquiaSalud" ("idParroquiaSalud", "idParroquia", "idSalud") VALUES (686, 647, 102);
INSERT INTO "residuospeligrosos"."ParroquiaSalud" ("idParroquiaSalud", "idParroquia", "idSalud") VALUES (687, 647, 92);
INSERT INTO "residuospeligrosos"."ParroquiaSalud" ("idParroquiaSalud", "idParroquia", "idSalud") VALUES (688, 652, 26);
INSERT INTO "residuospeligrosos"."ParroquiaSalud" ("idParroquiaSalud", "idParroquia", "idSalud") VALUES (689, 652, 65);
INSERT INTO "residuospeligrosos"."ParroquiaSalud" ("idParroquiaSalud", "idParroquia", "idSalud") VALUES (690, 653, 117);
INSERT INTO "residuospeligrosos"."ParroquiaSalud" ("idParroquiaSalud", "idParroquia", "idSalud") VALUES (691, 658, 25);
INSERT INTO "residuospeligrosos"."ParroquiaSalud" ("idParroquiaSalud", "idParroquia", "idSalud") VALUES (692, 658, 112);
INSERT INTO "residuospeligrosos"."ParroquiaSalud" ("idParroquiaSalud", "idParroquia", "idSalud") VALUES (693, 659, 81);
INSERT INTO "residuospeligrosos"."ParroquiaSalud" ("idParroquiaSalud", "idParroquia", "idSalud") VALUES (694, 662, 96);
INSERT INTO "residuospeligrosos"."ParroquiaSalud" ("idParroquiaSalud", "idParroquia", "idSalud") VALUES (695, 662, 55);
INSERT INTO "residuospeligrosos"."ParroquiaSalud" ("idParroquiaSalud", "idParroquia", "idSalud") VALUES (696, 665, 89);
INSERT INTO "residuospeligrosos"."ParroquiaSalud" ("idParroquiaSalud", "idParroquia", "idSalud") VALUES (697, 665, 91);
INSERT INTO "residuospeligrosos"."ParroquiaSalud" ("idParroquiaSalud", "idParroquia", "idSalud") VALUES (698, 665, 75);
INSERT INTO "residuospeligrosos"."ParroquiaSalud" ("idParroquiaSalud", "idParroquia", "idSalud") VALUES (699, 665, 95);
INSERT INTO "residuospeligrosos"."ParroquiaSalud" ("idParroquiaSalud", "idParroquia", "idSalud") VALUES (700, 665, 52);
INSERT INTO "residuospeligrosos"."ParroquiaSalud" ("idParroquiaSalud", "idParroquia", "idSalud") VALUES (701, 665, 105);
INSERT INTO "residuospeligrosos"."ParroquiaSalud" ("idParroquiaSalud", "idParroquia", "idSalud") VALUES (702, 665, 49);
INSERT INTO "residuospeligrosos"."ParroquiaSalud" ("idParroquiaSalud", "idParroquia", "idSalud") VALUES (703, 665, 108);
INSERT INTO "residuospeligrosos"."ParroquiaSalud" ("idParroquiaSalud", "idParroquia", "idSalud") VALUES (704, 665, 93);
INSERT INTO "residuospeligrosos"."ParroquiaSalud" ("idParroquiaSalud", "idParroquia", "idSalud") VALUES (705, 665, 50);
INSERT INTO "residuospeligrosos"."ParroquiaSalud" ("idParroquiaSalud", "idParroquia", "idSalud") VALUES (706, 665, 110);
INSERT INTO "residuospeligrosos"."ParroquiaSalud" ("idParroquiaSalud", "idParroquia", "idSalud") VALUES (707, 665, 71);
INSERT INTO "residuospeligrosos"."ParroquiaSalud" ("idParroquiaSalud", "idParroquia", "idSalud") VALUES (708, 665, 114);
INSERT INTO "residuospeligrosos"."ParroquiaSalud" ("idParroquiaSalud", "idParroquia", "idSalud") VALUES (709, 665, 75);
INSERT INTO "residuospeligrosos"."ParroquiaSalud" ("idParroquiaSalud", "idParroquia", "idSalud") VALUES (710, 665, 98);
INSERT INTO "residuospeligrosos"."ParroquiaSalud" ("idParroquiaSalud", "idParroquia", "idSalud") VALUES (711, 665, 80);
INSERT INTO "residuospeligrosos"."ParroquiaSalud" ("idParroquiaSalud", "idParroquia", "idSalud") VALUES (712, 665, 14);
INSERT INTO "residuospeligrosos"."ParroquiaSalud" ("idParroquiaSalud", "idParroquia", "idSalud") VALUES (713, 665, 45);
INSERT INTO "residuospeligrosos"."ParroquiaSalud" ("idParroquiaSalud", "idParroquia", "idSalud") VALUES (714, 665, 58);
INSERT INTO "residuospeligrosos"."ParroquiaSalud" ("idParroquiaSalud", "idParroquia", "idSalud") VALUES (715, 665, 114);
INSERT INTO "residuospeligrosos"."ParroquiaSalud" ("idParroquiaSalud", "idParroquia", "idSalud") VALUES (716, 665, 39);
INSERT INTO "residuospeligrosos"."ParroquiaSalud" ("idParroquiaSalud", "idParroquia", "idSalud") VALUES (717, 665, 6);
INSERT INTO "residuospeligrosos"."ParroquiaSalud" ("idParroquiaSalud", "idParroquia", "idSalud") VALUES (718, 665, 52);
INSERT INTO "residuospeligrosos"."ParroquiaSalud" ("idParroquiaSalud", "idParroquia", "idSalud") VALUES (719, 665, 31);
INSERT INTO "residuospeligrosos"."ParroquiaSalud" ("idParroquiaSalud", "idParroquia", "idSalud") VALUES (720, 665, 82);
INSERT INTO "residuospeligrosos"."ParroquiaSalud" ("idParroquiaSalud", "idParroquia", "idSalud") VALUES (721, 665, 87);
INSERT INTO "residuospeligrosos"."ParroquiaSalud" ("idParroquiaSalud", "idParroquia", "idSalud") VALUES (722, 665, 61);
INSERT INTO "residuospeligrosos"."ParroquiaSalud" ("idParroquiaSalud", "idParroquia", "idSalud") VALUES (723, 665, 81);
INSERT INTO "residuospeligrosos"."ParroquiaSalud" ("idParroquiaSalud", "idParroquia", "idSalud") VALUES (724, 665, 106);
INSERT INTO "residuospeligrosos"."ParroquiaSalud" ("idParroquiaSalud", "idParroquia", "idSalud") VALUES (725, 665, 22);
INSERT INTO "residuospeligrosos"."ParroquiaSalud" ("idParroquiaSalud", "idParroquia", "idSalud") VALUES (726, 665, 58);
INSERT INTO "residuospeligrosos"."ParroquiaSalud" ("idParroquiaSalud", "idParroquia", "idSalud") VALUES (727, 665, 56);
INSERT INTO "residuospeligrosos"."ParroquiaSalud" ("idParroquiaSalud", "idParroquia", "idSalud") VALUES (728, 665, 5);
INSERT INTO "residuospeligrosos"."ParroquiaSalud" ("idParroquiaSalud", "idParroquia", "idSalud") VALUES (729, 665, 113);
INSERT INTO "residuospeligrosos"."ParroquiaSalud" ("idParroquiaSalud", "idParroquia", "idSalud") VALUES (730, 665, 38);
INSERT INTO "residuospeligrosos"."ParroquiaSalud" ("idParroquiaSalud", "idParroquia", "idSalud") VALUES (731, 665, 32);
INSERT INTO "residuospeligrosos"."ParroquiaSalud" ("idParroquiaSalud", "idParroquia", "idSalud") VALUES (732, 665, 78);
INSERT INTO "residuospeligrosos"."ParroquiaSalud" ("idParroquiaSalud", "idParroquia", "idSalud") VALUES (733, 665, 28);
INSERT INTO "residuospeligrosos"."ParroquiaSalud" ("idParroquiaSalud", "idParroquia", "idSalud") VALUES (734, 665, 25);
INSERT INTO "residuospeligrosos"."ParroquiaSalud" ("idParroquiaSalud", "idParroquia", "idSalud") VALUES (735, 665, 120);
INSERT INTO "residuospeligrosos"."ParroquiaSalud" ("idParroquiaSalud", "idParroquia", "idSalud") VALUES (736, 665, 70);
INSERT INTO "residuospeligrosos"."ParroquiaSalud" ("idParroquiaSalud", "idParroquia", "idSalud") VALUES (737, 665, 108);
INSERT INTO "residuospeligrosos"."ParroquiaSalud" ("idParroquiaSalud", "idParroquia", "idSalud") VALUES (738, 665, 101);
INSERT INTO "residuospeligrosos"."ParroquiaSalud" ("idParroquiaSalud", "idParroquia", "idSalud") VALUES (739, 665, 22);
INSERT INTO "residuospeligrosos"."ParroquiaSalud" ("idParroquiaSalud", "idParroquia", "idSalud") VALUES (740, 665, 8);
INSERT INTO "residuospeligrosos"."ParroquiaSalud" ("idParroquiaSalud", "idParroquia", "idSalud") VALUES (741, 666, 53);
INSERT INTO "residuospeligrosos"."ParroquiaSalud" ("idParroquiaSalud", "idParroquia", "idSalud") VALUES (742, 666, 103);
INSERT INTO "residuospeligrosos"."ParroquiaSalud" ("idParroquiaSalud", "idParroquia", "idSalud") VALUES (743, 666, 66);
INSERT INTO "residuospeligrosos"."ParroquiaSalud" ("idParroquiaSalud", "idParroquia", "idSalud") VALUES (744, 667, 11);
INSERT INTO "residuospeligrosos"."ParroquiaSalud" ("idParroquiaSalud", "idParroquia", "idSalud") VALUES (745, 667, 44);
INSERT INTO "residuospeligrosos"."ParroquiaSalud" ("idParroquiaSalud", "idParroquia", "idSalud") VALUES (746, 667, 52);
INSERT INTO "residuospeligrosos"."ParroquiaSalud" ("idParroquiaSalud", "idParroquia", "idSalud") VALUES (747, 667, 83);
INSERT INTO "residuospeligrosos"."ParroquiaSalud" ("idParroquiaSalud", "idParroquia", "idSalud") VALUES (748, 667, 5);
INSERT INTO "residuospeligrosos"."ParroquiaSalud" ("idParroquiaSalud", "idParroquia", "idSalud") VALUES (749, 667, 80);
INSERT INTO "residuospeligrosos"."ParroquiaSalud" ("idParroquiaSalud", "idParroquia", "idSalud") VALUES (750, 668, 16);
INSERT INTO "residuospeligrosos"."ParroquiaSalud" ("idParroquiaSalud", "idParroquia", "idSalud") VALUES (751, 668, 7);
INSERT INTO "residuospeligrosos"."ParroquiaSalud" ("idParroquiaSalud", "idParroquia", "idSalud") VALUES (752, 669, 93);
INSERT INTO "residuospeligrosos"."ParroquiaSalud" ("idParroquiaSalud", "idParroquia", "idSalud") VALUES (753, 669, 69);
INSERT INTO "residuospeligrosos"."ParroquiaSalud" ("idParroquiaSalud", "idParroquia", "idSalud") VALUES (754, 669, 60);
INSERT INTO "residuospeligrosos"."ParroquiaSalud" ("idParroquiaSalud", "idParroquia", "idSalud") VALUES (755, 669, 55);
INSERT INTO "residuospeligrosos"."ParroquiaSalud" ("idParroquiaSalud", "idParroquia", "idSalud") VALUES (756, 669, 4);
INSERT INTO "residuospeligrosos"."ParroquiaSalud" ("idParroquiaSalud", "idParroquia", "idSalud") VALUES (757, 669, 60);
INSERT INTO "residuospeligrosos"."ParroquiaSalud" ("idParroquiaSalud", "idParroquia", "idSalud") VALUES (758, 669, 36);
INSERT INTO "residuospeligrosos"."ParroquiaSalud" ("idParroquiaSalud", "idParroquia", "idSalud") VALUES (759, 669, 61);
INSERT INTO "residuospeligrosos"."ParroquiaSalud" ("idParroquiaSalud", "idParroquia", "idSalud") VALUES (760, 669, 105);
INSERT INTO "residuospeligrosos"."ParroquiaSalud" ("idParroquiaSalud", "idParroquia", "idSalud") VALUES (761, 669, 116);
INSERT INTO "residuospeligrosos"."ParroquiaSalud" ("idParroquiaSalud", "idParroquia", "idSalud") VALUES (762, 673, 12);
INSERT INTO "residuospeligrosos"."ParroquiaSalud" ("idParroquiaSalud", "idParroquia", "idSalud") VALUES (763, 673, 120);
INSERT INTO "residuospeligrosos"."ParroquiaSalud" ("idParroquiaSalud", "idParroquia", "idSalud") VALUES (764, 674, 84);
INSERT INTO "residuospeligrosos"."ParroquiaSalud" ("idParroquiaSalud", "idParroquia", "idSalud") VALUES (765, 674, 103);
INSERT INTO "residuospeligrosos"."ParroquiaSalud" ("idParroquiaSalud", "idParroquia", "idSalud") VALUES (766, 674, 56);
INSERT INTO "residuospeligrosos"."ParroquiaSalud" ("idParroquiaSalud", "idParroquia", "idSalud") VALUES (767, 674, 68);
INSERT INTO "residuospeligrosos"."ParroquiaSalud" ("idParroquiaSalud", "idParroquia", "idSalud") VALUES (768, 674, 27);
INSERT INTO "residuospeligrosos"."ParroquiaSalud" ("idParroquiaSalud", "idParroquia", "idSalud") VALUES (769, 675, 43);
INSERT INTO "residuospeligrosos"."ParroquiaSalud" ("idParroquiaSalud", "idParroquia", "idSalud") VALUES (770, 676, 114);
INSERT INTO "residuospeligrosos"."ParroquiaSalud" ("idParroquiaSalud", "idParroquia", "idSalud") VALUES (771, 676, 8);
INSERT INTO "residuospeligrosos"."ParroquiaSalud" ("idParroquiaSalud", "idParroquia", "idSalud") VALUES (772, 676, 109);
INSERT INTO "residuospeligrosos"."ParroquiaSalud" ("idParroquiaSalud", "idParroquia", "idSalud") VALUES (773, 676, 48);
INSERT INTO "residuospeligrosos"."ParroquiaSalud" ("idParroquiaSalud", "idParroquia", "idSalud") VALUES (774, 676, 107);
INSERT INTO "residuospeligrosos"."ParroquiaSalud" ("idParroquiaSalud", "idParroquia", "idSalud") VALUES (775, 676, 52);
INSERT INTO "residuospeligrosos"."ParroquiaSalud" ("idParroquiaSalud", "idParroquia", "idSalud") VALUES (776, 676, 68);
INSERT INTO "residuospeligrosos"."ParroquiaSalud" ("idParroquiaSalud", "idParroquia", "idSalud") VALUES (777, 677, 59);
INSERT INTO "residuospeligrosos"."ParroquiaSalud" ("idParroquiaSalud", "idParroquia", "idSalud") VALUES (778, 678, 80);
INSERT INTO "residuospeligrosos"."ParroquiaSalud" ("idParroquiaSalud", "idParroquia", "idSalud") VALUES (779, 678, 40);
INSERT INTO "residuospeligrosos"."ParroquiaSalud" ("idParroquiaSalud", "idParroquia", "idSalud") VALUES (780, 678, 51);
INSERT INTO "residuospeligrosos"."ParroquiaSalud" ("idParroquiaSalud", "idParroquia", "idSalud") VALUES (781, 678, 37);
INSERT INTO "residuospeligrosos"."ParroquiaSalud" ("idParroquiaSalud", "idParroquia", "idSalud") VALUES (782, 678, 16);
INSERT INTO "residuospeligrosos"."ParroquiaSalud" ("idParroquiaSalud", "idParroquia", "idSalud") VALUES (783, 679, 13);
INSERT INTO "residuospeligrosos"."ParroquiaSalud" ("idParroquiaSalud", "idParroquia", "idSalud") VALUES (784, 680, 48);
INSERT INTO "residuospeligrosos"."ParroquiaSalud" ("idParroquiaSalud", "idParroquia", "idSalud") VALUES (785, 684, 70);
INSERT INTO "residuospeligrosos"."ParroquiaSalud" ("idParroquiaSalud", "idParroquia", "idSalud") VALUES (786, 685, 115);
INSERT INTO "residuospeligrosos"."ParroquiaSalud" ("idParroquiaSalud", "idParroquia", "idSalud") VALUES (787, 685, 2);
INSERT INTO "residuospeligrosos"."ParroquiaSalud" ("idParroquiaSalud", "idParroquia", "idSalud") VALUES (788, 687, 112);
INSERT INTO "residuospeligrosos"."ParroquiaSalud" ("idParroquiaSalud", "idParroquia", "idSalud") VALUES (789, 687, 61);
INSERT INTO "residuospeligrosos"."ParroquiaSalud" ("idParroquiaSalud", "idParroquia", "idSalud") VALUES (790, 687, 112);
INSERT INTO "residuospeligrosos"."ParroquiaSalud" ("idParroquiaSalud", "idParroquia", "idSalud") VALUES (791, 687, 91);
INSERT INTO "residuospeligrosos"."ParroquiaSalud" ("idParroquiaSalud", "idParroquia", "idSalud") VALUES (792, 688, 105);
INSERT INTO "residuospeligrosos"."ParroquiaSalud" ("idParroquiaSalud", "idParroquia", "idSalud") VALUES (793, 689, 84);
INSERT INTO "residuospeligrosos"."ParroquiaSalud" ("idParroquiaSalud", "idParroquia", "idSalud") VALUES (794, 689, 33);
INSERT INTO "residuospeligrosos"."ParroquiaSalud" ("idParroquiaSalud", "idParroquia", "idSalud") VALUES (795, 689, 94);
INSERT INTO "residuospeligrosos"."ParroquiaSalud" ("idParroquiaSalud", "idParroquia", "idSalud") VALUES (796, 689, 73);
INSERT INTO "residuospeligrosos"."ParroquiaSalud" ("idParroquiaSalud", "idParroquia", "idSalud") VALUES (797, 690, 95);
INSERT INTO "residuospeligrosos"."ParroquiaSalud" ("idParroquiaSalud", "idParroquia", "idSalud") VALUES (798, 690, 84);
INSERT INTO "residuospeligrosos"."ParroquiaSalud" ("idParroquiaSalud", "idParroquia", "idSalud") VALUES (799, 692, 62);
INSERT INTO "residuospeligrosos"."ParroquiaSalud" ("idParroquiaSalud", "idParroquia", "idSalud") VALUES (800, 692, 76);
INSERT INTO "residuospeligrosos"."ParroquiaSalud" ("idParroquiaSalud", "idParroquia", "idSalud") VALUES (801, 694, 35);
INSERT INTO "residuospeligrosos"."ParroquiaSalud" ("idParroquiaSalud", "idParroquia", "idSalud") VALUES (802, 694, 83);
INSERT INTO "residuospeligrosos"."ParroquiaSalud" ("idParroquiaSalud", "idParroquia", "idSalud") VALUES (803, 696, 81);
INSERT INTO "residuospeligrosos"."ParroquiaSalud" ("idParroquiaSalud", "idParroquia", "idSalud") VALUES (804, 696, 4);
INSERT INTO "residuospeligrosos"."ParroquiaSalud" ("idParroquiaSalud", "idParroquia", "idSalud") VALUES (805, 696, 111);
INSERT INTO "residuospeligrosos"."ParroquiaSalud" ("idParroquiaSalud", "idParroquia", "idSalud") VALUES (806, 696, 29);
INSERT INTO "residuospeligrosos"."ParroquiaSalud" ("idParroquiaSalud", "idParroquia", "idSalud") VALUES (807, 696, 51);
INSERT INTO "residuospeligrosos"."ParroquiaSalud" ("idParroquiaSalud", "idParroquia", "idSalud") VALUES (808, 698, 59);
INSERT INTO "residuospeligrosos"."ParroquiaSalud" ("idParroquiaSalud", "idParroquia", "idSalud") VALUES (809, 698, 101);
INSERT INTO "residuospeligrosos"."ParroquiaSalud" ("idParroquiaSalud", "idParroquia", "idSalud") VALUES (810, 700, 41);
INSERT INTO "residuospeligrosos"."ParroquiaSalud" ("idParroquiaSalud", "idParroquia", "idSalud") VALUES (811, 700, 22);
INSERT INTO "residuospeligrosos"."ParroquiaSalud" ("idParroquiaSalud", "idParroquia", "idSalud") VALUES (812, 703, 23);
INSERT INTO "residuospeligrosos"."ParroquiaSalud" ("idParroquiaSalud", "idParroquia", "idSalud") VALUES (813, 704, 50);
INSERT INTO "residuospeligrosos"."ParroquiaSalud" ("idParroquiaSalud", "idParroquia", "idSalud") VALUES (814, 704, 11);
INSERT INTO "residuospeligrosos"."ParroquiaSalud" ("idParroquiaSalud", "idParroquia", "idSalud") VALUES (815, 708, 48);
INSERT INTO "residuospeligrosos"."ParroquiaSalud" ("idParroquiaSalud", "idParroquia", "idSalud") VALUES (816, 708, 58);
INSERT INTO "residuospeligrosos"."ParroquiaSalud" ("idParroquiaSalud", "idParroquia", "idSalud") VALUES (817, 713, 37);
INSERT INTO "residuospeligrosos"."ParroquiaSalud" ("idParroquiaSalud", "idParroquia", "idSalud") VALUES (818, 713, 87);
INSERT INTO "residuospeligrosos"."ParroquiaSalud" ("idParroquiaSalud", "idParroquia", "idSalud") VALUES (819, 714, 44);
INSERT INTO "residuospeligrosos"."ParroquiaSalud" ("idParroquiaSalud", "idParroquia", "idSalud") VALUES (820, 714, 94);
INSERT INTO "residuospeligrosos"."ParroquiaSalud" ("idParroquiaSalud", "idParroquia", "idSalud") VALUES (821, 714, 31);
INSERT INTO "residuospeligrosos"."ParroquiaSalud" ("idParroquiaSalud", "idParroquia", "idSalud") VALUES (822, 715, 14);
INSERT INTO "residuospeligrosos"."ParroquiaSalud" ("idParroquiaSalud", "idParroquia", "idSalud") VALUES (823, 715, 30);
INSERT INTO "residuospeligrosos"."ParroquiaSalud" ("idParroquiaSalud", "idParroquia", "idSalud") VALUES (824, 716, 12);
INSERT INTO "residuospeligrosos"."ParroquiaSalud" ("idParroquiaSalud", "idParroquia", "idSalud") VALUES (825, 716, 9);
INSERT INTO "residuospeligrosos"."ParroquiaSalud" ("idParroquiaSalud", "idParroquia", "idSalud") VALUES (826, 716, 110);
INSERT INTO "residuospeligrosos"."ParroquiaSalud" ("idParroquiaSalud", "idParroquia", "idSalud") VALUES (827, 721, 85);
INSERT INTO "residuospeligrosos"."ParroquiaSalud" ("idParroquiaSalud", "idParroquia", "idSalud") VALUES (828, 722, 5);
INSERT INTO "residuospeligrosos"."ParroquiaSalud" ("idParroquiaSalud", "idParroquia", "idSalud") VALUES (829, 722, 38);
INSERT INTO "residuospeligrosos"."ParroquiaSalud" ("idParroquiaSalud", "idParroquia", "idSalud") VALUES (830, 724, 32);
INSERT INTO "residuospeligrosos"."ParroquiaSalud" ("idParroquiaSalud", "idParroquia", "idSalud") VALUES (831, 724, 51);
INSERT INTO "residuospeligrosos"."ParroquiaSalud" ("idParroquiaSalud", "idParroquia", "idSalud") VALUES (832, 725, 17);
INSERT INTO "residuospeligrosos"."ParroquiaSalud" ("idParroquiaSalud", "idParroquia", "idSalud") VALUES (833, 725, 103);
INSERT INTO "residuospeligrosos"."ParroquiaSalud" ("idParroquiaSalud", "idParroquia", "idSalud") VALUES (834, 725, 12);
INSERT INTO "residuospeligrosos"."ParroquiaSalud" ("idParroquiaSalud", "idParroquia", "idSalud") VALUES (835, 725, 17);
INSERT INTO "residuospeligrosos"."ParroquiaSalud" ("idParroquiaSalud", "idParroquia", "idSalud") VALUES (836, 725, 88);
INSERT INTO "residuospeligrosos"."ParroquiaSalud" ("idParroquiaSalud", "idParroquia", "idSalud") VALUES (837, 725, 8);
INSERT INTO "residuospeligrosos"."ParroquiaSalud" ("idParroquiaSalud", "idParroquia", "idSalud") VALUES (838, 725, 117);
INSERT INTO "residuospeligrosos"."ParroquiaSalud" ("idParroquiaSalud", "idParroquia", "idSalud") VALUES (839, 726, 91);
INSERT INTO "residuospeligrosos"."ParroquiaSalud" ("idParroquiaSalud", "idParroquia", "idSalud") VALUES (840, 726, 50);
INSERT INTO "residuospeligrosos"."ParroquiaSalud" ("idParroquiaSalud", "idParroquia", "idSalud") VALUES (841, 727, 68);
INSERT INTO "residuospeligrosos"."ParroquiaSalud" ("idParroquiaSalud", "idParroquia", "idSalud") VALUES (842, 727, 10);
INSERT INTO "residuospeligrosos"."ParroquiaSalud" ("idParroquiaSalud", "idParroquia", "idSalud") VALUES (843, 730, 67);
INSERT INTO "residuospeligrosos"."ParroquiaSalud" ("idParroquiaSalud", "idParroquia", "idSalud") VALUES (844, 730, 19);
INSERT INTO "residuospeligrosos"."ParroquiaSalud" ("idParroquiaSalud", "idParroquia", "idSalud") VALUES (845, 730, 29);
INSERT INTO "residuospeligrosos"."ParroquiaSalud" ("idParroquiaSalud", "idParroquia", "idSalud") VALUES (846, 730, 25);
INSERT INTO "residuospeligrosos"."ParroquiaSalud" ("idParroquiaSalud", "idParroquia", "idSalud") VALUES (847, 732, 51);
INSERT INTO "residuospeligrosos"."ParroquiaSalud" ("idParroquiaSalud", "idParroquia", "idSalud") VALUES (848, 732, 94);
INSERT INTO "residuospeligrosos"."ParroquiaSalud" ("idParroquiaSalud", "idParroquia", "idSalud") VALUES (849, 732, 110);
INSERT INTO "residuospeligrosos"."ParroquiaSalud" ("idParroquiaSalud", "idParroquia", "idSalud") VALUES (850, 738, 18);
INSERT INTO "residuospeligrosos"."ParroquiaSalud" ("idParroquiaSalud", "idParroquia", "idSalud") VALUES (851, 738, 66);
INSERT INTO "residuospeligrosos"."ParroquiaSalud" ("idParroquiaSalud", "idParroquia", "idSalud") VALUES (852, 744, 33);
INSERT INTO "residuospeligrosos"."ParroquiaSalud" ("idParroquiaSalud", "idParroquia", "idSalud") VALUES (853, 746, 116);
INSERT INTO "residuospeligrosos"."ParroquiaSalud" ("idParroquiaSalud", "idParroquia", "idSalud") VALUES (854, 746, 33);
INSERT INTO "residuospeligrosos"."ParroquiaSalud" ("idParroquiaSalud", "idParroquia", "idSalud") VALUES (855, 746, 54);
INSERT INTO "residuospeligrosos"."ParroquiaSalud" ("idParroquiaSalud", "idParroquia", "idSalud") VALUES (856, 749, 15);
INSERT INTO "residuospeligrosos"."ParroquiaSalud" ("idParroquiaSalud", "idParroquia", "idSalud") VALUES (857, 749, 70);
INSERT INTO "residuospeligrosos"."ParroquiaSalud" ("idParroquiaSalud", "idParroquia", "idSalud") VALUES (858, 751, 34);
INSERT INTO "residuospeligrosos"."ParroquiaSalud" ("idParroquiaSalud", "idParroquia", "idSalud") VALUES (859, 754, 75);
INSERT INTO "residuospeligrosos"."ParroquiaSalud" ("idParroquiaSalud", "idParroquia", "idSalud") VALUES (860, 761, 73);
INSERT INTO "residuospeligrosos"."ParroquiaSalud" ("idParroquiaSalud", "idParroquia", "idSalud") VALUES (861, 763, 37);
INSERT INTO "residuospeligrosos"."ParroquiaSalud" ("idParroquiaSalud", "idParroquia", "idSalud") VALUES (862, 778, 80);
INSERT INTO "residuospeligrosos"."ParroquiaSalud" ("idParroquiaSalud", "idParroquia", "idSalud") VALUES (863, 779, 8);
INSERT INTO "residuospeligrosos"."ParroquiaSalud" ("idParroquiaSalud", "idParroquia", "idSalud") VALUES (864, 781, 92);
INSERT INTO "residuospeligrosos"."ParroquiaSalud" ("idParroquiaSalud", "idParroquia", "idSalud") VALUES (865, 781, 16);
INSERT INTO "residuospeligrosos"."ParroquiaSalud" ("idParroquiaSalud", "idParroquia", "idSalud") VALUES (866, 784, 11);
INSERT INTO "residuospeligrosos"."ParroquiaSalud" ("idParroquiaSalud", "idParroquia", "idSalud") VALUES (867, 784, 50);
INSERT INTO "residuospeligrosos"."ParroquiaSalud" ("idParroquiaSalud", "idParroquia", "idSalud") VALUES (868, 784, 40);
INSERT INTO "residuospeligrosos"."ParroquiaSalud" ("idParroquiaSalud", "idParroquia", "idSalud") VALUES (869, 784, 92);
INSERT INTO "residuospeligrosos"."ParroquiaSalud" ("idParroquiaSalud", "idParroquia", "idSalud") VALUES (870, 784, 11);
INSERT INTO "residuospeligrosos"."ParroquiaSalud" ("idParroquiaSalud", "idParroquia", "idSalud") VALUES (871, 784, 49);
INSERT INTO "residuospeligrosos"."ParroquiaSalud" ("idParroquiaSalud", "idParroquia", "idSalud") VALUES (872, 785, 117);
INSERT INTO "residuospeligrosos"."ParroquiaSalud" ("idParroquiaSalud", "idParroquia", "idSalud") VALUES (873, 785, 87);
INSERT INTO "residuospeligrosos"."ParroquiaSalud" ("idParroquiaSalud", "idParroquia", "idSalud") VALUES (874, 785, 105);
INSERT INTO "residuospeligrosos"."ParroquiaSalud" ("idParroquiaSalud", "idParroquia", "idSalud") VALUES (875, 785, 83);
INSERT INTO "residuospeligrosos"."ParroquiaSalud" ("idParroquiaSalud", "idParroquia", "idSalud") VALUES (876, 785, 51);
INSERT INTO "residuospeligrosos"."ParroquiaSalud" ("idParroquiaSalud", "idParroquia", "idSalud") VALUES (877, 789, 49);
INSERT INTO "residuospeligrosos"."ParroquiaSalud" ("idParroquiaSalud", "idParroquia", "idSalud") VALUES (878, 789, 67);
INSERT INTO "residuospeligrosos"."ParroquiaSalud" ("idParroquiaSalud", "idParroquia", "idSalud") VALUES (879, 789, 44);
INSERT INTO "residuospeligrosos"."ParroquiaSalud" ("idParroquiaSalud", "idParroquia", "idSalud") VALUES (880, 790, 74);
INSERT INTO "residuospeligrosos"."ParroquiaSalud" ("idParroquiaSalud", "idParroquia", "idSalud") VALUES (881, 790, 30);
INSERT INTO "residuospeligrosos"."ParroquiaSalud" ("idParroquiaSalud", "idParroquia", "idSalud") VALUES (882, 790, 33);
INSERT INTO "residuospeligrosos"."ParroquiaSalud" ("idParroquiaSalud", "idParroquia", "idSalud") VALUES (883, 793, 62);
INSERT INTO "residuospeligrosos"."ParroquiaSalud" ("idParroquiaSalud", "idParroquia", "idSalud") VALUES (884, 794, 26);
INSERT INTO "residuospeligrosos"."ParroquiaSalud" ("idParroquiaSalud", "idParroquia", "idSalud") VALUES (885, 795, 56);
INSERT INTO "residuospeligrosos"."ParroquiaSalud" ("idParroquiaSalud", "idParroquia", "idSalud") VALUES (886, 798, 51);
INSERT INTO "residuospeligrosos"."ParroquiaSalud" ("idParroquiaSalud", "idParroquia", "idSalud") VALUES (887, 800, 108);
INSERT INTO "residuospeligrosos"."ParroquiaSalud" ("idParroquiaSalud", "idParroquia", "idSalud") VALUES (888, 800, 97);
INSERT INTO "residuospeligrosos"."ParroquiaSalud" ("idParroquiaSalud", "idParroquia", "idSalud") VALUES (889, 801, 35);
INSERT INTO "residuospeligrosos"."ParroquiaSalud" ("idParroquiaSalud", "idParroquia", "idSalud") VALUES (890, 802, 52);
INSERT INTO "residuospeligrosos"."ParroquiaSalud" ("idParroquiaSalud", "idParroquia", "idSalud") VALUES (891, 804, 76);
INSERT INTO "residuospeligrosos"."ParroquiaSalud" ("idParroquiaSalud", "idParroquia", "idSalud") VALUES (892, 804, 115);
INSERT INTO "residuospeligrosos"."ParroquiaSalud" ("idParroquiaSalud", "idParroquia", "idSalud") VALUES (893, 804, 43);
INSERT INTO "residuospeligrosos"."ParroquiaSalud" ("idParroquiaSalud", "idParroquia", "idSalud") VALUES (894, 808, 89);
INSERT INTO "residuospeligrosos"."ParroquiaSalud" ("idParroquiaSalud", "idParroquia", "idSalud") VALUES (895, 812, 97);
INSERT INTO "residuospeligrosos"."ParroquiaSalud" ("idParroquiaSalud", "idParroquia", "idSalud") VALUES (896, 812, 3);
INSERT INTO "residuospeligrosos"."ParroquiaSalud" ("idParroquiaSalud", "idParroquia", "idSalud") VALUES (897, 813, 42);
INSERT INTO "residuospeligrosos"."ParroquiaSalud" ("idParroquiaSalud", "idParroquia", "idSalud") VALUES (898, 813, 100);
INSERT INTO "residuospeligrosos"."ParroquiaSalud" ("idParroquiaSalud", "idParroquia", "idSalud") VALUES (899, 813, 110);
INSERT INTO "residuospeligrosos"."ParroquiaSalud" ("idParroquiaSalud", "idParroquia", "idSalud") VALUES (900, 813, 24);
INSERT INTO "residuospeligrosos"."ParroquiaSalud" ("idParroquiaSalud", "idParroquia", "idSalud") VALUES (901, 813, 56);
INSERT INTO "residuospeligrosos"."ParroquiaSalud" ("idParroquiaSalud", "idParroquia", "idSalud") VALUES (902, 813, 57);
INSERT INTO "residuospeligrosos"."ParroquiaSalud" ("idParroquiaSalud", "idParroquia", "idSalud") VALUES (903, 813, 118);
INSERT INTO "residuospeligrosos"."ParroquiaSalud" ("idParroquiaSalud", "idParroquia", "idSalud") VALUES (904, 813, 56);
INSERT INTO "residuospeligrosos"."ParroquiaSalud" ("idParroquiaSalud", "idParroquia", "idSalud") VALUES (905, 813, 93);
INSERT INTO "residuospeligrosos"."ParroquiaSalud" ("idParroquiaSalud", "idParroquia", "idSalud") VALUES (906, 813, 15);
INSERT INTO "residuospeligrosos"."ParroquiaSalud" ("idParroquiaSalud", "idParroquia", "idSalud") VALUES (907, 816, 10);
INSERT INTO "residuospeligrosos"."ParroquiaSalud" ("idParroquiaSalud", "idParroquia", "idSalud") VALUES (908, 819, 5);
INSERT INTO "residuospeligrosos"."ParroquiaSalud" ("idParroquiaSalud", "idParroquia", "idSalud") VALUES (909, 819, 40);
INSERT INTO "residuospeligrosos"."ParroquiaSalud" ("idParroquiaSalud", "idParroquia", "idSalud") VALUES (910, 819, 67);
INSERT INTO "residuospeligrosos"."ParroquiaSalud" ("idParroquiaSalud", "idParroquia", "idSalud") VALUES (911, 824, 63);
INSERT INTO "residuospeligrosos"."ParroquiaSalud" ("idParroquiaSalud", "idParroquia", "idSalud") VALUES (912, 824, 68);
INSERT INTO "residuospeligrosos"."ParroquiaSalud" ("idParroquiaSalud", "idParroquia", "idSalud") VALUES (913, 826, 28);
INSERT INTO "residuospeligrosos"."ParroquiaSalud" ("idParroquiaSalud", "idParroquia", "idSalud") VALUES (914, 826, 63);
INSERT INTO "residuospeligrosos"."ParroquiaSalud" ("idParroquiaSalud", "idParroquia", "idSalud") VALUES (915, 826, 104);
INSERT INTO "residuospeligrosos"."ParroquiaSalud" ("idParroquiaSalud", "idParroquia", "idSalud") VALUES (916, 830, 100);
INSERT INTO "residuospeligrosos"."ParroquiaSalud" ("idParroquiaSalud", "idParroquia", "idSalud") VALUES (917, 830, 35);
INSERT INTO "residuospeligrosos"."ParroquiaSalud" ("idParroquiaSalud", "idParroquia", "idSalud") VALUES (918, 833, 85);
INSERT INTO "residuospeligrosos"."ParroquiaSalud" ("idParroquiaSalud", "idParroquia", "idSalud") VALUES (919, 833, 27);
INSERT INTO "residuospeligrosos"."ParroquiaSalud" ("idParroquiaSalud", "idParroquia", "idSalud") VALUES (920, 834, 53);
INSERT INTO "residuospeligrosos"."ParroquiaSalud" ("idParroquiaSalud", "idParroquia", "idSalud") VALUES (921, 834, 23);
INSERT INTO "residuospeligrosos"."ParroquiaSalud" ("idParroquiaSalud", "idParroquia", "idSalud") VALUES (922, 835, 117);
INSERT INTO "residuospeligrosos"."ParroquiaSalud" ("idParroquiaSalud", "idParroquia", "idSalud") VALUES (923, 835, 95);
INSERT INTO "residuospeligrosos"."ParroquiaSalud" ("idParroquiaSalud", "idParroquia", "idSalud") VALUES (924, 838, 84);
INSERT INTO "residuospeligrosos"."ParroquiaSalud" ("idParroquiaSalud", "idParroquia", "idSalud") VALUES (925, 838, 18);
INSERT INTO "residuospeligrosos"."ParroquiaSalud" ("idParroquiaSalud", "idParroquia", "idSalud") VALUES (926, 838, 85);
INSERT INTO "residuospeligrosos"."ParroquiaSalud" ("idParroquiaSalud", "idParroquia", "idSalud") VALUES (927, 839, 21);
INSERT INTO "residuospeligrosos"."ParroquiaSalud" ("idParroquiaSalud", "idParroquia", "idSalud") VALUES (928, 839, 6);
INSERT INTO "residuospeligrosos"."ParroquiaSalud" ("idParroquiaSalud", "idParroquia", "idSalud") VALUES (929, 855, 78);
INSERT INTO "residuospeligrosos"."ParroquiaSalud" ("idParroquiaSalud", "idParroquia", "idSalud") VALUES (930, 855, 100);
INSERT INTO "residuospeligrosos"."ParroquiaSalud" ("idParroquiaSalud", "idParroquia", "idSalud") VALUES (931, 856, 92);
INSERT INTO "residuospeligrosos"."ParroquiaSalud" ("idParroquiaSalud", "idParroquia", "idSalud") VALUES (932, 858, 61);
INSERT INTO "residuospeligrosos"."ParroquiaSalud" ("idParroquiaSalud", "idParroquia", "idSalud") VALUES (933, 858, 76);
INSERT INTO "residuospeligrosos"."ParroquiaSalud" ("idParroquiaSalud", "idParroquia", "idSalud") VALUES (934, 858, 6);
INSERT INTO "residuospeligrosos"."ParroquiaSalud" ("idParroquiaSalud", "idParroquia", "idSalud") VALUES (935, 858, 18);
INSERT INTO "residuospeligrosos"."ParroquiaSalud" ("idParroquiaSalud", "idParroquia", "idSalud") VALUES (936, 858, 11);
INSERT INTO "residuospeligrosos"."ParroquiaSalud" ("idParroquiaSalud", "idParroquia", "idSalud") VALUES (937, 858, 87);
INSERT INTO "residuospeligrosos"."ParroquiaSalud" ("idParroquiaSalud", "idParroquia", "idSalud") VALUES (938, 860, 57);
INSERT INTO "residuospeligrosos"."ParroquiaSalud" ("idParroquiaSalud", "idParroquia", "idSalud") VALUES (939, 860, 3);
INSERT INTO "residuospeligrosos"."ParroquiaSalud" ("idParroquiaSalud", "idParroquia", "idSalud") VALUES (940, 863, 94);
INSERT INTO "residuospeligrosos"."ParroquiaSalud" ("idParroquiaSalud", "idParroquia", "idSalud") VALUES (941, 863, 47);
INSERT INTO "residuospeligrosos"."ParroquiaSalud" ("idParroquiaSalud", "idParroquia", "idSalud") VALUES (942, 864, 55);
INSERT INTO "residuospeligrosos"."ParroquiaSalud" ("idParroquiaSalud", "idParroquia", "idSalud") VALUES (943, 864, 30);
INSERT INTO "residuospeligrosos"."ParroquiaSalud" ("idParroquiaSalud", "idParroquia", "idSalud") VALUES (944, 864, 120);
INSERT INTO "residuospeligrosos"."ParroquiaSalud" ("idParroquiaSalud", "idParroquia", "idSalud") VALUES (945, 865, 32);
INSERT INTO "residuospeligrosos"."ParroquiaSalud" ("idParroquiaSalud", "idParroquia", "idSalud") VALUES (946, 865, 63);
INSERT INTO "residuospeligrosos"."ParroquiaSalud" ("idParroquiaSalud", "idParroquia", "idSalud") VALUES (947, 866, 98);
INSERT INTO "residuospeligrosos"."ParroquiaSalud" ("idParroquiaSalud", "idParroquia", "idSalud") VALUES (948, 866, 8);
INSERT INTO "residuospeligrosos"."ParroquiaSalud" ("idParroquiaSalud", "idParroquia", "idSalud") VALUES (949, 875, 58);
INSERT INTO "residuospeligrosos"."ParroquiaSalud" ("idParroquiaSalud", "idParroquia", "idSalud") VALUES (950, 876, 47);
INSERT INTO "residuospeligrosos"."ParroquiaSalud" ("idParroquiaSalud", "idParroquia", "idSalud") VALUES (951, 877, 31);
INSERT INTO "residuospeligrosos"."ParroquiaSalud" ("idParroquiaSalud", "idParroquia", "idSalud") VALUES (952, 878, 22);
INSERT INTO "residuospeligrosos"."ParroquiaSalud" ("idParroquiaSalud", "idParroquia", "idSalud") VALUES (953, 878, 67);
INSERT INTO "residuospeligrosos"."ParroquiaSalud" ("idParroquiaSalud", "idParroquia", "idSalud") VALUES (954, 881, 31);
INSERT INTO "residuospeligrosos"."ParroquiaSalud" ("idParroquiaSalud", "idParroquia", "idSalud") VALUES (955, 881, 92);
INSERT INTO "residuospeligrosos"."ParroquiaSalud" ("idParroquiaSalud", "idParroquia", "idSalud") VALUES (956, 882, 64);
INSERT INTO "residuospeligrosos"."ParroquiaSalud" ("idParroquiaSalud", "idParroquia", "idSalud") VALUES (957, 885, 109);
INSERT INTO "residuospeligrosos"."ParroquiaSalud" ("idParroquiaSalud", "idParroquia", "idSalud") VALUES (958, 889, 58);
INSERT INTO "residuospeligrosos"."ParroquiaSalud" ("idParroquiaSalud", "idParroquia", "idSalud") VALUES (959, 890, 117);
INSERT INTO "residuospeligrosos"."ParroquiaSalud" ("idParroquiaSalud", "idParroquia", "idSalud") VALUES (960, 891, 106);
INSERT INTO "residuospeligrosos"."ParroquiaSalud" ("idParroquiaSalud", "idParroquia", "idSalud") VALUES (961, 892, 87);
INSERT INTO "residuospeligrosos"."ParroquiaSalud" ("idParroquiaSalud", "idParroquia", "idSalud") VALUES (962, 892, 73);
INSERT INTO "residuospeligrosos"."ParroquiaSalud" ("idParroquiaSalud", "idParroquia", "idSalud") VALUES (963, 893, 102);
INSERT INTO "residuospeligrosos"."ParroquiaSalud" ("idParroquiaSalud", "idParroquia", "idSalud") VALUES (964, 893, 60);
INSERT INTO "residuospeligrosos"."ParroquiaSalud" ("idParroquiaSalud", "idParroquia", "idSalud") VALUES (965, 894, 79);
INSERT INTO "residuospeligrosos"."ParroquiaSalud" ("idParroquiaSalud", "idParroquia", "idSalud") VALUES (966, 894, 84);
INSERT INTO "residuospeligrosos"."ParroquiaSalud" ("idParroquiaSalud", "idParroquia", "idSalud") VALUES (967, 894, 52);
INSERT INTO "residuospeligrosos"."ParroquiaSalud" ("idParroquiaSalud", "idParroquia", "idSalud") VALUES (968, 894, 102);
INSERT INTO "residuospeligrosos"."ParroquiaSalud" ("idParroquiaSalud", "idParroquia", "idSalud") VALUES (969, 894, 59);
INSERT INTO "residuospeligrosos"."ParroquiaSalud" ("idParroquiaSalud", "idParroquia", "idSalud") VALUES (970, 894, 47);
INSERT INTO "residuospeligrosos"."ParroquiaSalud" ("idParroquiaSalud", "idParroquia", "idSalud") VALUES (971, 896, 56);
INSERT INTO "residuospeligrosos"."ParroquiaSalud" ("idParroquiaSalud", "idParroquia", "idSalud") VALUES (972, 898, 96);
INSERT INTO "residuospeligrosos"."ParroquiaSalud" ("idParroquiaSalud", "idParroquia", "idSalud") VALUES (973, 899, 118);
INSERT INTO "residuospeligrosos"."ParroquiaSalud" ("idParroquiaSalud", "idParroquia", "idSalud") VALUES (974, 900, 78);
INSERT INTO "residuospeligrosos"."ParroquiaSalud" ("idParroquiaSalud", "idParroquia", "idSalud") VALUES (975, 905, 3);
INSERT INTO "residuospeligrosos"."ParroquiaSalud" ("idParroquiaSalud", "idParroquia", "idSalud") VALUES (976, 906, 72);
INSERT INTO "residuospeligrosos"."ParroquiaSalud" ("idParroquiaSalud", "idParroquia", "idSalud") VALUES (977, 908, 27);
INSERT INTO "residuospeligrosos"."ParroquiaSalud" ("idParroquiaSalud", "idParroquia", "idSalud") VALUES (978, 909, 93);
INSERT INTO "residuospeligrosos"."ParroquiaSalud" ("idParroquiaSalud", "idParroquia", "idSalud") VALUES (979, 911, 103);
INSERT INTO "residuospeligrosos"."ParroquiaSalud" ("idParroquiaSalud", "idParroquia", "idSalud") VALUES (980, 927, 56);
INSERT INTO "residuospeligrosos"."ParroquiaSalud" ("idParroquiaSalud", "idParroquia", "idSalud") VALUES (981, 928, 2);
INSERT INTO "residuospeligrosos"."ParroquiaSalud" ("idParroquiaSalud", "idParroquia", "idSalud") VALUES (982, 929, 56);
INSERT INTO "residuospeligrosos"."ParroquiaSalud" ("idParroquiaSalud", "idParroquia", "idSalud") VALUES (983, 929, 47);
INSERT INTO "residuospeligrosos"."ParroquiaSalud" ("idParroquiaSalud", "idParroquia", "idSalud") VALUES (984, 933, 68);
INSERT INTO "residuospeligrosos"."ParroquiaSalud" ("idParroquiaSalud", "idParroquia", "idSalud") VALUES (985, 938, 53);
INSERT INTO "residuospeligrosos"."ParroquiaSalud" ("idParroquiaSalud", "idParroquia", "idSalud") VALUES (986, 943, 109);
INSERT INTO "residuospeligrosos"."ParroquiaSalud" ("idParroquiaSalud", "idParroquia", "idSalud") VALUES (987, 945, 26);
INSERT INTO "residuospeligrosos"."ParroquiaSalud" ("idParroquiaSalud", "idParroquia", "idSalud") VALUES (988, 945, 102);
INSERT INTO "residuospeligrosos"."ParroquiaSalud" ("idParroquiaSalud", "idParroquia", "idSalud") VALUES (989, 946, 12);
INSERT INTO "residuospeligrosos"."ParroquiaSalud" ("idParroquiaSalud", "idParroquia", "idSalud") VALUES (990, 950, 72);
INSERT INTO "residuospeligrosos"."ParroquiaSalud" ("idParroquiaSalud", "idParroquia", "idSalud") VALUES (991, 952, 89);
INSERT INTO "residuospeligrosos"."ParroquiaSalud" ("idParroquiaSalud", "idParroquia", "idSalud") VALUES (992, 953, 85);
INSERT INTO "residuospeligrosos"."ParroquiaSalud" ("idParroquiaSalud", "idParroquia", "idSalud") VALUES (993, 955, 92);
INSERT INTO "residuospeligrosos"."ParroquiaSalud" ("idParroquiaSalud", "idParroquia", "idSalud") VALUES (994, 958, 51);
INSERT INTO "residuospeligrosos"."ParroquiaSalud" ("idParroquiaSalud", "idParroquia", "idSalud") VALUES (995, 963, 79);
INSERT INTO "residuospeligrosos"."ParroquiaSalud" ("idParroquiaSalud", "idParroquia", "idSalud") VALUES (996, 970, 7);
INSERT INTO "residuospeligrosos"."ParroquiaSalud" ("idParroquiaSalud", "idParroquia", "idSalud") VALUES (997, 971, 27);

